{
"type": "FeatureCollection",
"name": "hsr_road_network",
"crs": { "type": "name", "properties": { "name": "urn:ogc:def:crs:OGC:1.3:CRS84" } },
"features": [
{ "type": "Feature", "properties": { "full_id": "w24240670", "osm_id": "24240670", "osm_type": "way", "highway": "unclassified" }, "geometry": { "type": "LineString", "coordinates": [ [ 77.667222023284921, 12.923050233571544 ], [ 77.6669548, 12.9230315 ], [ 77.6662191, 12.923054 ], [ 77.6654568, 12.9230071 ], [ 77.6653963, 12.9230115 ], [ 77.6653306, 12.9230168 ] ] } },
{ "type": "Feature", "properties": { "full_id": "w24307306", "osm_id": "24307306", "osm_type": "way", "highway": "residential" }, "geometry": { "type": "LineString", "coordinates": [ [ 77.6462221, 12.9149091 ], [ 77.6462061, 12.9145237 ], [ 77.6461932, 12.914092 ], [ 77.6461862, 12.9139664 ], [ 77.6461791, 12.913756 ], [ 77.6461701, 12.9133068 ], [ 77.6461668, 12.9132392 ], [ 77.6461539, 12.9129974 ], [ 77.6461499, 12.9129115 ], [ 77.6461347, 12.9127037 ], [ 77.646131, 12.912606 ], [ 77.646099, 12.9121196 ], [ 77.6460944, 12.9120416 ] ] } },
{ "type": "Feature", "properties": { "full_id": "w24307938", "osm_id": "24307938", "osm_type": "way", "highway": "residential" }, "geometry": { "type": "LineString", "coordinates": [ [ 77.6474764, 12.9144623 ], [ 77.6464863, 12.9145074 ], [ 77.6462061, 12.9145237 ] ] } },
{ "type": "Feature", "properties": { "full_id": "w24307939", "osm_id": "24307939", "osm_type": "way", "highway": "residential" }, "geometry": { "type": "LineString", "coordinates": [ [ 77.6461932, 12.914092 ], [ 77.6462736, 12.9140902 ], [ 77.646727, 12.9140803 ], [ 77.6474658, 12.9140642 ], [ 77.6478457, 12.914056 ], [ 77.6481722, 12.9140488 ], [ 77.648528, 12.914041 ], [ 77.6489902, 12.9140309 ] ] } },
{ "type": "Feature", "properties": { "full_id": "w24307941", "osm_id": "24307941", "osm_type": "way", "highway": "tertiary" }, "geometry": { "type": "LineString", "coordinates": [ [ 77.644793, 12.9156481 ], [ 77.6448749, 12.9156429 ], [ 77.6454055, 12.9156546 ], [ 77.6471824, 12.9157227 ], [ 77.6472247, 12.9157239 ], [ 77.6475994, 12.9157342 ], [ 77.6485399, 12.9157601 ], [ 77.6489989, 12.9157728 ], [ 77.6496077, 12.9157895 ], [ 77.6512522, 12.9158348 ], [ 77.6515676, 12.9158447 ], [ 77.6516653, 12.9158486 ], [ 77.6517079, 12.9158503 ] ] } },
{ "type": "Feature", "properties": { "full_id": "w24328466", "osm_id": "24328466", "osm_type": "way", "highway": "residential" }, "geometry": { "type": "LineString", "coordinates": [ [ 77.6644403, 12.9251483 ], [ 77.664967, 12.9251377 ], [ 77.6653115, 12.9251303 ], [ 77.6653402, 12.9251298 ], [ 77.6653992, 12.9251286 ] ] } },
{ "type": "Feature", "properties": { "full_id": "w24328467", "osm_id": "24328467", "osm_type": "way", "highway": "footway" }, "geometry": { "type": "LineString", "coordinates": [ [ 77.6645086, 12.9247202 ], [ 77.664953, 12.9247108 ], [ 77.6652968, 12.9247062 ], [ 77.665328, 12.9247058 ] ] } },
{ "type": "Feature", "properties": { "full_id": "w24328468", "osm_id": "24328468", "osm_type": "way", "highway": "footway" }, "geometry": { "type": "LineString", "coordinates": [ [ 77.6649629, 12.9250699 ], [ 77.664953, 12.9247108 ], [ 77.6649435, 12.924365 ] ] } },
{ "type": "Feature", "properties": { "full_id": "w24328479", "osm_id": "24328479", "osm_type": "way", "highway": "footway" }, "geometry": { "type": "LineString", "coordinates": [ [ 77.6661857, 12.9255459 ], [ 77.6658736, 12.9255478 ], [ 77.6654979, 12.9255502 ], [ 77.665469, 12.9255503 ] ] } },
{ "type": "Feature", "properties": { "full_id": "w24328480", "osm_id": "24328480", "osm_type": "way", "highway": "footway" }, "geometry": { "type": "LineString", "coordinates": [ [ 77.664985, 12.9259645 ], [ 77.6649779, 12.9256085 ], [ 77.6649773, 12.9255614 ], [ 77.6649632, 12.9252069 ] ] } },
{ "type": "Feature", "properties": { "full_id": "w24329147", "osm_id": "24329147", "osm_type": "way", "highway": "footway" }, "geometry": { "type": "LineString", "coordinates": [ [ 77.6653915, 12.9247877 ], [ 77.6654512, 12.9247858 ], [ 77.6654799, 12.9247851 ], [ 77.6656209, 12.9247816 ], [ 77.6658142, 12.9247768 ], [ 77.6659974, 12.9247687 ] ] } },
{ "type": "Feature", "properties": { "full_id": "w24329148", "osm_id": "24329148", "osm_type": "way", "highway": "footway" }, "geometry": { "type": "LineString", "coordinates": [ [ 77.6658316, 12.9251676 ], [ 77.6658142, 12.9247768 ], [ 77.6657959, 12.9243207 ] ] } },
{ "type": "Feature", "properties": { "full_id": "w24329149", "osm_id": "24329149", "osm_type": "way", "highway": "footway" }, "geometry": { "type": "LineString", "coordinates": [ [ 77.6653754, 12.9243278 ], [ 77.6654414, 12.9243267 ], [ 77.6654691, 12.9243262 ], [ 77.6657959, 12.9243207 ], [ 77.6659363, 12.9243183 ] ] } },
{ "type": "Feature", "properties": { "full_id": "w24329152", "osm_id": "24329152", "osm_type": "way", "highway": "footway" }, "geometry": { "type": "LineString", "coordinates": [ [ 77.6658792, 12.9257576 ], [ 77.6658755, 12.9256865 ], [ 77.6658736, 12.9255478 ], [ 77.6658686, 12.9253202 ] ] } },
{ "type": "Feature", "properties": { "full_id": "w24353936", "osm_id": "24353936", "osm_type": "way", "highway": "residential" }, "geometry": { "type": "LineString", "coordinates": [ [ 77.6629056, 12.921278 ], [ 77.662925, 12.9214166 ], [ 77.6629937, 12.921803 ], [ 77.6630406, 12.9221699 ], [ 77.6630384, 12.9223639 ], [ 77.6630432, 12.9225828 ], [ 77.6630505, 12.9226436 ], [ 77.6630208, 12.9228333 ], [ 77.6630294, 12.9229069 ], [ 77.6630348, 12.9230571 ], [ 77.6630553, 12.9230921 ] ] } },
{ "type": "Feature", "properties": { "full_id": "w24480645", "osm_id": "24480645", "osm_type": "way", "highway": "tertiary" }, "geometry": { "type": "LineString", "coordinates": [ [ 77.6518487, 12.9085365 ], [ 77.6517684, 12.9085439 ], [ 77.6517033, 12.908548 ], [ 77.6513787, 12.9085737 ], [ 77.6510339, 12.9086011 ], [ 77.6506703, 12.9086299 ] ] } },
{ "type": "Feature", "properties": { "full_id": "w24480656", "osm_id": "24480656", "osm_type": "way", "highway": "secondary" }, "geometry": { "type": "LineString", "coordinates": [ [ 77.6381877, 12.9144661 ], [ 77.638187, 12.9144489 ], [ 77.6381846, 12.9143896 ], [ 77.6381699, 12.9140305 ], [ 77.638166, 12.9137433 ], [ 77.6381611, 12.9133857 ], [ 77.6381561, 12.9130148 ], [ 77.6381541, 12.9128681 ], [ 77.6381299, 12.9124693 ], [ 77.6381298, 12.9124372 ], [ 77.6381278, 12.9123391 ] ] } },
{ "type": "Feature", "properties": { "full_id": "w24488477", "osm_id": "24488477", "osm_type": "way", "highway": "residential" }, "geometry": { "type": "LineString", "coordinates": [ [ 77.6470669, 12.9078325 ], [ 77.6472446, 12.9089015 ], [ 77.647329, 12.9093454 ] ] } },
{ "type": "Feature", "properties": { "full_id": "w24488580", "osm_id": "24488580", "osm_type": "way", "highway": "residential" }, "geometry": { "type": "LineString", "coordinates": [ [ 77.6490422, 12.9064867 ], [ 77.6484576, 12.9065182 ], [ 77.6479528, 12.9065511 ], [ 77.6468481, 12.9066531 ] ] } },
{ "type": "Feature", "properties": { "full_id": "w24488584", "osm_id": "24488584", "osm_type": "way", "highway": "residential" }, "geometry": { "type": "LineString", "coordinates": [ [ 77.6490277, 12.9061713 ], [ 77.6479783, 12.906246 ], [ 77.6479597, 12.9062514 ], [ 77.6479417, 12.9062641 ], [ 77.6479364, 12.9062821 ], [ 77.6479528, 12.9065511 ] ] } },
{ "type": "Feature", "properties": { "full_id": "w24488891", "osm_id": "24488891", "osm_type": "way", "highway": "residential" }, "geometry": { "type": "LineString", "coordinates": [ [ 77.6422726, 12.9092314 ], [ 77.6422946, 12.9097073 ], [ 77.6423174, 12.9102746 ], [ 77.642321, 12.9104105 ], [ 77.6423418, 12.9113901 ] ] } },
{ "type": "Feature", "properties": { "full_id": "w24488892", "osm_id": "24488892", "osm_type": "way", "highway": "tertiary" }, "geometry": { "type": "LineString", "coordinates": [ [ 77.6413621, 12.9092392 ], [ 77.6413473, 12.9088273 ], [ 77.6413297, 12.9083405 ], [ 77.64131, 12.9078085 ], [ 77.6412833, 12.9069239 ], [ 77.6412578, 12.9063503 ], [ 77.6412495, 12.9061201 ], [ 77.6412448, 12.9059897 ], [ 77.641227, 12.9054993 ] ] } },
{ "type": "Feature", "properties": { "full_id": "w24488999", "osm_id": "24488999", "osm_type": "way", "highway": "residential" }, "geometry": { "type": "LineString", "coordinates": [ [ 77.646131, 12.912606 ], [ 77.6475027, 12.9124284 ], [ 77.6478003, 12.912437 ], [ 77.6481347, 12.9124501 ], [ 77.6485088, 12.912457 ], [ 77.6489953, 12.9124885 ], [ 77.6490321, 12.9124903 ], [ 77.6493933, 12.9125084 ], [ 77.6504364, 12.9125009 ], [ 77.6505533, 12.9125001 ] ] } },
{ "type": "Feature", "properties": { "full_id": "w24489065", "osm_id": "24489065", "osm_type": "way", "highway": "residential" }, "geometry": { "type": "LineString", "coordinates": [ [ 77.6492139, 12.9103395 ], [ 77.6487694, 12.9103545 ], [ 77.6484428, 12.9103655 ], [ 77.6481374, 12.9103758 ], [ 77.6477693, 12.9103883 ] ] } },
{ "type": "Feature", "properties": { "full_id": "w24490731", "osm_id": "24490731", "osm_type": "way", "highway": "residential" }, "geometry": { "type": "LineString", "coordinates": [ [ 77.6426889, 12.9121681 ], [ 77.6426883, 12.9121232 ], [ 77.6426882, 12.9121128 ], [ 77.6426929, 12.9119496 ], [ 77.6426895, 12.9118851 ], [ 77.6426814, 12.9114301 ], [ 77.6426804, 12.9113768 ], [ 77.6426813, 12.9109246 ], [ 77.6426724, 12.910611 ], [ 77.6426632, 12.9102824 ], [ 77.6426469, 12.9099628 ], [ 77.6426089, 12.909212 ] ] } },
{ "type": "Feature", "properties": { "full_id": "w24490732", "osm_id": "24490732", "osm_type": "way", "highway": "residential" }, "geometry": { "type": "LineString", "coordinates": [ [ 77.6443752, 12.9113102 ], [ 77.6439528, 12.9113268 ], [ 77.6426804, 12.9113768 ], [ 77.6423418, 12.9113901 ], [ 77.6420225, 12.9114027 ], [ 77.6416964, 12.9114151 ] ] } },
{ "type": "Feature", "properties": { "full_id": "w24490733", "osm_id": "24490733", "osm_type": "way", "highway": "residential" }, "geometry": { "type": "LineString", "coordinates": [ [ 77.6426813, 12.9109246 ], [ 77.6439523, 12.9108808 ] ] } },
{ "type": "Feature", "properties": { "full_id": "w24490735", "osm_id": "24490735", "osm_type": "way", "highway": "residential" }, "geometry": { "type": "LineString", "coordinates": [ [ 77.6426724, 12.910611 ], [ 77.6439581, 12.9105849 ] ] } },
{ "type": "Feature", "properties": { "full_id": "w24490736", "osm_id": "24490736", "osm_type": "way", "highway": "residential" }, "geometry": { "type": "LineString", "coordinates": [ [ 77.6423174, 12.9102746 ], [ 77.6426632, 12.9102824 ], [ 77.6439595, 12.9102634 ], [ 77.6443358, 12.9102521 ], [ 77.6443885, 12.9102472 ] ] } },
{ "type": "Feature", "properties": { "full_id": "w24490737", "osm_id": "24490737", "osm_type": "way", "highway": "residential" }, "geometry": { "type": "LineString", "coordinates": [ [ 77.6426469, 12.9099628 ], [ 77.6436316, 12.9099356 ], [ 77.6439459, 12.9099355 ] ] } },
{ "type": "Feature", "properties": { "full_id": "w24491006", "osm_id": "24491006", "osm_type": "way", "highway": "residential" }, "geometry": { "type": "LineString", "coordinates": [ [ 77.6439528, 12.9113268 ], [ 77.6439523, 12.9108808 ], [ 77.6439581, 12.9105849 ], [ 77.6439595, 12.9102634 ], [ 77.6439459, 12.9099355 ], [ 77.6439096, 12.9091322 ] ] } },
{ "type": "Feature", "properties": { "full_id": "w24491149", "osm_id": "24491149", "osm_type": "way", "highway": "residential" }, "geometry": { "type": "LineString", "coordinates": [ [ 77.6461701, 12.9133068 ], [ 77.6461261, 12.9133075 ], [ 77.64582, 12.9133127 ], [ 77.6457559, 12.9133138 ], [ 77.6457102, 12.9133146 ], [ 77.6455924, 12.9133166 ], [ 77.6451682, 12.9133237 ], [ 77.6447893, 12.9133504 ], [ 77.6447518, 12.9133532 ], [ 77.6447027, 12.9133573 ], [ 77.6446284, 12.9133627 ] ] } },
{ "type": "Feature", "properties": { "full_id": "w24491153", "osm_id": "24491153", "osm_type": "way", "highway": "residential" }, "geometry": { "type": "LineString", "coordinates": [ [ 77.6491762, 12.917292 ], [ 77.6487391, 12.9172787 ], [ 77.6483956, 12.9172682 ], [ 77.6480649, 12.9172582 ], [ 77.6477204, 12.9172477 ], [ 77.6471266, 12.9172297 ], [ 77.6469951, 12.9172257 ], [ 77.6466214, 12.9172143 ], [ 77.6462782, 12.9172038 ], [ 77.6459474, 12.9171938 ], [ 77.6454776, 12.9171746 ], [ 77.6449876, 12.9171771 ], [ 77.6449381, 12.9171774 ], [ 77.6448585, 12.9171778 ] ] } },
{ "type": "Feature", "properties": { "full_id": "w24491470", "osm_id": "24491470", "osm_type": "way", "highway": "residential" }, "geometry": { "type": "LineString", "coordinates": [ [ 77.6454813, 12.919575 ], [ 77.6454993, 12.9200551 ], [ 77.6454991, 12.9203235 ], [ 77.6454985, 12.9209144 ], [ 77.6455274, 12.9212464 ], [ 77.645565, 12.9218116 ] ] } },
{ "type": "Feature", "properties": { "full_id": "w24491471", "osm_id": "24491471", "osm_type": "way", "highway": "residential" }, "geometry": { "type": "LineString", "coordinates": [ [ 77.6470906, 12.9187741 ], [ 77.6473591, 12.9187335 ], [ 77.6476972, 12.9186824 ], [ 77.648065, 12.9186712 ], [ 77.6484021, 12.918621 ], [ 77.6487667, 12.9185608 ] ] } },
{ "type": "Feature", "properties": { "full_id": "w24491475", "osm_id": "24491475", "osm_type": "way", "highway": "residential" }, "geometry": { "type": "LineString", "coordinates": [ [ 77.6470883, 12.9184118 ], [ 77.6466889, 12.9184356 ], [ 77.6463486, 12.9184559 ], [ 77.6459905, 12.9184773 ], [ 77.6455277, 12.9185048 ] ] } },
{ "type": "Feature", "properties": { "full_id": "w24491751", "osm_id": "24491751", "osm_type": "way", "highway": "residential" }, "geometry": { "type": "LineString", "coordinates": [ [ 77.6487391, 12.9172787 ], [ 77.6487287, 12.9179235 ], [ 77.6487667, 12.9185608 ] ] } },
{ "type": "Feature", "properties": { "full_id": "w24491754", "osm_id": "24491754", "osm_type": "way", "highway": "residential" }, "geometry": { "type": "LineString", "coordinates": [ [ 77.6496077, 12.9157895 ], [ 77.6496388, 12.9162944 ], [ 77.6496775, 12.9166352 ], [ 77.6497281, 12.91698 ], [ 77.6497519, 12.9172829 ], [ 77.649789, 12.9183335 ], [ 77.6498025, 12.9186547 ] ] } },
{ "type": "Feature", "properties": { "full_id": "w24491755", "osm_id": "24491755", "osm_type": "way", "highway": "residential" }, "geometry": { "type": "LineString", "coordinates": [ [ 77.650068, 12.9172867 ], [ 77.6500894, 12.9180072 ] ] } },
{ "type": "Feature", "properties": { "full_id": "w24491757", "osm_id": "24491757", "osm_type": "way", "highway": "residential" }, "geometry": { "type": "LineString", "coordinates": [ [ 77.6511952, 12.917317 ], [ 77.6511804, 12.9180332 ], [ 77.6511793, 12.9183584 ], [ 77.6511741, 12.9186624 ], [ 77.6511675, 12.9190163 ] ] } },
{ "type": "Feature", "properties": { "full_id": "w24491758", "osm_id": "24491758", "osm_type": "way", "highway": "residential" }, "geometry": { "type": "LineString", "coordinates": [ [ 77.6511793, 12.9183584 ], [ 77.6504156, 12.9183335 ], [ 77.6500867, 12.9183335 ], [ 77.649789, 12.9183335 ] ] } },
{ "type": "Feature", "properties": { "full_id": "w24491759", "osm_id": "24491759", "osm_type": "way", "highway": "residential" }, "geometry": { "type": "LineString", "coordinates": [ [ 77.6511741, 12.9186624 ], [ 77.6504328, 12.9186728 ], [ 77.6498025, 12.9186547 ], [ 77.6492554, 12.9186942 ] ] } },
{ "type": "Feature", "properties": { "full_id": "w24492033", "osm_id": "24492033", "osm_type": "way", "highway": "residential" }, "geometry": { "type": "LineString", "coordinates": [ [ 77.6466606, 12.9233911 ], [ 77.6468724, 12.9229309 ], [ 77.6469505, 12.9228026 ], [ 77.6470421, 12.9226282 ], [ 77.6471364, 12.9224589 ], [ 77.647268, 12.9214322 ], [ 77.647278, 12.9213541 ], [ 77.6472934, 12.9212187 ], [ 77.6473142, 12.9210364 ], [ 77.6474063, 12.9210077 ], [ 77.6472629, 12.9199334 ], [ 77.6471863, 12.9194627 ], [ 77.6471103, 12.9189173 ], [ 77.6470906, 12.9187741 ], [ 77.6470883, 12.9184118 ], [ 77.6471266, 12.9172297 ], [ 77.6471683, 12.9167995 ], [ 77.6471692, 12.9161439 ], [ 77.6471824, 12.9157227 ], [ 77.6471871, 12.9152531 ], [ 77.6471907, 12.9149374 ] ] } },
{ "type": "Feature", "properties": { "full_id": "w24492154", "osm_id": "24492154", "osm_type": "way", "highway": "residential" }, "geometry": { "type": "LineString", "coordinates": [ [ 77.6479989, 12.9193924 ], [ 77.6479903, 12.91908 ], [ 77.6492598, 12.918953 ], [ 77.6511675, 12.9190163 ], [ 77.6515749, 12.9190271 ], [ 77.6516519, 12.9190278 ] ] } },
{ "type": "Feature", "properties": { "full_id": "w24492262", "osm_id": "24492262", "osm_type": "way", "highway": "residential" }, "geometry": { "type": "LineString", "coordinates": [ [ 77.6511804, 12.9180332 ], [ 77.6500894, 12.9180072 ] ] } },
{ "type": "Feature", "properties": { "full_id": "w24492557", "osm_id": "24492557", "osm_type": "way", "highway": "residential" }, "geometry": { "type": "LineString", "coordinates": [ [ 77.6616849, 12.9216797 ], [ 77.6617795, 12.9220155 ], [ 77.661808, 12.9221168 ], [ 77.6618185, 12.9222077 ], [ 77.661829, 12.9222986 ] ] } },
{ "type": "Feature", "properties": { "full_id": "w27554559", "osm_id": "27554559", "osm_type": "way", "highway": "residential" }, "geometry": { "type": "LineString", "coordinates": [ [ 77.6654145, 12.9260116 ], [ 77.665356, 12.926013 ], [ 77.6653275, 12.9260136 ], [ 77.6649833, 12.9260219 ], [ 77.664878, 12.9260244 ], [ 77.6644541, 12.9260383 ] ] } },
{ "type": "Feature", "properties": { "full_id": "w27554565", "osm_id": "27554565", "osm_type": "way", "highway": "residential" }, "geometry": { "type": "LineString", "coordinates": [ [ 77.665186, 12.9268836 ], [ 77.6649042, 12.9268551 ], [ 77.6645482, 12.9268222 ], [ 77.6644847, 12.9267774 ], [ 77.664452, 12.9264083 ], [ 77.6644541, 12.9260383 ], [ 77.6644644, 12.9256723 ], [ 77.6644928, 12.9255726 ], [ 77.6644778, 12.9254841 ], [ 77.6644725, 12.9254214 ], [ 77.6644403, 12.9251483 ] ] } },
{ "type": "Feature", "properties": { "full_id": "w27554869", "osm_id": "27554869", "osm_type": "way", "highway": "footway" }, "geometry": { "type": "LineString", "coordinates": [ [ 77.6654314, 12.9263981 ], [ 77.6653642, 12.9263988 ], [ 77.6653411, 12.9263991 ], [ 77.6648841, 12.9264037 ], [ 77.6645555, 12.9264055 ] ] } },
{ "type": "Feature", "properties": { "full_id": "w27554875", "osm_id": "27554875", "osm_type": "way", "highway": "footway" }, "geometry": { "type": "LineString", "coordinates": [ [ 77.6648847, 12.9260888 ], [ 77.6648841, 12.9264037 ], [ 77.6649011, 12.9267947 ] ] } },
{ "type": "Feature", "properties": { "full_id": "w27555707", "osm_id": "27555707", "osm_type": "way", "highway": "trunk" }, "geometry": { "type": "LineString", "coordinates": [ [ 77.622741293909158, 12.91734702702103 ], [ 77.622782064733585, 12.917359883479701 ] ] } },
{ "type": "Feature", "properties": { "full_id": "w27934487", "osm_id": "27934487", "osm_type": "way", "highway": "residential" }, "geometry": { "type": "LineString", "coordinates": [ [ 77.6368946, 12.915677 ], [ 77.6368786, 12.9151811 ], [ 77.6368532, 12.9144336 ], [ 77.6368417, 12.9140958 ], [ 77.6368393, 12.9140238 ], [ 77.6368306, 12.9137675 ], [ 77.6368187, 12.9134165 ], [ 77.6368069, 12.9130689 ], [ 77.636805, 12.9130141 ], [ 77.6367854, 12.9124364 ], [ 77.6367826, 12.912354 ] ] } },
{ "type": "Feature", "properties": { "full_id": "w27934493", "osm_id": "27934493", "osm_type": "way", "highway": "residential" }, "geometry": { "type": "LineString", "coordinates": [ [ 77.636324, 12.915224 ], [ 77.6362682, 12.9140691 ], [ 77.6361941, 12.9125383 ], [ 77.63619, 12.9124502 ], [ 77.636186, 12.91237 ] ] } },
{ "type": "Feature", "properties": { "full_id": "w27934512", "osm_id": "27934512", "osm_type": "way", "highway": "residential" }, "geometry": { "type": "LineString", "coordinates": [ [ 77.6358679, 12.915268 ], [ 77.6358145, 12.9140872 ], [ 77.6357816, 12.9124596 ], [ 77.63578, 12.9123808 ] ] } },
{ "type": "Feature", "properties": { "full_id": "w27934516", "osm_id": "27934516", "osm_type": "way", "highway": "residential" }, "geometry": { "type": "LineString", "coordinates": [ [ 77.6368393, 12.9140238 ], [ 77.6362682, 12.9140691 ], [ 77.6358145, 12.9140872 ], [ 77.6353948, 12.9141024 ], [ 77.6353143, 12.9141071 ] ] } },
{ "type": "Feature", "properties": { "full_id": "w27934525", "osm_id": "27934525", "osm_type": "way", "highway": "residential" }, "geometry": { "type": "LineString", "coordinates": [ [ 77.6334544, 12.9160375 ], [ 77.6334475, 12.9154757 ], [ 77.6334539, 12.9145553 ], [ 77.6334406, 12.9140756 ], [ 77.6334526, 12.91349 ] ] } },
{ "type": "Feature", "properties": { "full_id": "w27934540", "osm_id": "27934540", "osm_type": "way", "highway": "residential" }, "geometry": { "type": "LineString", "coordinates": [ [ 77.6353261, 12.9144758 ], [ 77.6352429, 12.9144798 ], [ 77.6339113, 12.914547 ], [ 77.6334539, 12.9145553 ], [ 77.6329882, 12.9145629 ], [ 77.6324446, 12.9145768 ], [ 77.6323911, 12.914578 ] ] } },
{ "type": "Feature", "properties": { "full_id": "w27934724", "osm_id": "27934724", "osm_type": "way", "highway": "residential" }, "geometry": { "type": "LineString", "coordinates": [ [ 77.6353078, 12.9140169 ], [ 77.6352202, 12.9140195 ], [ 77.6344029, 12.9140459 ], [ 77.6334406, 12.9140756 ] ] } },
{ "type": "Feature", "properties": { "full_id": "w27934730", "osm_id": "27934730", "osm_type": "way", "highway": "residential" }, "geometry": { "type": "LineString", "coordinates": [ [ 77.635282, 12.9134484 ], [ 77.635198, 12.9134506 ], [ 77.634063, 12.9134955 ], [ 77.6334526, 12.91349 ], [ 77.6330063, 12.91349 ], [ 77.6324808, 12.9134998 ], [ 77.6324246, 12.9135002 ] ] } },
{ "type": "Feature", "properties": { "full_id": "w27934738", "osm_id": "27934738", "osm_type": "way", "highway": "residential" }, "geometry": { "type": "LineString", "coordinates": [ [ 77.6352595, 12.9130036 ], [ 77.6351807, 12.9130069 ], [ 77.6340603, 12.9130643 ], [ 77.6324965, 12.9130602 ], [ 77.6324404, 12.9130593 ] ] } },
{ "type": "Feature", "properties": { "full_id": "w27934854", "osm_id": "27934854", "osm_type": "way", "highway": "tertiary" }, "geometry": { "type": "LineString", "coordinates": [ [ 77.6323629, 12.9137805 ], [ 77.6322857, 12.9137829 ], [ 77.6317285, 12.9138246 ], [ 77.6304757, 12.9139345 ], [ 77.6297789, 12.9139913 ], [ 77.6292168, 12.914029 ], [ 77.6286535, 12.9140523 ], [ 77.6286239, 12.9140513 ], [ 77.628592, 12.914051 ], [ 77.6279751, 12.9140978 ], [ 77.627554, 12.9141173 ], [ 77.6272759, 12.9141389 ], [ 77.6269691, 12.9141678 ] ] } },
{ "type": "Feature", "properties": { "full_id": "w27934861", "osm_id": "27934861", "osm_type": "way", "highway": "residential" }, "geometry": { "type": "LineString", "coordinates": [ [ 77.6242671, 12.9171824 ], [ 77.6246847, 12.9165221 ], [ 77.6248265, 12.9162982 ], [ 77.6248442, 12.9162702 ], [ 77.6249126, 12.9161622 ], [ 77.6256911, 12.914985 ], [ 77.6257221, 12.9149381 ], [ 77.6258106, 12.9148042 ], [ 77.6262246, 12.9141783 ], [ 77.6263477, 12.9140012 ] ] } },
{ "type": "Feature", "properties": { "full_id": "w27934864", "osm_id": "27934864", "osm_type": "way", "highway": "residential" }, "geometry": { "type": "LineString", "coordinates": [ [ 77.6262246, 12.9141783 ], [ 77.6267505, 12.914509 ] ] } },
{ "type": "Feature", "properties": { "full_id": "w27934930", "osm_id": "27934930", "osm_type": "way", "highway": "residential" }, "geometry": { "type": "LineString", "coordinates": [ [ 77.6249126, 12.9161622 ], [ 77.625469, 12.9165111 ] ] } },
{ "type": "Feature", "properties": { "full_id": "w27934960", "osm_id": "27934960", "osm_type": "way", "highway": "residential" }, "geometry": { "type": "LineString", "coordinates": [ [ 77.6261679, 12.9170632 ], [ 77.6263805, 12.9165947 ], [ 77.6267886, 12.9159809 ], [ 77.627176, 12.9153907 ], [ 77.6279939, 12.9141935 ] ] } },
{ "type": "Feature", "properties": { "full_id": "w27934968", "osm_id": "27934968", "osm_type": "way", "highway": "residential" }, "geometry": { "type": "LineString", "coordinates": [ [ 77.6264616, 12.9169816 ], [ 77.6268151, 12.91645 ], [ 77.6270328, 12.9161225 ], [ 77.627281, 12.9157491 ], [ 77.6274158, 12.9155462 ], [ 77.6275826, 12.9152955 ], [ 77.6277999, 12.9149703 ], [ 77.6280676, 12.9145698 ] ] } },
{ "type": "Feature", "properties": { "full_id": "w27934975", "osm_id": "27934975", "osm_type": "way", "highway": "residential" }, "geometry": { "type": "LineString", "coordinates": [ [ 77.6274158, 12.9155462 ], [ 77.627176, 12.9153907 ], [ 77.6268673, 12.9151999 ], [ 77.626482, 12.9149618 ] ] } },
{ "type": "Feature", "properties": { "full_id": "w27934983", "osm_id": "27934983", "osm_type": "way", "highway": "residential" }, "geometry": { "type": "LineString", "coordinates": [ [ 77.6252775, 12.9167763 ], [ 77.6258808, 12.9166892 ], [ 77.6263805, 12.9165947 ] ] } },
{ "type": "Feature", "properties": { "full_id": "w27934989", "osm_id": "27934989", "osm_type": "way", "highway": "residential" }, "geometry": { "type": "LineString", "coordinates": [ [ 77.6258808, 12.9166892 ], [ 77.6268673, 12.9151999 ] ] } },
{ "type": "Feature", "properties": { "full_id": "w27935002", "osm_id": "27935002", "osm_type": "way", "highway": "residential" }, "geometry": { "type": "LineString", "coordinates": [ [ 77.6267886, 12.9159809 ], [ 77.6270328, 12.9161225 ], [ 77.6278218, 12.9165888 ] ] } },
{ "type": "Feature", "properties": { "full_id": "w27935014", "osm_id": "27935014", "osm_type": "way", "highway": "residential" }, "geometry": { "type": "LineString", "coordinates": [ [ 77.6268151, 12.91645 ], [ 77.6272497, 12.9167596 ] ] } },
{ "type": "Feature", "properties": { "full_id": "w27935033", "osm_id": "27935033", "osm_type": "way", "highway": "residential" }, "geometry": { "type": "LineString", "coordinates": [ [ 77.627281, 12.9157491 ], [ 77.6279425, 12.9161524 ], [ 77.6282458, 12.9161026 ] ] } },
{ "type": "Feature", "properties": { "full_id": "w27935040", "osm_id": "27935040", "osm_type": "way", "highway": "residential" }, "geometry": { "type": "LineString", "coordinates": [ [ 77.6288648, 12.9163831 ], [ 77.6287838, 12.9155081 ], [ 77.628659, 12.9141184 ], [ 77.6286535, 12.9140523 ] ] } },
{ "type": "Feature", "properties": { "full_id": "w27935091", "osm_id": "27935091", "osm_type": "way", "highway": "residential" }, "geometry": { "type": "LineString", "coordinates": [ [ 77.632965, 12.9160778 ], [ 77.6329882, 12.9145629 ], [ 77.6330063, 12.91349 ] ] } },
{ "type": "Feature", "properties": { "full_id": "w27935096", "osm_id": "27935096", "osm_type": "way", "highway": "residential" }, "geometry": { "type": "LineString", "coordinates": [ [ 77.6338908, 12.9154519 ], [ 77.6339021, 12.9150032 ], [ 77.6339113, 12.914547 ] ] } },
{ "type": "Feature", "properties": { "full_id": "w27935104", "osm_id": "27935104", "osm_type": "way", "highway": "residential" }, "geometry": { "type": "LineString", "coordinates": [ [ 77.6339021, 12.9150032 ], [ 77.6345475, 12.9149563 ], [ 77.6352641, 12.9149057 ], [ 77.6353405, 12.9148994 ] ] } },
{ "type": "Feature", "properties": { "full_id": "w27935136", "osm_id": "27935136", "osm_type": "way", "highway": "residential" }, "geometry": { "type": "LineString", "coordinates": [ [ 77.6309261, 12.9133923 ], [ 77.6309252, 12.9133385 ], [ 77.63092, 12.9129833 ], [ 77.6309108, 12.912602 ], [ 77.6309131, 12.9125655 ], [ 77.6309457, 12.9121865 ], [ 77.632332, 12.9125792 ], [ 77.6324138, 12.9125944 ] ] } },
{ "type": "Feature", "properties": { "full_id": "w27935140", "osm_id": "27935140", "osm_type": "way", "highway": "residential" }, "geometry": { "type": "LineString", "coordinates": [ [ 77.6304757, 12.9139345 ], [ 77.6304681, 12.9138333 ], [ 77.6304685, 12.9134821 ], [ 77.6304686, 12.91344 ], [ 77.6304694, 12.9129903 ], [ 77.6304702, 12.912571 ] ] } },
{ "type": "Feature", "properties": { "full_id": "w27935151", "osm_id": "27935151", "osm_type": "way", "highway": "residential" }, "geometry": { "type": "LineString", "coordinates": [ [ 77.6319508, 12.9133021 ], [ 77.6319502, 12.9132505 ], [ 77.6319466, 12.9128979 ], [ 77.6318997, 12.9128681 ], [ 77.6318424, 12.9128644 ], [ 77.6309556, 12.9126137 ], [ 77.6309108, 12.912602 ], [ 77.6308626, 12.9125986 ], [ 77.6304702, 12.912571 ], [ 77.6304185, 12.9125735 ], [ 77.6303286, 12.9125779 ], [ 77.6298733, 12.9125995 ], [ 77.6292477, 12.9126346 ], [ 77.6286746, 12.9126813 ] ] } },
{ "type": "Feature", "properties": { "full_id": "w27935203", "osm_id": "27935203", "osm_type": "way", "highway": "residential" }, "geometry": { "type": "LineString", "coordinates": [ [ 77.6304694, 12.9129903 ], [ 77.6304178, 12.9129937 ], [ 77.6286145, 12.9131122 ], [ 77.6285681, 12.9131152 ] ] } },
{ "type": "Feature", "properties": { "full_id": "w27935252", "osm_id": "27935252", "osm_type": "way", "highway": "residential" }, "geometry": { "type": "LineString", "coordinates": [ [ 77.628592, 12.914051 ], [ 77.6285887, 12.9139636 ], [ 77.6285751, 12.9135605 ], [ 77.6285729, 12.9134544 ], [ 77.6285681, 12.9131152 ], [ 77.6285687, 12.9130768 ], [ 77.6285704, 12.912957 ], [ 77.6285958, 12.9127995 ], [ 77.6286167, 12.9127328 ], [ 77.6286746, 12.9126813 ] ] } },
{ "type": "Feature", "properties": { "full_id": "w27935324", "osm_id": "27935324", "osm_type": "way", "highway": "residential" }, "geometry": { "type": "LineString", "coordinates": [ [ 77.6351364, 12.9102511 ], [ 77.6346447, 12.9102801 ], [ 77.6343109, 12.9103109 ], [ 77.6339732, 12.910364 ], [ 77.6330202, 12.9104699 ], [ 77.6324653, 12.9104866 ] ] } },
{ "type": "Feature", "properties": { "full_id": "w27935326", "osm_id": "27935326", "osm_type": "way", "highway": "residential" }, "geometry": { "type": "LineString", "coordinates": [ [ 77.6329377, 12.9124492 ], [ 77.6329416, 12.9123568 ], [ 77.6329626, 12.9118516 ], [ 77.6329821, 12.9113832 ], [ 77.6330067, 12.9107941 ], [ 77.6330202, 12.9104699 ] ] } },
{ "type": "Feature", "properties": { "full_id": "w27935333", "osm_id": "27935333", "osm_type": "way", "highway": "residential" }, "geometry": { "type": "LineString", "coordinates": [ [ 77.6380011, 12.9117279 ], [ 77.6375744, 12.9117385 ], [ 77.6372522, 12.911746 ], [ 77.635985, 12.9117781 ], [ 77.6356585, 12.9117862 ], [ 77.6352088, 12.9117974 ] ] } },
{ "type": "Feature", "properties": { "full_id": "w27935349", "osm_id": "27935349", "osm_type": "way", "highway": "residential" }, "geometry": { "type": "LineString", "coordinates": [ [ 77.641843, 12.9172868 ], [ 77.6417315, 12.9156805 ] ] } },
{ "type": "Feature", "properties": { "full_id": "w27935355", "osm_id": "27935355", "osm_type": "way", "highway": "residential" }, "geometry": { "type": "LineString", "coordinates": [ [ 77.642425, 12.9172606 ], [ 77.642376, 12.9162936 ], [ 77.6423402, 12.9155884 ] ] } },
{ "type": "Feature", "properties": { "full_id": "w27935360", "osm_id": "27935360", "osm_type": "way", "highway": "residential" }, "geometry": { "type": "LineString", "coordinates": [ [ 77.6443389, 12.9187354 ], [ 77.644315, 12.9182936 ], [ 77.6442672, 12.917202 ] ] } },
{ "type": "Feature", "properties": { "full_id": "w27935361", "osm_id": "27935361", "osm_type": "way", "highway": "residential" }, "geometry": { "type": "LineString", "coordinates": [ [ 77.6438266, 12.9183023 ], [ 77.6437822, 12.9172112 ] ] } },
{ "type": "Feature", "properties": { "full_id": "w27935375", "osm_id": "27935375", "osm_type": "way", "highway": "residential" }, "geometry": { "type": "LineString", "coordinates": [ [ 77.6434806, 12.9183447 ], [ 77.6434286, 12.9172298 ] ] } },
{ "type": "Feature", "properties": { "full_id": "w27935383", "osm_id": "27935383", "osm_type": "way", "highway": "residential" }, "geometry": { "type": "LineString", "coordinates": [ [ 77.6422507, 12.9154271 ], [ 77.6422253, 12.9149274 ], [ 77.6422016, 12.9144788 ], [ 77.6421684, 12.914058 ], [ 77.6421661, 12.9140304 ], [ 77.6421606, 12.913964 ] ] } },
{ "type": "Feature", "properties": { "full_id": "w27935419", "osm_id": "27935419", "osm_type": "way", "highway": "residential" }, "geometry": { "type": "LineString", "coordinates": [ [ 77.6416485, 12.9155649 ], [ 77.6416458, 12.9155169 ], [ 77.6416186, 12.9150203 ], [ 77.6415711, 12.9141589 ], [ 77.6415678, 12.9140993 ], [ 77.641564, 12.9140295 ], [ 77.6414959, 12.9127933 ] ] } },
{ "type": "Feature", "properties": { "full_id": "w27935420", "osm_id": "27935420", "osm_type": "way", "highway": "residential" }, "geometry": { "type": "LineString", "coordinates": [ [ 77.6420695, 12.9127829 ], [ 77.6414959, 12.9127933 ], [ 77.64104, 12.9128034 ], [ 77.6399111, 12.9128272 ], [ 77.6393506, 12.9128411 ], [ 77.6386881, 12.9128576 ], [ 77.638201, 12.9128637 ], [ 77.6381541, 12.9128681 ] ] } },
{ "type": "Feature", "properties": { "full_id": "w27935425", "osm_id": "27935425", "osm_type": "way", "highway": "residential" }, "geometry": { "type": "LineString", "coordinates": [ [ 77.6431278, 12.9138082 ], [ 77.6431285, 12.9137386 ], [ 77.6431339, 12.9132389 ], [ 77.643132, 12.9127402 ] ] } },
{ "type": "Feature", "properties": { "full_id": "w27935429", "osm_id": "27935429", "osm_type": "way", "highway": "residential" }, "geometry": { "type": "LineString", "coordinates": [ [ 77.6431339, 12.9132389 ], [ 77.6421176, 12.913265 ] ] } },
{ "type": "Feature", "properties": { "full_id": "w27935432", "osm_id": "27935432", "osm_type": "way", "highway": "residential" }, "geometry": { "type": "LineString", "coordinates": [ [ 77.6441155, 12.9136585 ], [ 77.6441142, 12.9136066 ], [ 77.6440922, 12.9127099 ] ] } },
{ "type": "Feature", "properties": { "full_id": "w27935435", "osm_id": "27935435", "osm_type": "way", "highway": "residential" }, "geometry": { "type": "LineString", "coordinates": [ [ 77.6436744, 12.9137272 ], [ 77.6436728, 12.9136589 ], [ 77.6436507, 12.9127238 ] ] } },
{ "type": "Feature", "properties": { "full_id": "w27935443", "osm_id": "27935443", "osm_type": "way", "highway": "residential" }, "geometry": { "type": "LineString", "coordinates": [ [ 77.6441507, 12.9146396 ], [ 77.6441883, 12.9151346 ] ] } },
{ "type": "Feature", "properties": { "full_id": "w27935445", "osm_id": "27935445", "osm_type": "way", "highway": "residential" }, "geometry": { "type": "LineString", "coordinates": [ [ 77.6422253, 12.9149274 ], [ 77.6441507, 12.9146396 ] ] } },
{ "type": "Feature", "properties": { "full_id": "w27935459", "osm_id": "27935459", "osm_type": "way", "highway": "residential" }, "geometry": { "type": "LineString", "coordinates": [ [ 77.6422016, 12.9144788 ], [ 77.6436409, 12.9142454 ], [ 77.6439401, 12.9142334 ] ] } },
{ "type": "Feature", "properties": { "full_id": "w27935463", "osm_id": "27935463", "osm_type": "way", "highway": "residential" }, "geometry": { "type": "LineString", "coordinates": [ [ 77.6485399, 12.9157601 ], [ 77.6485419, 12.9152819 ], [ 77.648528, 12.914041 ], [ 77.6485088, 12.912457 ] ] } },
{ "type": "Feature", "properties": { "full_id": "w27935471", "osm_id": "27935471", "osm_type": "way", "highway": "residential" }, "geometry": { "type": "LineString", "coordinates": [ [ 77.6512522, 12.9158348 ], [ 77.651268, 12.9153889 ], [ 77.6513281, 12.9144243 ], [ 77.6513261, 12.9140416 ], [ 77.6513378, 12.9136963 ], [ 77.6513468, 12.9130541 ], [ 77.6513682, 12.9125177 ] ] } },
{ "type": "Feature", "properties": { "full_id": "w27935472", "osm_id": "27935472", "osm_type": "way", "highway": "residential" }, "geometry": { "type": "LineString", "coordinates": [ [ 77.651268, 12.9153889 ], [ 77.6509018, 12.9153813 ], [ 77.6494788, 12.915352 ], [ 77.6490002, 12.9153421 ] ] } },
{ "type": "Feature", "properties": { "full_id": "w27935480", "osm_id": "27935480", "osm_type": "way", "highway": "residential" }, "geometry": { "type": "LineString", "coordinates": [ [ 77.6513378, 12.9136963 ], [ 77.650981, 12.9136835 ], [ 77.6494743, 12.9136644 ] ] } },
{ "type": "Feature", "properties": { "full_id": "w27935484", "osm_id": "27935484", "osm_type": "way", "highway": "residential" }, "geometry": { "type": "LineString", "coordinates": [ [ 77.6518057, 12.914053 ], [ 77.6517328, 12.9140506 ], [ 77.6513261, 12.9140416 ], [ 77.6497538, 12.9140395 ], [ 77.6494753, 12.9140359 ] ] } },
{ "type": "Feature", "properties": { "full_id": "w27935532", "osm_id": "27935532", "osm_type": "way", "highway": "residential" }, "geometry": { "type": "LineString", "coordinates": [ [ 77.650981, 12.9136835 ], [ 77.6509893, 12.9132716 ], [ 77.6510098, 12.912507 ] ] } },
{ "type": "Feature", "properties": { "full_id": "w27935533", "osm_id": "27935533", "osm_type": "way", "highway": "residential" }, "geometry": { "type": "LineString", "coordinates": [ [ 77.6509893, 12.9132716 ], [ 77.6506042, 12.9132665 ], [ 77.6494731, 12.9132447 ], [ 77.6490263, 12.9132396 ], [ 77.648981, 12.9132391 ] ] } },
{ "type": "Feature", "properties": { "full_id": "w27935551", "osm_id": "27935551", "osm_type": "way", "highway": "residential" }, "geometry": { "type": "LineString", "coordinates": [ [ 77.6494788, 12.915352 ], [ 77.6494779, 12.9150289 ], [ 77.6494753, 12.9140359 ], [ 77.6494743, 12.9136644 ], [ 77.6494731, 12.9132447 ] ] } },
{ "type": "Feature", "properties": { "full_id": "w27935553", "osm_id": "27935553", "osm_type": "way", "highway": "residential" }, "geometry": { "type": "LineString", "coordinates": [ [ 77.6494779, 12.9150289 ], [ 77.6497434, 12.9150321 ], [ 77.6502663, 12.9150383 ], [ 77.6507643, 12.9150443 ], [ 77.6509192, 12.9150461 ] ] } },
{ "type": "Feature", "properties": { "full_id": "w27935559", "osm_id": "27935559", "osm_type": "way", "highway": "residential" }, "geometry": { "type": "LineString", "coordinates": [ [ 77.6497434, 12.9150321 ], [ 77.6497519, 12.9144103 ], [ 77.6497538, 12.9140395 ] ] } },
{ "type": "Feature", "properties": { "full_id": "w27935564", "osm_id": "27935564", "osm_type": "way", "highway": "residential" }, "geometry": { "type": "LineString", "coordinates": [ [ 77.6513281, 12.9144243 ], [ 77.6509725, 12.9144244 ], [ 77.6497519, 12.9144103 ] ] } },
{ "type": "Feature", "properties": { "full_id": "w27935574", "osm_id": "27935574", "osm_type": "way", "highway": "residential" }, "geometry": { "type": "LineString", "coordinates": [ [ 77.6509018, 12.9153813 ], [ 77.6509192, 12.9150461 ], [ 77.6509725, 12.9144244 ] ] } },
{ "type": "Feature", "properties": { "full_id": "w27935592", "osm_id": "27935592", "osm_type": "way", "highway": "residential" }, "geometry": { "type": "LineString", "coordinates": [ [ 77.6512214, 12.9170172 ], [ 77.6497281, 12.91698 ] ] } },
{ "type": "Feature", "properties": { "full_id": "w27935615", "osm_id": "27935615", "osm_type": "way", "highway": "residential" }, "geometry": { "type": "LineString", "coordinates": [ [ 77.6512305, 12.9166643 ], [ 77.6496775, 12.9166352 ] ] } },
{ "type": "Feature", "properties": { "full_id": "w27935649", "osm_id": "27935649", "osm_type": "way", "highway": "residential" }, "geometry": { "type": "LineString", "coordinates": [ [ 77.647145, 12.9109784 ], [ 77.6477241, 12.9109259 ], [ 77.6478499, 12.9109154 ], [ 77.6491658, 12.9107557 ] ] } },
{ "type": "Feature", "properties": { "full_id": "w27935740", "osm_id": "27935740", "osm_type": "way", "highway": "residential" }, "geometry": { "type": "LineString", "coordinates": [ [ 77.647329, 12.9093454 ], [ 77.6478941, 12.9093103 ], [ 77.6482416, 12.9092876 ], [ 77.648557, 12.9092747 ], [ 77.6488627, 12.9092591 ] ] } },
{ "type": "Feature", "properties": { "full_id": "w27935743", "osm_id": "27935743", "osm_type": "way", "highway": "residential" }, "geometry": { "type": "LineString", "coordinates": [ [ 77.6481374, 12.9103758 ], [ 77.6482416, 12.9092876 ] ] } },
{ "type": "Feature", "properties": { "full_id": "w27935747", "osm_id": "27935747", "osm_type": "way", "highway": "residential" }, "geometry": { "type": "LineString", "coordinates": [ [ 77.6484428, 12.9103655 ], [ 77.648557, 12.9092747 ] ] } },
{ "type": "Feature", "properties": { "full_id": "w27935758", "osm_id": "27935758", "osm_type": "way", "highway": "residential" }, "geometry": { "type": "LineString", "coordinates": [ [ 77.6471949, 12.9104865 ], [ 77.6459952, 12.910581 ], [ 77.6456283, 12.910606 ], [ 77.6451837, 12.9106362 ], [ 77.6446759, 12.9106904 ], [ 77.6446328, 12.9106951 ] ] } },
{ "type": "Feature", "properties": { "full_id": "w27935759", "osm_id": "27935759", "osm_type": "way", "highway": "residential" }, "geometry": { "type": "LineString", "coordinates": [ [ 77.6451837, 12.9106362 ], [ 77.6451413, 12.9094772 ], [ 77.6451242, 12.9090699 ] ] } },
{ "type": "Feature", "properties": { "full_id": "w27935770", "osm_id": "27935770", "osm_type": "way", "highway": "residential" }, "geometry": { "type": "LineString", "coordinates": [ [ 77.6472558, 12.9100352 ], [ 77.6467727, 12.9100743 ], [ 77.6459703, 12.9101574 ] ] } },
{ "type": "Feature", "properties": { "full_id": "w27935774", "osm_id": "27935774", "osm_type": "way", "highway": "residential" }, "geometry": { "type": "LineString", "coordinates": [ [ 77.6467727, 12.9100743 ], [ 77.6467932, 12.9095766 ], [ 77.6468016, 12.909374 ], [ 77.6468175, 12.9089354 ] ] } },
{ "type": "Feature", "properties": { "full_id": "w27935777", "osm_id": "27935777", "osm_type": "way", "highway": "residential" }, "geometry": { "type": "LineString", "coordinates": [ [ 77.6468016, 12.909374 ], [ 77.6459238, 12.9094286 ], [ 77.6455823, 12.9094498 ], [ 77.6451413, 12.9094772 ] ] } },
{ "type": "Feature", "properties": { "full_id": "w27935780", "osm_id": "27935780", "osm_type": "way", "highway": "residential" }, "geometry": { "type": "LineString", "coordinates": [ [ 77.6456283, 12.910606 ], [ 77.6455823, 12.9094498 ] ] } },
{ "type": "Feature", "properties": { "full_id": "w27935785", "osm_id": "27935785", "osm_type": "way", "highway": "residential" }, "geometry": { "type": "LineString", "coordinates": [ [ 77.6459952, 12.910581 ], [ 77.6459703, 12.9101574 ], [ 77.6459681, 12.9101233 ], [ 77.6459238, 12.9094286 ] ] } },
{ "type": "Feature", "properties": { "full_id": "w27935788", "osm_id": "27935788", "osm_type": "way", "highway": "residential" }, "geometry": { "type": "LineString", "coordinates": [ [ 77.6398013, 12.9156224 ], [ 77.6397921, 12.9151232 ], [ 77.6397919, 12.9145207 ], [ 77.6397964, 12.9144482 ], [ 77.6398016, 12.9143911 ], [ 77.6398176, 12.9139455 ], [ 77.6398454, 12.9136012 ], [ 77.639868, 12.9132987 ], [ 77.6399111, 12.9128272 ], [ 77.6399369, 12.9123528 ], [ 77.6399383, 12.9123235 ], [ 77.6399378, 12.9122942 ] ] } },
{ "type": "Feature", "properties": { "full_id": "w27935810", "osm_id": "27935810", "osm_type": "way", "highway": "residential" }, "geometry": { "type": "LineString", "coordinates": [ [ 77.6382242, 12.9151224 ], [ 77.6382762, 12.9151208 ], [ 77.6383089, 12.9151207 ], [ 77.6386778, 12.9151191 ], [ 77.6387312, 12.915119 ], [ 77.6391162, 12.9151213 ], [ 77.6397921, 12.9151232 ], [ 77.6402219, 12.9151039 ], [ 77.6406735, 12.9150723 ], [ 77.6411852, 12.9150429 ], [ 77.6416186, 12.9150203 ] ] } },
{ "type": "Feature", "properties": { "full_id": "w27935818", "osm_id": "27935818", "osm_type": "way", "highway": "residential" }, "geometry": { "type": "LineString", "coordinates": [ [ 77.6411852, 12.9150429 ], [ 77.6411602, 12.9142646 ], [ 77.6411588, 12.914192 ], [ 77.6411593, 12.9141235 ], [ 77.6410907, 12.913578 ], [ 77.6410648, 12.9132173 ], [ 77.64104, 12.9128034 ] ] } },
{ "type": "Feature", "properties": { "full_id": "w27935820", "osm_id": "27935820", "osm_type": "way", "highway": "residential" }, "geometry": { "type": "LineString", "coordinates": [ [ 77.6410648, 12.9132173 ], [ 77.639868, 12.9132987 ] ] } },
{ "type": "Feature", "properties": { "full_id": "w27935822", "osm_id": "27935822", "osm_type": "way", "highway": "residential" }, "geometry": { "type": "LineString", "coordinates": [ [ 77.6410907, 12.913578 ], [ 77.6402435, 12.9136042 ], [ 77.6398454, 12.9136012 ] ] } },
{ "type": "Feature", "properties": { "full_id": "w27935825", "osm_id": "27935825", "osm_type": "way", "highway": "residential" }, "geometry": { "type": "LineString", "coordinates": [ [ 77.6402219, 12.9151039 ], [ 77.6402272, 12.9144552 ], [ 77.6402275, 12.9143821 ], [ 77.6402272, 12.914335 ], [ 77.6402435, 12.9136042 ] ] } },
{ "type": "Feature", "properties": { "full_id": "w27935826", "osm_id": "27935826", "osm_type": "way", "highway": "residential" }, "geometry": { "type": "LineString", "coordinates": [ [ 77.6406735, 12.9150723 ], [ 77.640654, 12.914368 ], [ 77.6406511, 12.914302 ] ] } },
{ "type": "Feature", "properties": { "full_id": "w27935833", "osm_id": "27935833", "osm_type": "way", "highway": "residential" }, "geometry": { "type": "LineString", "coordinates": [ [ 77.6346802, 12.9118102 ], [ 77.6346723, 12.9113748 ], [ 77.6346447, 12.9102801 ] ] } },
{ "type": "Feature", "properties": { "full_id": "w27935836", "osm_id": "27935836", "osm_type": "way", "highway": "residential" }, "geometry": { "type": "LineString", "coordinates": [ [ 77.6346723, 12.9113748 ], [ 77.6343141, 12.9113765 ], [ 77.6339995, 12.9113811 ], [ 77.6335205, 12.9113819 ], [ 77.6329821, 12.9113832 ] ] } },
{ "type": "Feature", "properties": { "full_id": "w27935840", "osm_id": "27935840", "osm_type": "way", "highway": "residential" }, "geometry": { "type": "LineString", "coordinates": [ [ 77.6339995, 12.9113811 ], [ 77.6339702, 12.9107032 ], [ 77.6339732, 12.910364 ], [ 77.6339756, 12.9099655 ], [ 77.6339077, 12.909483 ], [ 77.6338904, 12.909056 ] ] } },
{ "type": "Feature", "properties": { "full_id": "w27935842", "osm_id": "27935842", "osm_type": "way", "highway": "residential" }, "geometry": { "type": "LineString", "coordinates": [ [ 77.6339702, 12.9107032 ], [ 77.6334849, 12.9107484 ], [ 77.6330067, 12.9107941 ] ] } },
{ "type": "Feature", "properties": { "full_id": "w27935843", "osm_id": "27935843", "osm_type": "way", "highway": "residential" }, "geometry": { "type": "LineString", "coordinates": [ [ 77.6343141, 12.9113765 ], [ 77.6343109, 12.9103109 ] ] } },
{ "type": "Feature", "properties": { "full_id": "w27935847", "osm_id": "27935847", "osm_type": "way", "highway": "residential" }, "geometry": { "type": "LineString", "coordinates": [ [ 77.6351273, 12.9098685 ], [ 77.634628, 12.9098778 ], [ 77.6342842, 12.9099057 ], [ 77.6339756, 12.9099655 ], [ 77.6330156, 12.9100895 ], [ 77.6324763, 12.9101102 ] ] } },
{ "type": "Feature", "properties": { "full_id": "w27935848", "osm_id": "27935848", "osm_type": "way", "highway": "residential" }, "geometry": { "type": "LineString", "coordinates": [ [ 77.6378142, 12.9087485 ], [ 77.6375272, 12.9087563 ], [ 77.6371836, 12.9087657 ], [ 77.6365888, 12.9087819 ], [ 77.635924, 12.9088 ], [ 77.6356044, 12.9088086 ], [ 77.6351075, 12.9088222 ] ] } },
{ "type": "Feature", "properties": { "full_id": "w27935856", "osm_id": "27935856", "osm_type": "way", "highway": "residential" }, "geometry": { "type": "LineString", "coordinates": [ [ 77.6375209, 12.9075846 ], [ 77.6375151, 12.908002 ], [ 77.637516, 12.9080584 ], [ 77.6375272, 12.9087563 ], [ 77.6375335, 12.9091701 ], [ 77.6375465, 12.9099832 ], [ 77.6375507, 12.9106047 ], [ 77.6375744, 12.9117385 ] ] } },
{ "type": "Feature", "properties": { "full_id": "w27935861", "osm_id": "27935861", "osm_type": "way", "highway": "residential" }, "geometry": { "type": "LineString", "coordinates": [ [ 77.6375335, 12.9091701 ], [ 77.6371687, 12.9091871 ], [ 77.6366006, 12.9092137 ], [ 77.6356064, 12.9092602 ], [ 77.6351143, 12.9092832 ] ] } },
{ "type": "Feature", "properties": { "full_id": "w27935863", "osm_id": "27935863", "osm_type": "way", "highway": "residential" }, "geometry": { "type": "LineString", "coordinates": [ [ 77.6366006, 12.9092137 ], [ 77.6365888, 12.9087819 ] ] } },
{ "type": "Feature", "properties": { "full_id": "w27935866", "osm_id": "27935866", "osm_type": "way", "highway": "residential" }, "geometry": { "type": "LineString", "coordinates": [ [ 77.6372274, 12.9099776 ], [ 77.6371687, 12.9091871 ] ] } },
{ "type": "Feature", "properties": { "full_id": "w27935868", "osm_id": "27935868", "osm_type": "way", "highway": "residential" }, "geometry": { "type": "LineString", "coordinates": [ [ 77.6372174, 12.9106165 ], [ 77.6368625, 12.9106291 ], [ 77.6365538, 12.91064 ], [ 77.6356355, 12.9106724 ], [ 77.6351586, 12.9106893 ] ] } },
{ "type": "Feature", "properties": { "full_id": "w27935889", "osm_id": "27935889", "osm_type": "way", "highway": "residential" }, "geometry": { "type": "LineString", "coordinates": [ [ 77.6356585, 12.9117862 ], [ 77.6356421, 12.9109881 ], [ 77.6356355, 12.9106724 ], [ 77.6356286, 12.9103356 ], [ 77.6356064, 12.9092602 ] ] } },
{ "type": "Feature", "properties": { "full_id": "w27935891", "osm_id": "27935891", "osm_type": "way", "highway": "residential" }, "geometry": { "type": "LineString", "coordinates": [ [ 77.6356286, 12.9103356 ], [ 77.6359385, 12.9103238 ], [ 77.6365596, 12.9103008 ], [ 77.6372305, 12.9102825 ] ] } },
{ "type": "Feature", "properties": { "full_id": "w27935895", "osm_id": "27935895", "osm_type": "way", "highway": "residential" }, "geometry": { "type": "LineString", "coordinates": [ [ 77.6372274, 12.9099776 ], [ 77.6365683, 12.9099679 ] ] } },
{ "type": "Feature", "properties": { "full_id": "w27935896", "osm_id": "27935896", "osm_type": "way", "highway": "residential" }, "geometry": { "type": "LineString", "coordinates": [ [ 77.6365683, 12.9099679 ], [ 77.6365596, 12.9103008 ], [ 77.6365538, 12.91064 ] ] } },
{ "type": "Feature", "properties": { "full_id": "w27935900", "osm_id": "27935900", "osm_type": "way", "highway": "residential" }, "geometry": { "type": "LineString", "coordinates": [ [ 77.635985, 12.9117781 ], [ 77.6359842, 12.911432 ], [ 77.6359839, 12.910981 ] ] } },
{ "type": "Feature", "properties": { "full_id": "w27935902", "osm_id": "27935902", "osm_type": "way", "highway": "residential" }, "geometry": { "type": "LineString", "coordinates": [ [ 77.6356421, 12.9109881 ], [ 77.6359839, 12.910981 ], [ 77.6368649, 12.9109629 ] ] } },
{ "type": "Feature", "properties": { "full_id": "w27935907", "osm_id": "27935907", "osm_type": "way", "highway": "residential" }, "geometry": { "type": "LineString", "coordinates": [ [ 77.637241, 12.9113734 ], [ 77.6368682, 12.9113895 ], [ 77.6364795, 12.9114082 ], [ 77.6359842, 12.911432 ] ] } },
{ "type": "Feature", "properties": { "full_id": "w27935943", "osm_id": "27935943", "osm_type": "way", "highway": "residential" }, "geometry": { "type": "LineString", "coordinates": [ [ 77.6368682, 12.9113895 ], [ 77.6368649, 12.9109629 ], [ 77.6368625, 12.9106291 ] ] } },
{ "type": "Feature", "properties": { "full_id": "w27935971", "osm_id": "27935971", "osm_type": "way", "highway": "residential" }, "geometry": { "type": "LineString", "coordinates": [ [ 77.6339077, 12.909483 ], [ 77.6332622, 12.909562 ], [ 77.6329888, 12.9095955 ] ] } },
{ "type": "Feature", "properties": { "full_id": "w27935974", "osm_id": "27935974", "osm_type": "way", "highway": "residential" }, "geometry": { "type": "LineString", "coordinates": [ [ 77.6350827, 12.9077495 ], [ 77.6342624, 12.9078177 ], [ 77.6332662, 12.9078697 ] ] } },
{ "type": "Feature", "properties": { "full_id": "w27935979", "osm_id": "27935979", "osm_type": "way", "highway": "residential" }, "geometry": { "type": "LineString", "coordinates": [ [ 77.6332622, 12.909562 ], [ 77.6332602, 12.9090728 ], [ 77.6332592, 12.9088134 ], [ 77.6332582, 12.908544 ], [ 77.6332579, 12.9085039 ], [ 77.6332567, 12.9081943 ], [ 77.6332662, 12.9078697 ] ] } },
{ "type": "Feature", "properties": { "full_id": "w27935981", "osm_id": "27935981", "osm_type": "way", "highway": "residential" }, "geometry": { "type": "LineString", "coordinates": [ [ 77.6332567, 12.9081943 ], [ 77.6346005, 12.9080975 ], [ 77.6350947, 12.9080841 ] ] } },
{ "type": "Feature", "properties": { "full_id": "w27935982", "osm_id": "27935982", "osm_type": "way", "highway": "residential" }, "geometry": { "type": "LineString", "coordinates": [ [ 77.634628, 12.9098778 ], [ 77.6346055, 12.90842 ], [ 77.6346005, 12.9080975 ] ] } },
{ "type": "Feature", "properties": { "full_id": "w27935985", "osm_id": "27935985", "osm_type": "way", "highway": "residential" }, "geometry": { "type": "LineString", "coordinates": [ [ 77.6342842, 12.9099057 ], [ 77.6342686, 12.9089977 ], [ 77.6342594, 12.9087465 ], [ 77.6342594, 12.908462 ] ] } },
{ "type": "Feature", "properties": { "full_id": "w27935999", "osm_id": "27935999", "osm_type": "way", "highway": "residential" }, "geometry": { "type": "LineString", "coordinates": [ [ 77.6346055, 12.90842 ], [ 77.6342594, 12.908462 ], [ 77.6332579, 12.9085039 ] ] } },
{ "type": "Feature", "properties": { "full_id": "w27936013", "osm_id": "27936013", "osm_type": "way", "highway": "residential" }, "geometry": { "type": "LineString", "coordinates": [ [ 77.6342686, 12.9089977 ], [ 77.6338904, 12.909056 ], [ 77.6332602, 12.9090728 ] ] } },
{ "type": "Feature", "properties": { "full_id": "w27936014", "osm_id": "27936014", "osm_type": "way", "highway": "residential" }, "geometry": { "type": "LineString", "coordinates": [ [ 77.6342594, 12.9087465 ], [ 77.6332592, 12.9088134 ] ] } },
{ "type": "Feature", "properties": { "full_id": "w27936020", "osm_id": "27936020", "osm_type": "way", "highway": "residential" }, "geometry": { "type": "LineString", "coordinates": [ [ 77.6356044, 12.9088086 ], [ 77.6355724, 12.9079084 ], [ 77.6355645, 12.9075409 ], [ 77.6355574, 12.9072109 ] ] } },
{ "type": "Feature", "properties": { "full_id": "w27936022", "osm_id": "27936022", "osm_type": "way", "highway": "residential" }, "geometry": { "type": "LineString", "coordinates": [ [ 77.6355724, 12.9079084 ], [ 77.6359097, 12.9078846 ], [ 77.6362185, 12.9078575 ], [ 77.6367798, 12.9078017 ] ] } },
{ "type": "Feature", "properties": { "full_id": "w27936023", "osm_id": "27936023", "osm_type": "way", "highway": "residential" }, "geometry": { "type": "LineString", "coordinates": [ [ 77.635924, 12.9088 ], [ 77.6359178, 12.9084034 ], [ 77.6359162, 12.9082968 ], [ 77.6359097, 12.9078846 ] ] } },
{ "type": "Feature", "properties": { "full_id": "w27936024", "osm_id": "27936024", "osm_type": "way", "highway": "residential" }, "geometry": { "type": "LineString", "coordinates": [ [ 77.6371836, 12.9087657 ], [ 77.6371769, 12.9083729 ], [ 77.6371724, 12.9081093 ], [ 77.6371716, 12.9080611 ], [ 77.6371658, 12.9077189 ] ] } },
{ "type": "Feature", "properties": { "full_id": "w27936025", "osm_id": "27936025", "osm_type": "way", "highway": "residential" }, "geometry": { "type": "LineString", "coordinates": [ [ 77.6371769, 12.9083729 ], [ 77.6368207, 12.9083816 ], [ 77.6359178, 12.9084034 ] ] } },
{ "type": "Feature", "properties": { "full_id": "w27936029", "osm_id": "27936029", "osm_type": "way", "highway": "residential" }, "geometry": { "type": "LineString", "coordinates": [ [ 77.630139, 12.9163307 ], [ 77.6300887, 12.9157631 ], [ 77.6300368, 12.9152821 ] ] } },
{ "type": "Feature", "properties": { "full_id": "w27936034", "osm_id": "27936034", "osm_type": "way", "highway": "residential" }, "geometry": { "type": "LineString", "coordinates": [ [ 77.6300887, 12.9157631 ], [ 77.630568, 12.9157184 ], [ 77.6311412, 12.915688 ], [ 77.6317046, 12.9156293 ], [ 77.6322433, 12.9156042 ], [ 77.6323107, 12.9156011 ] ] } },
{ "type": "Feature", "properties": { "full_id": "w27936036", "osm_id": "27936036", "osm_type": "way", "highway": "residential" }, "geometry": { "type": "LineString", "coordinates": [ [ 77.6298823, 12.91531 ], [ 77.6298163, 12.9145606 ], [ 77.6297834, 12.9140598 ], [ 77.6297789, 12.9139913 ] ] } },
{ "type": "Feature", "properties": { "full_id": "w27936039", "osm_id": "27936039", "osm_type": "way", "highway": "residential" }, "geometry": { "type": "LineString", "coordinates": [ [ 77.6293488, 12.9154062 ], [ 77.6292227, 12.9140902 ], [ 77.6292168, 12.914029 ] ] } },
{ "type": "Feature", "properties": { "full_id": "w27936042", "osm_id": "27936042", "osm_type": "way", "highway": "residential" }, "geometry": { "type": "LineString", "coordinates": [ [ 77.6317046, 12.9156293 ], [ 77.6317536, 12.9144112 ], [ 77.6317411, 12.9141137 ], [ 77.6317317, 12.9138992 ], [ 77.6317285, 12.9138246 ] ] } },
{ "type": "Feature", "properties": { "full_id": "w27936051", "osm_id": "27936051", "osm_type": "way", "highway": "residential" }, "geometry": { "type": "LineString", "coordinates": [ [ 77.6317536, 12.9144112 ], [ 77.631161, 12.914461 ], [ 77.6305853, 12.9145037 ], [ 77.6298163, 12.9145606 ] ] } },
{ "type": "Feature", "properties": { "full_id": "w27936060", "osm_id": "27936060", "osm_type": "way", "highway": "residential" }, "geometry": { "type": "LineString", "coordinates": [ [ 77.630568, 12.9157184 ], [ 77.6305748, 12.9152407 ], [ 77.6305853, 12.9145037 ] ] } },
{ "type": "Feature", "properties": { "full_id": "w27936064", "osm_id": "27936064", "osm_type": "way", "highway": "residential" }, "geometry": { "type": "LineString", "coordinates": [ [ 77.6311412, 12.915688 ], [ 77.631161, 12.914461 ] ] } },
{ "type": "Feature", "properties": { "full_id": "w27936072", "osm_id": "27936072", "osm_type": "way", "highway": "residential" }, "geometry": { "type": "LineString", "coordinates": [ [ 77.634063, 12.9134955 ], [ 77.6340603, 12.9130643 ], [ 77.6340644, 12.9125209 ], [ 77.6340643, 12.9124265 ] ] } },
{ "type": "Feature", "properties": { "full_id": "w27936083", "osm_id": "27936083", "osm_type": "way", "highway": "residential" }, "geometry": { "type": "LineString", "coordinates": [ [ 77.6485419, 12.9152819 ], [ 77.6482011, 12.9152829 ], [ 77.6478801, 12.9152828 ], [ 77.6471871, 12.9152531 ], [ 77.6458437, 12.9151785 ], [ 77.6453743, 12.9151627 ] ] } },
{ "type": "Feature", "properties": { "full_id": "w27936087", "osm_id": "27936087", "osm_type": "way", "highway": "residential" }, "geometry": { "type": "LineString", "coordinates": [ [ 77.6482011, 12.9152829 ], [ 77.6481722, 12.9140488 ], [ 77.6481347, 12.9124501 ] ] } },
{ "type": "Feature", "properties": { "full_id": "w27936093", "osm_id": "27936093", "osm_type": "way", "highway": "residential" }, "geometry": { "type": "LineString", "coordinates": [ [ 77.6478801, 12.9152828 ], [ 77.6478711, 12.9149622 ], [ 77.6478457, 12.914056 ], [ 77.647834, 12.9136395 ], [ 77.6478218, 12.9132052 ], [ 77.647813, 12.9128908 ], [ 77.6478003, 12.912437 ] ] } },
{ "type": "Feature", "properties": { "full_id": "w27936112", "osm_id": "27936112", "osm_type": "way", "highway": "residential" }, "geometry": { "type": "LineString", "coordinates": [ [ 77.647813, 12.9128908 ], [ 77.6461499, 12.9129115 ] ] } },
{ "type": "Feature", "properties": { "full_id": "w27936118", "osm_id": "27936118", "osm_type": "way", "highway": "residential" }, "geometry": { "type": "LineString", "coordinates": [ [ 77.6478218, 12.9132052 ], [ 77.6466979, 12.9132283 ], [ 77.6461668, 12.9132392 ] ] } },
{ "type": "Feature", "properties": { "full_id": "w27936122", "osm_id": "27936122", "osm_type": "way", "highway": "residential" }, "geometry": { "type": "LineString", "coordinates": [ [ 77.646727, 12.9140803 ], [ 77.646712, 12.9136643 ], [ 77.6466979, 12.9132283 ] ] } },
{ "type": "Feature", "properties": { "full_id": "w27936125", "osm_id": "27936125", "osm_type": "way", "highway": "residential" }, "geometry": { "type": "LineString", "coordinates": [ [ 77.646712, 12.9136643 ], [ 77.647834, 12.9136395 ] ] } },
{ "type": "Feature", "properties": { "full_id": "w27936128", "osm_id": "27936128", "osm_type": "way", "highway": "residential" }, "geometry": { "type": "LineString", "coordinates": [ [ 77.6478711, 12.9149622 ], [ 77.6474549, 12.9149441 ], [ 77.6471907, 12.9149374 ], [ 77.6466073, 12.9149161 ], [ 77.6465285, 12.9149132 ], [ 77.6464966, 12.9149108 ], [ 77.6462221, 12.9149091 ], [ 77.6458338, 12.914895 ] ] } },
{ "type": "Feature", "properties": { "full_id": "w27936131", "osm_id": "27936131", "osm_type": "way", "highway": "residential" }, "geometry": { "type": "LineString", "coordinates": [ [ 77.6474549, 12.9149441 ], [ 77.6474766, 12.9145769 ], [ 77.6474764, 12.9144623 ], [ 77.6474658, 12.9140642 ] ] } },
{ "type": "Feature", "properties": { "full_id": "w27936147", "osm_id": "27936147", "osm_type": "way", "highway": "residential" }, "geometry": { "type": "LineString", "coordinates": [ [ 77.6476972, 12.9186824 ], [ 77.6477023, 12.9179605 ], [ 77.6477204, 12.9172477 ] ] } },
{ "type": "Feature", "properties": { "full_id": "w27936150", "osm_id": "27936150", "osm_type": "way", "highway": "residential" }, "geometry": { "type": "LineString", "coordinates": [ [ 77.648065, 12.9186712 ], [ 77.6480649, 12.9172582 ] ] } },
{ "type": "Feature", "properties": { "full_id": "w27936153", "osm_id": "27936153", "osm_type": "way", "highway": "residential" }, "geometry": { "type": "LineString", "coordinates": [ [ 77.6484021, 12.918621 ], [ 77.6483956, 12.9172682 ] ] } },
{ "type": "Feature", "properties": { "full_id": "w27936246", "osm_id": "27936246", "osm_type": "way", "highway": "residential" }, "geometry": { "type": "LineString", "coordinates": [ [ 77.6471692, 12.9161439 ], [ 77.6469646, 12.916138 ], [ 77.6465884, 12.916127 ], [ 77.6462463, 12.916117 ], [ 77.6458973, 12.9161068 ], [ 77.6454245, 12.9160931 ] ] } },
{ "type": "Feature", "properties": { "full_id": "w27936250", "osm_id": "27936250", "osm_type": "way", "highway": "residential" }, "geometry": { "type": "LineString", "coordinates": [ [ 77.6459905, 12.9184773 ], [ 77.6459474, 12.9171938 ], [ 77.6458973, 12.9161068 ] ] } },
{ "type": "Feature", "properties": { "full_id": "w27936252", "osm_id": "27936252", "osm_type": "way", "highway": "residential" }, "geometry": { "type": "LineString", "coordinates": [ [ 77.6463486, 12.9184559 ], [ 77.6462782, 12.9172038 ], [ 77.6462463, 12.916117 ] ] } },
{ "type": "Feature", "properties": { "full_id": "w27936254", "osm_id": "27936254", "osm_type": "way", "highway": "residential" }, "geometry": { "type": "LineString", "coordinates": [ [ 77.6466889, 12.9184356 ], [ 77.6466214, 12.9172143 ], [ 77.6465884, 12.916127 ] ] } },
{ "type": "Feature", "properties": { "full_id": "w27936257", "osm_id": "27936257", "osm_type": "way", "highway": "residential" }, "geometry": { "type": "LineString", "coordinates": [ [ 77.6469951, 12.9172257 ], [ 77.6469646, 12.916138 ] ] } },
{ "type": "Feature", "properties": { "full_id": "w27936265", "osm_id": "27936265", "osm_type": "way", "highway": "residential" }, "geometry": { "type": "LineString", "coordinates": [ [ 77.6491376, 12.9167876 ], [ 77.6475598, 12.9168012 ], [ 77.6471683, 12.9167995 ] ] } },
{ "type": "Feature", "properties": { "full_id": "w27936267", "osm_id": "27936267", "osm_type": "way", "highway": "residential" }, "geometry": { "type": "LineString", "coordinates": [ [ 77.6475598, 12.9168012 ], [ 77.6475994, 12.9157342 ] ] } },
{ "type": "Feature", "properties": { "full_id": "w27936275", "osm_id": "27936275", "osm_type": "way", "highway": "residential" }, "geometry": { "type": "LineString", "coordinates": [ [ 77.6468724, 12.9229309 ], [ 77.646654, 12.9227439 ], [ 77.6458304, 12.9220388 ], [ 77.645565, 12.9218116 ] ] } },
{ "type": "Feature", "properties": { "full_id": "w27936291", "osm_id": "27936291", "osm_type": "way", "highway": "residential" }, "geometry": { "type": "LineString", "coordinates": [ [ 77.651512041906173, 12.922677963840229 ], [ 77.6514366, 12.9226732 ], [ 77.6512209, 12.92261 ], [ 77.6511794, 12.922595 ], [ 77.6508982, 12.9224777 ], [ 77.6505891, 12.922423 ] ] } },
{ "type": "Feature", "properties": { "full_id": "w27936318", "osm_id": "27936318", "osm_type": "way", "highway": "tertiary" }, "geometry": { "type": "LineString", "coordinates": [ [ 77.6489928, 12.9143696 ], [ 77.6489902, 12.9140309 ] ] } },
{ "type": "Feature", "properties": { "full_id": "w27936332", "osm_id": "27936332", "osm_type": "way", "highway": "residential" }, "geometry": { "type": "LineString", "coordinates": [ [ 77.6515866, 12.9210288 ], [ 77.6515108, 12.9210356 ], [ 77.6514826, 12.9210369 ], [ 77.6512497, 12.9210477 ], [ 77.6509332, 12.921058 ], [ 77.6506474, 12.9210743 ], [ 77.6499369, 12.9211525 ], [ 77.6495347, 12.9212279 ] ] } },
{ "type": "Feature", "properties": { "full_id": "w27936338", "osm_id": "27936338", "osm_type": "way", "highway": "residential" }, "geometry": { "type": "LineString", "coordinates": [ [ 77.6508982, 12.9224777 ], [ 77.6509332, 12.921058 ] ] } },
{ "type": "Feature", "properties": { "full_id": "w27936351", "osm_id": "27936351", "osm_type": "way", "highway": "residential" }, "geometry": { "type": "LineString", "coordinates": [ [ 77.6512209, 12.92261 ], [ 77.6512358, 12.9215492 ], [ 77.6512423, 12.9213162 ], [ 77.6512497, 12.9210477 ] ] } },
{ "type": "Feature", "properties": { "full_id": "w27936356", "osm_id": "27936356", "osm_type": "way", "highway": "residential" }, "geometry": { "type": "LineString", "coordinates": [ [ 77.6516083, 12.9205873 ], [ 77.6515117, 12.9205915 ], [ 77.6511071, 12.9206146 ], [ 77.651045, 12.9206181 ], [ 77.6503205, 12.9206588 ], [ 77.6498674, 12.9206796 ], [ 77.6493922, 12.9207019 ] ] } },
{ "type": "Feature", "properties": { "full_id": "w27936377", "osm_id": "27936377", "osm_type": "way", "highway": "residential" }, "geometry": { "type": "LineString", "coordinates": [ [ 77.6516868, 12.9180536 ], [ 77.651777, 12.918056 ], [ 77.6517866, 12.9180563 ], [ 77.6522078, 12.9180676 ], [ 77.652559, 12.918077 ], [ 77.6529097, 12.9180864 ], [ 77.6532074, 12.9180944 ], [ 77.6539688, 12.9181148 ], [ 77.6541989, 12.9181209 ] ] } },
{ "type": "Feature", "properties": { "full_id": "w27936380", "osm_id": "27936380", "osm_type": "way", "highway": "residential" }, "geometry": { "type": "LineString", "coordinates": [ [ 77.653464868201127, 12.920981076544431 ], [ 77.653583767734403, 12.920964496059057 ] ] } },
{ "type": "Feature", "properties": { "full_id": "w27936386", "osm_id": "27936386", "osm_type": "way", "highway": "residential" }, "geometry": { "type": "LineString", "coordinates": [ [ 77.65213, 12.9203948 ], [ 77.6521664, 12.9204061 ], [ 77.6536753, 12.9204614 ], [ 77.6540953, 12.9204768 ], [ 77.6541477, 12.9204685 ] ] } },
{ "type": "Feature", "properties": { "full_id": "w27936390", "osm_id": "27936390", "osm_type": "way", "highway": "residential" }, "geometry": { "type": "LineString", "coordinates": [ [ 77.652143, 12.9200566 ], [ 77.6541302, 12.9201565 ] ] } },
{ "type": "Feature", "properties": { "full_id": "w27936402", "osm_id": "27936402", "osm_type": "way", "highway": "residential" }, "geometry": { "type": "LineString", "coordinates": [ [ 77.654116, 12.9197696 ], [ 77.6541302, 12.9201565 ], [ 77.6541518, 12.9204201 ], [ 77.6541477, 12.9204685 ] ] } },
{ "type": "Feature", "properties": { "full_id": "w27936452", "osm_id": "27936452", "osm_type": "way", "highway": "residential" }, "geometry": { "type": "LineString", "coordinates": [ [ 77.6536753, 12.9204614 ], [ 77.6536805, 12.9206764 ], [ 77.653680786516844, 12.920685106741663 ] ] } },
{ "type": "Feature", "properties": { "full_id": "w27936470", "osm_id": "27936470", "osm_type": "way", "highway": "residential" }, "geometry": { "type": "LineString", "coordinates": [ [ 77.6541989, 12.9181209 ], [ 77.6541451, 12.917803 ], [ 77.6539477, 12.9167243 ], [ 77.6538718, 12.9163846 ], [ 77.654164, 12.916297 ], [ 77.6541888, 12.9162808 ], [ 77.6541991, 12.9162532 ], [ 77.6541207, 12.9159245 ], [ 77.653633, 12.9137111 ], [ 77.6535912, 12.9130754 ], [ 77.653556, 12.9125775 ], [ 77.6535447, 12.9124014 ], [ 77.6535025, 12.9115393 ], [ 77.6535022, 12.9114687 ], [ 77.65356, 12.9113936 ], [ 77.6534179, 12.9101284 ], [ 77.653355, 12.9096178 ], [ 77.6533081, 12.9091464 ], [ 77.6532697, 12.9088204 ], [ 77.6532283, 12.9084112 ], [ 77.6532019, 12.9081089 ], [ 77.6531789, 12.9078455 ], [ 77.6531428, 12.9075264 ], [ 77.6530798, 12.9070952 ] ] } },
{ "type": "Feature", "properties": { "full_id": "w27936478", "osm_id": "27936478", "osm_type": "way", "highway": "residential" }, "geometry": { "type": "LineString", "coordinates": [ [ 77.6544202, 12.919313 ], [ 77.6540495, 12.9193102 ], [ 77.6525276, 12.9192476 ], [ 77.652168, 12.9192358 ] ] } },
{ "type": "Feature", "properties": { "full_id": "w27936481", "osm_id": "27936481", "osm_type": "way", "highway": "residential" }, "geometry": { "type": "LineString", "coordinates": [ [ 77.6540495, 12.9193102 ], [ 77.6540386, 12.9189591 ], [ 77.6539688, 12.9181148 ] ] } },
{ "type": "Feature", "properties": { "full_id": "w27936484", "osm_id": "27936484", "osm_type": "way", "highway": "residential" }, "geometry": { "type": "LineString", "coordinates": [ [ 77.6525276, 12.9192476 ], [ 77.6525328, 12.9189236 ], [ 77.652559, 12.918077 ], [ 77.6525642, 12.9177523 ], [ 77.6525729, 12.9174171 ], [ 77.6525854, 12.9166967 ] ] } },
{ "type": "Feature", "properties": { "full_id": "w27936486", "osm_id": "27936486", "osm_type": "way", "highway": "residential" }, "geometry": { "type": "LineString", "coordinates": [ [ 77.6522458, 12.9166864 ], [ 77.6525854, 12.9166967 ], [ 77.6536077, 12.9167364 ], [ 77.6539477, 12.9167243 ] ] } },
{ "type": "Feature", "properties": { "full_id": "w27936489", "osm_id": "27936489", "osm_type": "way", "highway": "residential" }, "geometry": { "type": "LineString", "coordinates": [ [ 77.6525642, 12.9177523 ], [ 77.6538121, 12.9177923 ], [ 77.6541451, 12.917803 ] ] } },
{ "type": "Feature", "properties": { "full_id": "w27936492", "osm_id": "27936492", "osm_type": "way", "highway": "residential" }, "geometry": { "type": "LineString", "coordinates": [ [ 77.6525729, 12.9174171 ], [ 77.6537337, 12.9174263 ] ] } },
{ "type": "Feature", "properties": { "full_id": "w27936495", "osm_id": "27936495", "osm_type": "way", "highway": "residential" }, "geometry": { "type": "LineString", "coordinates": [ [ 77.6525328, 12.9189236 ], [ 77.6528951, 12.9189294 ], [ 77.6531925, 12.9189388 ], [ 77.6540386, 12.9189591 ] ] } },
{ "type": "Feature", "properties": { "full_id": "w27936499", "osm_id": "27936499", "osm_type": "way", "highway": "residential" }, "geometry": { "type": "LineString", "coordinates": [ [ 77.6528951, 12.9189294 ], [ 77.6529097, 12.9180864 ] ] } },
{ "type": "Feature", "properties": { "full_id": "w27936501", "osm_id": "27936501", "osm_type": "way", "highway": "residential" }, "geometry": { "type": "LineString", "coordinates": [ [ 77.6531925, 12.9189388 ], [ 77.6532074, 12.9180944 ] ] } },
{ "type": "Feature", "properties": { "full_id": "w27936507", "osm_id": "27936507", "osm_type": "way", "highway": "residential" }, "geometry": { "type": "LineString", "coordinates": [ [ 77.6518362, 12.9129905 ], [ 77.6519066, 12.912994 ], [ 77.6527898, 12.9130364 ], [ 77.6528172, 12.9130378 ], [ 77.6535912, 12.9130754 ] ] } },
{ "type": "Feature", "properties": { "full_id": "w27936516", "osm_id": "27936516", "osm_type": "way", "highway": "residential" }, "geometry": { "type": "LineString", "coordinates": [ [ 77.6539266, 12.9114005 ], [ 77.65356, 12.9113936 ], [ 77.653247, 12.9113878 ], [ 77.6528876, 12.9113811 ], [ 77.652422, 12.9113724 ], [ 77.6519511, 12.9113635 ], [ 77.6518706, 12.9113647 ], [ 77.6517921, 12.9113612 ], [ 77.6513599, 12.9113471 ], [ 77.6503501, 12.9113301 ], [ 77.6496936, 12.9113234 ], [ 77.6491257, 12.9113051 ] ] } },
{ "type": "Feature", "properties": { "full_id": "w27936519", "osm_id": "27936519", "osm_type": "way", "highway": "residential" }, "geometry": { "type": "LineString", "coordinates": [ [ 77.6513599, 12.9113471 ], [ 77.6513642, 12.9108654 ], [ 77.6513854, 12.9094362 ], [ 77.6513832, 12.908743 ], [ 77.6513787, 12.9085737 ] ] } },
{ "type": "Feature", "properties": { "full_id": "w27936526", "osm_id": "27936526", "osm_type": "way", "highway": "residential" }, "geometry": { "type": "LineString", "coordinates": [ [ 77.6503501, 12.9113301 ], [ 77.6503606, 12.9110535 ], [ 77.6503714, 12.9108082 ] ] } },
{ "type": "Feature", "properties": { "full_id": "w27936531", "osm_id": "27936531", "osm_type": "way", "highway": "residential" }, "geometry": { "type": "LineString", "coordinates": [ [ 77.6503714, 12.9108082 ], [ 77.650688, 12.9108312 ], [ 77.651091, 12.910842 ], [ 77.6513642, 12.9108654 ] ] } },
{ "type": "Feature", "properties": { "full_id": "w27936547", "osm_id": "27936547", "osm_type": "way", "highway": "residential" }, "geometry": { "type": "LineString", "coordinates": [ [ 77.651091, 12.910842 ], [ 77.6510578, 12.9094325 ], [ 77.6510339, 12.9086011 ], [ 77.6510244, 12.9081271 ], [ 77.6510123, 12.9077091 ], [ 77.6509999, 12.9072825 ], [ 77.6510209, 12.9070333 ], [ 77.6510095, 12.9065957 ] ] } },
{ "type": "Feature", "properties": { "full_id": "w27936552", "osm_id": "27936552", "osm_type": "way", "highway": "residential" }, "geometry": { "type": "LineString", "coordinates": [ [ 77.6510209, 12.9070333 ], [ 77.6506459, 12.907056 ], [ 77.650316, 12.9070552 ], [ 77.6490716, 12.9070899 ] ] } },
{ "type": "Feature", "properties": { "full_id": "w27936560", "osm_id": "27936560", "osm_type": "way", "highway": "residential" }, "geometry": { "type": "LineString", "coordinates": [ [ 77.650688, 12.9108312 ], [ 77.6506711, 12.9092151 ], [ 77.6506703, 12.9086299 ], [ 77.6506671, 12.9082888 ], [ 77.6506569, 12.9076978 ], [ 77.6506459, 12.907056 ] ] } },
{ "type": "Feature", "properties": { "full_id": "w27936565", "osm_id": "27936565", "osm_type": "way", "highway": "residential" }, "geometry": { "type": "LineString", "coordinates": [ [ 77.6518826, 12.9094194 ], [ 77.6518021, 12.9094208 ], [ 77.6513854, 12.9094362 ], [ 77.6510578, 12.9094325 ] ] } },
{ "type": "Feature", "properties": { "full_id": "w27936578", "osm_id": "27936578", "osm_type": "way", "highway": "residential" }, "geometry": { "type": "LineString", "coordinates": [ [ 77.6510244, 12.9081271 ], [ 77.6517232, 12.9080742 ], [ 77.6517771, 12.9080701 ] ] } },
{ "type": "Feature", "properties": { "full_id": "w27936579", "osm_id": "27936579", "osm_type": "way", "highway": "residential" }, "geometry": { "type": "LineString", "coordinates": [ [ 77.6510123, 12.9077091 ], [ 77.6516881, 12.9076708 ] ] } },
{ "type": "Feature", "properties": { "full_id": "w27936582", "osm_id": "27936582", "osm_type": "way", "highway": "residential" }, "geometry": { "type": "LineString", "coordinates": [ [ 77.650316, 12.9070552 ], [ 77.6503262, 12.9074092 ], [ 77.6503346, 12.9076976 ], [ 77.650353, 12.908334 ] ] } },
{ "type": "Feature", "properties": { "full_id": "w27936583", "osm_id": "27936583", "osm_type": "way", "highway": "residential" }, "geometry": { "type": "LineString", "coordinates": [ [ 77.6506671, 12.9082888 ], [ 77.650353, 12.908334 ], [ 77.6495474, 12.9083814 ], [ 77.6492858, 12.9083935 ] ] } },
{ "type": "Feature", "properties": { "full_id": "w27936584", "osm_id": "27936584", "osm_type": "way", "highway": "residential" }, "geometry": { "type": "LineString", "coordinates": [ [ 77.6515822, 12.9072395 ], [ 77.6509999, 12.9072825 ] ] } },
{ "type": "Feature", "properties": { "full_id": "w27936616", "osm_id": "27936616", "osm_type": "way", "highway": "secondary" }, "geometry": { "type": "LineString", "coordinates": [ [ 77.651633, 12.9196937 ], [ 77.6516305, 12.9197921 ] ] } },
{ "type": "Feature", "properties": { "full_id": "w27936716", "osm_id": "27936716", "osm_type": "way", "highway": "residential" }, "geometry": { "type": "LineString", "coordinates": [ [ 77.6511509, 12.9051563 ], [ 77.6506947, 12.9052042 ], [ 77.6497519, 12.9052689 ], [ 77.6493965, 12.9052893 ], [ 77.6489707, 12.9053194 ] ] } },
{ "type": "Feature", "properties": { "full_id": "w27936722", "osm_id": "27936722", "osm_type": "way", "highway": "residential" }, "geometry": { "type": "LineString", "coordinates": [ [ 77.6490505, 12.9066657 ], [ 77.6494611, 12.9066492 ], [ 77.650652, 12.90661 ], [ 77.6510095, 12.9065957 ] ] } },
{ "type": "Feature", "properties": { "full_id": "w27936723", "osm_id": "27936723", "osm_type": "way", "highway": "residential" }, "geometry": { "type": "LineString", "coordinates": [ [ 77.6494611, 12.9066492 ], [ 77.6494435, 12.9063082 ], [ 77.6493965, 12.9052893 ], [ 77.649335, 12.9039932 ], [ 77.6493128, 12.9035261 ] ] } },
{ "type": "Feature", "properties": { "full_id": "w27936745", "osm_id": "27936745", "osm_type": "way", "highway": "residential" }, "geometry": { "type": "LineString", "coordinates": [ [ 77.649335, 12.9039932 ], [ 77.6497118, 12.904053 ], [ 77.6499452, 12.9040819 ], [ 77.650223, 12.9042 ], [ 77.6504456, 12.904545 ], [ 77.6504827, 12.9046214 ], [ 77.6506022, 12.9048829 ], [ 77.6506947, 12.9052042 ], [ 77.6508237, 12.9057161 ], [ 77.65086, 12.9059641 ], [ 77.6509016, 12.9062251 ] ] } },
{ "type": "Feature", "properties": { "full_id": "w27936746", "osm_id": "27936746", "osm_type": "way", "highway": "residential" }, "geometry": { "type": "LineString", "coordinates": [ [ 77.6494435, 12.9063082 ], [ 77.6497856, 12.9062888 ], [ 77.6509016, 12.9062251 ], [ 77.6513827, 12.9061976 ] ] } },
{ "type": "Feature", "properties": { "full_id": "w27936747", "osm_id": "27936747", "osm_type": "way", "highway": "residential" }, "geometry": { "type": "LineString", "coordinates": [ [ 77.6497856, 12.9062888 ], [ 77.6497767, 12.9060191 ], [ 77.6497686, 12.9057754 ], [ 77.6497519, 12.9052689 ], [ 77.6497411, 12.9049403 ], [ 77.649733, 12.904695 ], [ 77.6497301, 12.9046086 ], [ 77.6497241, 12.9044267 ], [ 77.6497145, 12.9041347 ], [ 77.6497118, 12.904053 ] ] } },
{ "type": "Feature", "properties": { "full_id": "w27936750", "osm_id": "27936750", "osm_type": "way", "highway": "residential" }, "geometry": { "type": "LineString", "coordinates": [ [ 77.6497411, 12.9049403 ], [ 77.6506022, 12.9048829 ] ] } },
{ "type": "Feature", "properties": { "full_id": "w27936755", "osm_id": "27936755", "osm_type": "way", "highway": "residential" }, "geometry": { "type": "LineString", "coordinates": [ [ 77.65086, 12.9059641 ], [ 77.6497767, 12.9060191 ] ] } },
{ "type": "Feature", "properties": { "full_id": "w27936759", "osm_id": "27936759", "osm_type": "way", "highway": "residential" }, "geometry": { "type": "LineString", "coordinates": [ [ 77.6508237, 12.9057161 ], [ 77.6502133, 12.9057504 ], [ 77.6497686, 12.9057754 ] ] } },
{ "type": "Feature", "properties": { "full_id": "w27936789", "osm_id": "27936789", "osm_type": "way", "highway": "residential" }, "geometry": { "type": "LineString", "coordinates": [ [ 77.6474531, 12.9081357 ], [ 77.6487362, 12.9080205 ] ] } },
{ "type": "Feature", "properties": { "full_id": "w27936861", "osm_id": "27936861", "osm_type": "way", "highway": "residential" }, "geometry": { "type": "LineString", "coordinates": [ [ 77.6503346, 12.9076976 ], [ 77.649858, 12.9076924 ], [ 77.6495178, 12.9076808 ], [ 77.6491445, 12.9076732 ], [ 77.648677, 12.9077029 ], [ 77.6476909, 12.9077822 ] ] } },
{ "type": "Feature", "properties": { "full_id": "w27936867", "osm_id": "27936867", "osm_type": "way", "highway": "residential" }, "geometry": { "type": "LineString", "coordinates": [ [ 77.6485253, 12.9068881 ], [ 77.6475488, 12.9069482 ], [ 77.6469238, 12.906981 ], [ 77.6466261, 12.9070011 ], [ 77.6461333, 12.9070627 ], [ 77.6457388, 12.9071035 ], [ 77.6453837, 12.9071043 ], [ 77.6447252, 12.9071568 ], [ 77.6444494, 12.9071788 ] ] } },
{ "type": "Feature", "properties": { "full_id": "w27936872", "osm_id": "27936872", "osm_type": "way", "highway": "residential" }, "geometry": { "type": "LineString", "coordinates": [ [ 77.6469048, 12.9089285 ], [ 77.6468563, 12.9085136 ], [ 77.6468161, 12.908198 ], [ 77.6467565, 12.9078542 ] ] } },
{ "type": "Feature", "properties": { "full_id": "w27936878", "osm_id": "27936878", "osm_type": "way", "highway": "residential" }, "geometry": { "type": "LineString", "coordinates": [ [ 77.6468563, 12.9085136 ], [ 77.6454113, 12.9085982 ], [ 77.6449872, 12.9086127 ] ] } },
{ "type": "Feature", "properties": { "full_id": "w27936890", "osm_id": "27936890", "osm_type": "way", "highway": "residential" }, "geometry": { "type": "LineString", "coordinates": [ [ 77.6468161, 12.908198 ], [ 77.6459055, 12.9082611 ], [ 77.6455792, 12.9082794 ], [ 77.6453828, 12.9082918 ], [ 77.6449965, 12.9083162 ] ] } },
{ "type": "Feature", "properties": { "full_id": "w27936897", "osm_id": "27936897", "osm_type": "way", "highway": "residential" }, "geometry": { "type": "LineString", "coordinates": [ [ 77.6455792, 12.9082794 ], [ 77.6454316, 12.9074385 ], [ 77.6453837, 12.9071043 ] ] } },
{ "type": "Feature", "properties": { "full_id": "w27936905", "osm_id": "27936905", "osm_type": "way", "highway": "residential" }, "geometry": { "type": "LineString", "coordinates": [ [ 77.6459055, 12.9082611 ], [ 77.6458441, 12.9079181 ], [ 77.6458232, 12.9077034 ], [ 77.6457588, 12.9074105 ], [ 77.6457388, 12.9071035 ] ] } },
{ "type": "Feature", "properties": { "full_id": "w27936911", "osm_id": "27936911", "osm_type": "way", "highway": "residential" }, "geometry": { "type": "LineString", "coordinates": [ [ 77.6469859, 12.9073323 ], [ 77.6457588, 12.9074105 ], [ 77.6454316, 12.9074385 ], [ 77.6449588, 12.9075096 ], [ 77.6444614, 12.9075233 ] ] } },
{ "type": "Feature", "properties": { "full_id": "w27936912", "osm_id": "27936912", "osm_type": "way", "highway": "residential" }, "geometry": { "type": "LineString", "coordinates": [ [ 77.6476909, 12.9077822 ], [ 77.6476379, 12.9074866 ], [ 77.6475928, 12.9072241 ], [ 77.6475488, 12.9069482 ] ] } },
{ "type": "Feature", "properties": { "full_id": "w27936914", "osm_id": "27936914", "osm_type": "way", "highway": "residential" }, "geometry": { "type": "LineString", "coordinates": [ [ 77.6476379, 12.9074866 ], [ 77.6486228, 12.9074115 ] ] } },
{ "type": "Feature", "properties": { "full_id": "w27936915", "osm_id": "27936915", "osm_type": "way", "highway": "residential" }, "geometry": { "type": "LineString", "coordinates": [ [ 77.6475928, 12.9072241 ], [ 77.6485727, 12.9071428 ] ] } },
{ "type": "Feature", "properties": { "full_id": "w27936917", "osm_id": "27936917", "osm_type": "way", "highway": "residential" }, "geometry": { "type": "LineString", "coordinates": [ [ 77.6473613, 12.907802 ], [ 77.6474531, 12.9081357 ], [ 77.6475266, 12.9084438 ], [ 77.6476177, 12.908872 ] ] } },
{ "type": "Feature", "properties": { "full_id": "w27936920", "osm_id": "27936920", "osm_type": "way", "highway": "residential" }, "geometry": { "type": "LineString", "coordinates": [ [ 77.6475266, 12.9084438 ], [ 77.6487955, 12.9083393 ] ] } },
{ "type": "Feature", "properties": { "full_id": "w27936923", "osm_id": "27936923", "osm_type": "way", "highway": "residential" }, "geometry": { "type": "LineString", "coordinates": [ [ 77.6506711, 12.9092151 ], [ 77.6504023, 12.9092285 ], [ 77.6499292, 12.9092377 ], [ 77.6493033, 12.9092442 ] ] } },
{ "type": "Feature", "properties": { "full_id": "w27936940", "osm_id": "27936940", "osm_type": "way", "highway": "residential" }, "geometry": { "type": "LineString", "coordinates": [ [ 77.6324145, 12.9124327 ], [ 77.6323375, 12.9124196 ], [ 77.6323197, 12.9124145 ], [ 77.6306776, 12.9119473 ], [ 77.6297555, 12.9116849 ], [ 77.6296371, 12.9116342 ], [ 77.6296063, 12.9116041 ], [ 77.6295909, 12.9115783 ], [ 77.6295816, 12.9115434 ], [ 77.6295976, 12.9113525 ], [ 77.6296346, 12.9111783 ] ] } },
{ "type": "Feature", "properties": { "full_id": "w28262849", "osm_id": "28262849", "osm_type": "way", "highway": "residential" }, "geometry": { "type": "LineString", "coordinates": [ [ 77.6496388, 12.9162944 ], [ 77.6512389, 12.9163399 ], [ 77.6515989, 12.9163444 ], [ 77.6516451, 12.9163446 ], [ 77.6517382, 12.9163447 ], [ 77.6518125, 12.9163473 ], [ 77.6518317, 12.916348 ], [ 77.652254, 12.9163563 ], [ 77.6538718, 12.9163846 ] ] } },
{ "type": "Feature", "properties": { "full_id": "w28262948", "osm_id": "28262948", "osm_type": "way", "highway": "residential" }, "geometry": { "type": "LineString", "coordinates": [ [ 77.6455406, 12.9189657 ], [ 77.6455277, 12.9185048 ], [ 77.6454776, 12.9171746 ], [ 77.6454245, 12.9160931 ], [ 77.6454055, 12.9156546 ], [ 77.6453743, 12.9151627 ], [ 77.6453293, 12.9136866 ] ] } },
{ "type": "Feature", "properties": { "full_id": "w28535795", "osm_id": "28535795", "osm_type": "way", "highway": "residential" }, "geometry": { "type": "LineString", "coordinates": [ [ 77.6384103, 12.9083494 ], [ 77.6384189, 12.9092773 ] ] } },
{ "type": "Feature", "properties": { "full_id": "w28535798", "osm_id": "28535798", "osm_type": "way", "highway": "residential" }, "geometry": { "type": "LineString", "coordinates": [ [ 77.63861254975879, 12.905874904764056 ], [ 77.6386449, 12.9063304 ], [ 77.6386498, 12.906399 ], [ 77.6386662, 12.9066699 ], [ 77.6386921, 12.9069565 ] ] } },
{ "type": "Feature", "properties": { "full_id": "w28535807", "osm_id": "28535807", "osm_type": "way", "highway": "residential" }, "geometry": { "type": "LineString", "coordinates": [ [ 77.6324396, 12.9089491 ], [ 77.6319299, 12.9089351 ], [ 77.6308143, 12.9087761 ], [ 77.6307918, 12.908853 ], [ 77.6297631, 12.9087257 ] ] } },
{ "type": "Feature", "properties": { "full_id": "w28535816", "osm_id": "28535816", "osm_type": "way", "highway": "residential" }, "geometry": { "type": "LineString", "coordinates": [ [ 77.6319059, 12.9085675 ], [ 77.6319299, 12.9089351 ], [ 77.6319536, 12.9092482 ], [ 77.6319472, 12.9094573 ], [ 77.6319363, 12.9099873 ], [ 77.6319253, 12.9104243 ], [ 77.6319084, 12.9110936 ], [ 77.6319002, 12.9114204 ], [ 77.6318918, 12.9117549 ] ] } },
{ "type": "Feature", "properties": { "full_id": "w31338795", "osm_id": "31338795", "osm_type": "way", "highway": "residential" }, "geometry": { "type": "LineString", "coordinates": [ [ 77.66738195319671, 12.92330279488823 ], [ 77.6673004, 12.9235985 ], [ 77.6671748, 12.9239123 ], [ 77.6671267, 12.9240326 ], [ 77.6670649, 12.9241872 ], [ 77.6670446, 12.924457 ], [ 77.6670422, 12.9244875 ], [ 77.66703, 12.9246239 ], [ 77.6670223, 12.9247103 ], [ 77.6670161, 12.9247861 ], [ 77.6669926, 12.9249859 ], [ 77.6669847, 12.9251449 ] ] } },
{ "type": "Feature", "properties": { "full_id": "w40696221", "osm_id": "40696221", "osm_type": "way", "highway": "trunk" }, "geometry": { "type": "LineString", "coordinates": [ [ 77.622759206462561, 12.917358050130828 ], [ 77.6228925, 12.9171404 ], [ 77.6240446, 12.9151188 ] ] } },
{ "type": "Feature", "properties": { "full_id": "w40696226", "osm_id": "40696226", "osm_type": "way", "highway": "tertiary" }, "geometry": { "type": "LineString", "coordinates": [ [ 77.6295728, 12.9063131 ], [ 77.6297283, 12.9060504 ], [ 77.6297364, 12.9060367 ], [ 77.6298178, 12.9058953 ], [ 77.6301345, 12.9054989 ], [ 77.6302308, 12.9053472 ], [ 77.6304063, 12.9049657 ], [ 77.6304697, 12.9048596 ], [ 77.6305511, 12.9047234 ], [ 77.6311962, 12.9036784 ], [ 77.631204630107149, 12.903664603542065 ] ] } },
{ "type": "Feature", "properties": { "full_id": "w45194398", "osm_id": "45194398", "osm_type": "way", "highway": "secondary" }, "geometry": { "type": "LineString", "coordinates": [ [ 77.641227, 12.9054993 ], [ 77.6412802, 12.9054899 ], [ 77.6416858, 12.9054444 ], [ 77.6419959, 12.9053703 ], [ 77.6423913, 12.9052782 ], [ 77.6426201, 12.9052082 ], [ 77.6426519, 12.9051985 ], [ 77.6430796, 12.9050859 ], [ 77.6435395, 12.9049427 ], [ 77.6435872, 12.9049308 ], [ 77.6437174, 12.9048982 ], [ 77.6437987, 12.9048779 ], [ 77.6438629, 12.9048619 ], [ 77.644078581509447, 12.90480792447053 ] ] } },
{ "type": "Feature", "properties": { "full_id": "w45194562", "osm_id": "45194562", "osm_type": "way", "highway": "tertiary" }, "geometry": { "type": "LineString", "coordinates": [ [ 77.6444765, 12.9091051 ], [ 77.6443035, 12.9091088 ] ] } },
{ "type": "Feature", "properties": { "full_id": "w45194564", "osm_id": "45194564", "osm_type": "way", "highway": "tertiary" }, "geometry": { "type": "MultiLineString", "coordinates": [ [ [ 77.6487992, 12.9035457 ], [ 77.648700939516985, 12.903387201871476 ] ], [ [ 77.648581176312618, 12.901084131199543 ], [ 77.6485827, 12.9010648 ], [ 77.6486089, 12.9007843 ], [ 77.6486233, 12.9006687 ], [ 77.6486457, 12.9005195 ], [ 77.6486848, 12.900273 ], [ 77.6487213, 12.9000357 ], [ 77.648799211923603, 12.899672468314895 ] ] ] } },
{ "type": "Feature", "properties": { "full_id": "w46267215", "osm_id": "46267215", "osm_type": "way", "highway": "residential" }, "geometry": { "type": "MultiLineString", "coordinates": [ [ [ 77.668241, 12.9254135 ], [ 77.668567648399005, 12.92543804040082 ] ], [ [ 77.669198979183051, 12.9269577550525 ], [ 77.669198, 12.9271959 ], [ 77.6691979, 12.9272295 ] ] ] } },
{ "type": "Feature", "properties": { "full_id": "w46267218", "osm_id": "46267218", "osm_type": "way", "highway": "residential" }, "geometry": { "type": "LineString", "coordinates": [ [ 77.6678176, 12.9288125 ], [ 77.6681466, 12.9288282 ], [ 77.6682773, 12.9288234 ], [ 77.6689085, 12.9288383 ], [ 77.669054, 12.9288443 ], [ 77.6692268, 12.9288515 ], [ 77.669305, 12.9288477 ], [ 77.669341974156538, 12.928845905138033 ] ] } },
{ "type": "Feature", "properties": { "full_id": "w49047601", "osm_id": "49047601", "osm_type": "way", "highway": "residential" }, "geometry": { "type": "LineString", "coordinates": [ [ 77.6488196, 12.9087755 ], [ 77.6487955, 12.9083393 ], [ 77.6487362, 12.9080205 ], [ 77.648677, 12.9077029 ], [ 77.6486228, 12.9074115 ], [ 77.6485727, 12.9071428 ], [ 77.6485253, 12.9068881 ], [ 77.6484576, 12.9065182 ] ] } },
{ "type": "Feature", "properties": { "full_id": "w60194989", "osm_id": "60194989", "osm_type": "way", "highway": "tertiary" }, "geometry": { "type": "LineString", "coordinates": [ [ 77.6271896, 12.9103916 ], [ 77.6272346, 12.9103992 ], [ 77.6273218, 12.9104048 ], [ 77.6275224, 12.9104177 ], [ 77.6279584, 12.9105213 ], [ 77.6284138, 12.9107738 ], [ 77.6284158, 12.9107749 ], [ 77.6285032, 12.9108026 ], [ 77.628794, 12.9109404 ], [ 77.6290828, 12.9110241 ], [ 77.6293835, 12.9110897 ], [ 77.6296346, 12.9111783 ], [ 77.6306589, 12.911441 ], [ 77.6308068, 12.9114789 ], [ 77.6318918, 12.9117549 ], [ 77.6323544, 12.9118869 ], [ 77.6324381, 12.9119096 ] ] } },
{ "type": "Feature", "properties": { "full_id": "w60194990", "osm_id": "60194990", "osm_type": "way", "highway": "residential" }, "geometry": { "type": "LineString", "coordinates": [ [ 77.6305719, 12.9110661 ], [ 77.630505, 12.9110452 ], [ 77.6304379, 12.9110452 ], [ 77.6302958, 12.91104 ], [ 77.6301804, 12.9110321 ], [ 77.6300517, 12.9110138 ], [ 77.6299256, 12.9109877 ], [ 77.6297781, 12.9109746 ], [ 77.6296601, 12.9109772 ], [ 77.6296346, 12.9111783 ] ] } },
{ "type": "Feature", "properties": { "full_id": "w60195082", "osm_id": "60195082", "osm_type": "way", "highway": "residential" }, "geometry": { "type": "LineString", "coordinates": [ [ 77.6497307, 12.9225543 ], [ 77.6502755, 12.922476 ], [ 77.6502919, 12.9224736 ], [ 77.650475, 12.9224442 ] ] } },
{ "type": "Feature", "properties": { "full_id": "w69990652", "osm_id": "69990652", "osm_type": "way", "highway": "residential" }, "geometry": { "type": "LineString", "coordinates": [ [ 77.6518784, 12.9089369 ], [ 77.6519665, 12.9089301 ], [ 77.6523932, 12.9089062 ], [ 77.6532697, 12.9088204 ] ] } },
{ "type": "Feature", "properties": { "full_id": "w90843338", "osm_id": "90843338", "osm_type": "way", "highway": "residential" }, "geometry": { "type": "LineString", "coordinates": [ [ 77.6536077, 12.9167364 ], [ 77.6537337, 12.9174263 ], [ 77.6538121, 12.9177923 ] ] } },
{ "type": "Feature", "properties": { "full_id": "w90843343", "osm_id": "90843343", "osm_type": "way", "highway": "residential" }, "geometry": { "type": "LineString", "coordinates": [ [ 77.651633, 12.9196937 ], [ 77.6517266, 12.9196621 ], [ 77.6521539, 12.9196705 ], [ 77.654116, 12.9197696 ], [ 77.6544595, 12.9197639 ] ] } },
{ "type": "Feature", "properties": { "full_id": "w97187758", "osm_id": "97187758", "osm_type": "way", "highway": "residential" }, "geometry": { "type": "LineString", "coordinates": [ [ 77.6292106, 12.9166108 ], [ 77.6292027, 12.9164913 ], [ 77.6292008, 12.9164633 ], [ 77.6291947, 12.9163717 ] ] } },
{ "type": "Feature", "properties": { "full_id": "w115596422", "osm_id": "115596422", "osm_type": "way", "highway": "residential" }, "geometry": { "type": "LineString", "coordinates": [ [ 77.6659947, 12.9237805 ], [ 77.6660096, 12.9242452 ], [ 77.6660398, 12.9243219 ], [ 77.6660605, 12.9243744 ], [ 77.6660698, 12.9247693 ], [ 77.6660821, 12.9252053 ] ] } },
{ "type": "Feature", "properties": { "full_id": "w115596431", "osm_id": "115596431", "osm_type": "way", "highway": "residential" }, "geometry": { "type": "LineString", "coordinates": [ [ 77.662904392409345, 12.926653598391113 ], [ 77.662978, 12.9266692 ], [ 77.6637151, 12.9267791 ], [ 77.6639777, 12.9268189 ], [ 77.6650963, 12.9270024 ], [ 77.6652216, 12.9270177 ], [ 77.6652842, 12.927028 ] ] } },
{ "type": "Feature", "properties": { "full_id": "w123624216", "osm_id": "123624216", "osm_type": "way", "highway": "residential" }, "geometry": { "type": "LineString", "coordinates": [ [ 77.6387077, 12.9210089 ], [ 77.638669737607898, 12.92102174962991 ] ] } },
{ "type": "Feature", "properties": { "full_id": "w123624218", "osm_id": "123624218", "osm_type": "way", "highway": "footway" }, "geometry": { "type": "LineString", "coordinates": [ [ 77.6402133, 12.9234311 ], [ 77.6402681, 12.9235444 ], [ 77.6403427, 12.9235142 ], [ 77.6411754, 12.9232428 ], [ 77.6413399, 12.9232058 ], [ 77.6414775, 12.9232317 ], [ 77.6423785, 12.9234685 ], [ 77.6429546, 12.9236193 ], [ 77.6444855, 12.9240326 ], [ 77.6445632, 12.9240336 ], [ 77.644602, 12.9240302 ], [ 77.6446436, 12.9240138 ], [ 77.6447921, 12.9237957 ], [ 77.6448739, 12.9236832 ], [ 77.6450879, 12.9233292 ], [ 77.6451388, 12.9232579 ], [ 77.6452661, 12.9230083 ], [ 77.6452859, 12.9229147 ], [ 77.6452824, 12.9228717 ], [ 77.6452762, 12.9228224 ], [ 77.6445447, 12.9221232 ], [ 77.6441317, 12.921639 ], [ 77.6439499, 12.9214258 ], [ 77.6428994, 12.9201486 ], [ 77.6423677, 12.9193957 ], [ 77.6420254, 12.9189324 ], [ 77.6419042, 12.9188036 ], [ 77.6417662, 12.9186481 ], [ 77.6412176, 12.9180409 ], [ 77.6409007, 12.9177267 ], [ 77.6405881, 12.9174383 ], [ 77.6404303, 12.9172982 ], [ 77.6402943, 12.9171774 ], [ 77.6401394, 12.9170382 ], [ 77.6400368, 12.9169676 ], [ 77.6397761, 12.9167882 ], [ 77.6395847, 12.9166754 ], [ 77.6392547, 12.9165392 ], [ 77.6391419, 12.9165055 ], [ 77.6390307, 12.916469 ], [ 77.6389582, 12.9164893 ], [ 77.6389089, 12.9165405 ], [ 77.6388986, 12.9165485 ], [ 77.6386904, 12.9167869 ], [ 77.6386419, 12.9169231 ], [ 77.6386316, 12.9170116 ], [ 77.6386938, 12.9180236 ], [ 77.6387768, 12.9196661 ], [ 77.6388786, 12.9201975 ], [ 77.6390182, 12.9207359 ], [ 77.6391292, 12.9211059 ], [ 77.6392993, 12.9215745 ], [ 77.6395192, 12.9219871 ], [ 77.6398059, 12.9225377 ], [ 77.6400949, 12.9231743 ] ] } },
{ "type": "Feature", "properties": { "full_id": "w128220108", "osm_id": "128220108", "osm_type": "way", "highway": "residential" }, "geometry": { "type": "LineString", "coordinates": [ [ 77.6287456, 12.9076795 ], [ 77.6289722, 12.9076541 ], [ 77.6292178, 12.9076265 ], [ 77.6297884, 12.9075539 ], [ 77.6298025, 12.9082585 ], [ 77.6297786, 12.9085288 ], [ 77.6297631, 12.9087257 ], [ 77.629723, 12.9089573 ], [ 77.6297228, 12.9091804 ], [ 77.6296517, 12.9096301 ], [ 77.6295968, 12.9100204 ], [ 77.6295114, 12.9103969 ], [ 77.6293835, 12.9110897 ] ] } },
{ "type": "Feature", "properties": { "full_id": "w128220129", "osm_id": "128220129", "osm_type": "way", "highway": "residential" }, "geometry": { "type": "LineString", "coordinates": [ [ 77.6307918, 12.908853 ], [ 77.6306842, 12.9090363 ] ] } },
{ "type": "Feature", "properties": { "full_id": "w128220131", "osm_id": "128220131", "osm_type": "way", "highway": "residential" }, "geometry": { "type": "LineString", "coordinates": [ [ 77.625485, 12.9135555 ], [ 77.6265375, 12.9133691 ], [ 77.6273518, 12.9132127 ] ] } },
{ "type": "Feature", "properties": { "full_id": "w128220132", "osm_id": "128220132", "osm_type": "way", "highway": "residential" }, "geometry": { "type": "LineString", "coordinates": [ [ 77.6311673, 12.9077173 ], [ 77.6320995, 12.9077156 ] ] } },
{ "type": "Feature", "properties": { "full_id": "w128220134", "osm_id": "128220134", "osm_type": "way", "highway": "residential" }, "geometry": { "type": "LineString", "coordinates": [ [ 77.6430825, 12.9068804 ], [ 77.6430899, 12.9071943 ], [ 77.6430949, 12.9074471 ], [ 77.6431015, 12.9079104 ], [ 77.6430811, 12.9085292 ], [ 77.643064, 12.9088038 ], [ 77.6430578, 12.9091829 ] ] } },
{ "type": "Feature", "properties": { "full_id": "w128220148", "osm_id": "128220148", "osm_type": "way", "highway": "residential" }, "geometry": { "type": "LineString", "coordinates": [ [ 77.6412833, 12.9069239 ], [ 77.6417409, 12.9069076 ], [ 77.6422207, 12.9068944 ], [ 77.6425872, 12.9068787 ], [ 77.6428458, 12.906883 ], [ 77.6430825, 12.9068804 ], [ 77.6431752, 12.9068769 ], [ 77.6433471, 12.9068722 ], [ 77.6435719, 12.9068697 ], [ 77.6436272, 12.9068677 ], [ 77.6438, 12.9068626 ], [ 77.6442328, 12.9068484 ] ] } },
{ "type": "Feature", "properties": { "full_id": "w128220155", "osm_id": "128220155", "osm_type": "way", "highway": "residential" }, "geometry": { "type": "LineString", "coordinates": [ [ 77.6443035, 12.9091088 ], [ 77.6443022, 12.908712 ], [ 77.6442697, 12.9077765 ], [ 77.6442328, 12.9068484 ], [ 77.6442114, 12.9062719 ], [ 77.644156356307008, 12.904792700467606 ] ] } },
{ "type": "Feature", "properties": { "full_id": "w128220166", "osm_id": "128220166", "osm_type": "way", "highway": "residential" }, "geometry": { "type": "LineString", "coordinates": [ [ 77.633585042788368, 12.906807500624517 ], [ 77.6335856, 12.9068195 ] ] } },
{ "type": "Feature", "properties": { "full_id": "w128220170", "osm_id": "128220170", "osm_type": "way", "highway": "residential" }, "geometry": { "type": "LineString", "coordinates": [ [ 77.634210185973274, 12.907062106594521 ], [ 77.6342392, 12.9074818 ], [ 77.6342624, 12.9078177 ] ] } },
{ "type": "Feature", "properties": { "full_id": "w128220172", "osm_id": "128220172", "osm_type": "way", "highway": "residential" }, "geometry": { "type": "LineString", "coordinates": [ [ 77.6320995, 12.9077156 ], [ 77.6320968, 12.9079887 ], [ 77.6320891, 12.9082375 ], [ 77.632079, 12.9085663 ], [ 77.6319059, 12.9085675 ] ] } },
{ "type": "Feature", "properties": { "full_id": "w128220185", "osm_id": "128220185", "osm_type": "way", "highway": "residential" }, "geometry": { "type": "LineString", "coordinates": [ [ 77.632551974591351, 12.904381052345569 ], [ 77.6325252, 12.9043824 ] ] } },
{ "type": "Feature", "properties": { "full_id": "w128220188", "osm_id": "128220188", "osm_type": "way", "highway": "residential" }, "geometry": { "type": "LineString", "coordinates": [ [ 77.6294687, 12.9082573 ], [ 77.6298025, 12.9082585 ], [ 77.6302114, 12.9082737 ], [ 77.630511, 12.9083003 ], [ 77.6306445, 12.9083208 ], [ 77.6314811, 12.9084492 ], [ 77.6315767, 12.9085225 ], [ 77.6319059, 12.9085675 ] ] } },
{ "type": "Feature", "properties": { "full_id": "w128220195", "osm_id": "128220195", "osm_type": "way", "highway": "residential" }, "geometry": { "type": "LineString", "coordinates": [ [ 77.6321009, 12.9066911 ], [ 77.6321063, 12.9059286 ], [ 77.6320901, 12.9059157 ], [ 77.6316807, 12.9059353 ], [ 77.631668, 12.905923 ], [ 77.6316928, 12.9053706 ] ] } },
{ "type": "Feature", "properties": { "full_id": "w128220197", "osm_id": "128220197", "osm_type": "way", "highway": "residential" }, "geometry": { "type": "LineString", "coordinates": [ [ 77.6255541, 12.9138922 ], [ 77.625485, 12.9135555 ], [ 77.6254581, 12.913437 ], [ 77.6254261, 12.9133136 ], [ 77.6254162, 12.9132753 ] ] } },
{ "type": "Feature", "properties": { "full_id": "w128220199", "osm_id": "128220199", "osm_type": "way", "highway": "residential" }, "geometry": { "type": "LineString", "coordinates": [ [ 77.6320968, 12.9079887 ], [ 77.631463, 12.9079884 ], [ 77.6310417, 12.9079579 ] ] } },
{ "type": "Feature", "properties": { "full_id": "w128220202", "osm_id": "128220202", "osm_type": "way", "highway": "residential" }, "geometry": { "type": "LineString", "coordinates": [ [ 77.63586653431372, 12.907029266163287 ], [ 77.6358704, 12.9070505 ] ] } },
{ "type": "Feature", "properties": { "full_id": "w128220208", "osm_id": "128220208", "osm_type": "way", "highway": "residential" }, "geometry": { "type": "LineString", "coordinates": [ [ 77.6271896, 12.9103916 ], [ 77.6271716, 12.9109024 ], [ 77.6271598, 12.9112393 ], [ 77.6271522, 12.9114547 ], [ 77.6271504, 12.9115064 ], [ 77.6271487, 12.9120587 ], [ 77.6271511, 12.9120834 ], [ 77.6271856, 12.912474 ], [ 77.6271908, 12.912564 ], [ 77.6272, 12.9126519 ], [ 77.6272855, 12.9129677 ], [ 77.6273518, 12.9132127 ], [ 77.6274227, 12.9135476 ], [ 77.6274474, 12.9136555 ], [ 77.627554, 12.9141173 ] ] } },
{ "type": "Feature", "properties": { "full_id": "w128220217", "osm_id": "128220217", "osm_type": "way", "highway": "residential" }, "geometry": { "type": "LineString", "coordinates": [ [ 77.6319536, 12.9092482 ], [ 77.6306842, 12.9090363 ], [ 77.6306525, 12.9090674 ], [ 77.6306453, 12.9091544 ], [ 77.6306032, 12.9093456 ], [ 77.6305114, 12.9097426 ] ] } },
{ "type": "Feature", "properties": { "full_id": "w133420271", "osm_id": "133420271", "osm_type": "way", "highway": "tertiary" }, "geometry": { "type": "LineString", "coordinates": [ [ 77.6653306, 12.9230168 ], [ 77.6653496, 12.9227065 ], [ 77.6654204, 12.9220916 ], [ 77.6654511, 12.921859 ], [ 77.6654784, 12.9216642 ], [ 77.665521906633231, 12.921340887378255 ] ] } },
{ "type": "Feature", "properties": { "full_id": "w133524196", "osm_id": "133524196", "osm_type": "way", "highway": "residential" }, "geometry": { "type": "LineString", "coordinates": [ [ 77.6468481, 12.9066531 ], [ 77.6468129, 12.9064924 ] ] } },
{ "type": "Feature", "properties": { "full_id": "w133944946", "osm_id": "133944946", "osm_type": "way", "highway": "residential" }, "geometry": { "type": "LineString", "coordinates": [ [ 77.6395172, 12.9092631 ], [ 77.6394915, 12.9089154 ], [ 77.6394713, 12.9086454 ], [ 77.639451, 12.9083729 ], [ 77.6394422, 12.9078761 ], [ 77.6394369, 12.907419 ], [ 77.6394293, 12.9072476 ], [ 77.6394174, 12.9069809 ], [ 77.6392789, 12.906663 ], [ 77.6391834, 12.9063106 ] ] } },
{ "type": "Feature", "properties": { "full_id": "w133944951", "osm_id": "133944951", "osm_type": "way", "highway": "residential" }, "geometry": { "type": "LineString", "coordinates": [ [ 77.6389642, 12.907895 ], [ 77.6394422, 12.9078761 ], [ 77.6398722, 12.9078658 ], [ 77.6402049, 12.9078589 ], [ 77.6405222, 12.9078431 ], [ 77.6409133, 12.9078253 ], [ 77.64131, 12.9078085 ] ] } },
{ "type": "Feature", "properties": { "full_id": "w133944952", "osm_id": "133944952", "osm_type": "way", "highway": "residential" }, "geometry": { "type": "LineString", "coordinates": [ [ 77.6389993, 12.9083908 ], [ 77.6389642, 12.907895 ] ] } },
{ "type": "Feature", "properties": { "full_id": "w133945863", "osm_id": "133945863", "osm_type": "way", "highway": "residential" }, "geometry": { "type": "LineString", "coordinates": [ [ 77.6380543, 12.9103561 ], [ 77.6401171, 12.910317 ], [ 77.640905, 12.910301 ], [ 77.6415659, 12.910288 ] ] } },
{ "type": "Feature", "properties": { "full_id": "w133945864", "osm_id": "133945864", "osm_type": "way", "highway": "residential" }, "geometry": { "type": "LineString", "coordinates": [ [ 77.6380684, 12.9114426 ], [ 77.6395432, 12.9114229 ] ] } },
{ "type": "Feature", "properties": { "full_id": "w133945865", "osm_id": "133945865", "osm_type": "way", "highway": "residential" }, "geometry": { "type": "LineString", "coordinates": [ [ 77.6380617, 12.9108987 ], [ 77.6393081, 12.9108854 ] ] } },
{ "type": "Feature", "properties": { "full_id": "w133945918", "osm_id": "133945918", "osm_type": "way", "highway": "residential" }, "geometry": { "type": "LineString", "coordinates": [ [ 77.6387205, 12.9144757 ], [ 77.6387195, 12.9144074 ], [ 77.638712, 12.9139456 ], [ 77.6387023, 12.9133355 ], [ 77.6386881, 12.9128576 ] ] } },
{ "type": "Feature", "properties": { "full_id": "w135532011", "osm_id": "135532011", "osm_type": "way", "highway": "residential" }, "geometry": { "type": "LineString", "coordinates": [ [ 77.6431015, 12.9079104 ], [ 77.6433945, 12.9078733 ], [ 77.6436203, 12.9078446 ], [ 77.6437888, 12.9078233 ], [ 77.6438342, 12.907818 ], [ 77.6442697, 12.9077765 ] ] } },
{ "type": "Feature", "properties": { "full_id": "w135532012", "osm_id": "135532012", "osm_type": "way", "highway": "residential" }, "geometry": { "type": "LineString", "coordinates": [ [ 77.6436272, 12.9068677 ], [ 77.6435888, 12.9062647 ] ] } },
{ "type": "Feature", "properties": { "full_id": "w135532013", "osm_id": "135532013", "osm_type": "way", "highway": "residential" }, "geometry": { "type": "LineString", "coordinates": [ [ 77.6436277, 12.9084151 ], [ 77.6436203, 12.9078446 ], [ 77.6435957, 12.9071414 ], [ 77.6435719, 12.9068697 ] ] } },
{ "type": "Feature", "properties": { "full_id": "w135532015", "osm_id": "135532015", "osm_type": "way", "highway": "residential" }, "geometry": { "type": "LineString", "coordinates": [ [ 77.6442114, 12.9062719 ], [ 77.6438769, 12.9062682 ], [ 77.6436367, 12.9062656 ], [ 77.6435888, 12.9062647 ], [ 77.6431406, 12.9062401 ], [ 77.6427895, 12.9062199 ], [ 77.6426568, 12.9062115 ], [ 77.6425673, 12.9062076 ], [ 77.6421756, 12.9061868 ], [ 77.6417189, 12.9061543 ], [ 77.6412495, 12.9061201 ] ] } },
{ "type": "Feature", "properties": { "full_id": "w135538057", "osm_id": "135538057", "osm_type": "way", "highway": "residential" }, "geometry": { "type": "LineString", "coordinates": [ [ 77.639451, 12.9083729 ], [ 77.639183, 12.908393 ], [ 77.6389993, 12.9083908 ], [ 77.6384103, 12.9083494 ] ] } },
{ "type": "Feature", "properties": { "full_id": "w136017964", "osm_id": "136017964", "osm_type": "way", "highway": "residential" }, "geometry": { "type": "LineString", "coordinates": [ [ 77.6422207, 12.9068944 ], [ 77.6421756, 12.9061868 ] ] } },
{ "type": "Feature", "properties": { "full_id": "w136017965", "osm_id": "136017965", "osm_type": "way", "highway": "residential" }, "geometry": { "type": "LineString", "coordinates": [ [ 77.6401796, 12.907342 ], [ 77.6408867, 12.9072906 ] ] } },
{ "type": "Feature", "properties": { "full_id": "w136017966", "osm_id": "136017966", "osm_type": "way", "highway": "residential" }, "geometry": { "type": "LineString", "coordinates": [ [ 77.6408695, 12.9064322 ], [ 77.6408809, 12.9067299 ] ] } },
{ "type": "Feature", "properties": { "full_id": "w136017967", "osm_id": "136017967", "osm_type": "way", "highway": "residential" }, "geometry": { "type": "LineString", "coordinates": [ [ 77.6427895, 12.9062199 ], [ 77.6428458, 12.906883 ] ] } },
{ "type": "Feature", "properties": { "full_id": "w136017968", "osm_id": "136017968", "osm_type": "way", "highway": "residential" }, "geometry": { "type": "LineString", "coordinates": [ [ 77.6425673, 12.9062076 ], [ 77.6425872, 12.9068787 ] ] } },
{ "type": "Feature", "properties": { "full_id": "w136017969", "osm_id": "136017969", "osm_type": "way", "highway": "residential" }, "geometry": { "type": "LineString", "coordinates": [ [ 77.6417409, 12.9069076 ], [ 77.6417189, 12.9061543 ] ] } },
{ "type": "Feature", "properties": { "full_id": "w136017970", "osm_id": "136017970", "osm_type": "way", "highway": "residential" }, "geometry": { "type": "LineString", "coordinates": [ [ 77.6409133, 12.9078253 ], [ 77.6409254, 12.9080488 ], [ 77.6409355, 12.9082369 ], [ 77.6409521, 12.9085486 ], [ 77.6409588, 12.9088411 ] ] } },
{ "type": "Feature", "properties": { "full_id": "w136017971", "osm_id": "136017971", "osm_type": "way", "highway": "residential" }, "geometry": { "type": "LineString", "coordinates": [ [ 77.6438682, 12.9087371 ], [ 77.643064, 12.9088038 ], [ 77.6418176, 12.9088402 ], [ 77.6413473, 12.9088273 ], [ 77.6409588, 12.9088411 ], [ 77.640258, 12.9088662 ] ] } },
{ "type": "Feature", "properties": { "full_id": "w136017973", "osm_id": "136017973", "osm_type": "way", "highway": "residential" }, "geometry": { "type": "LineString", "coordinates": [ [ 77.6399073, 12.9092581 ], [ 77.6398722, 12.9078658 ], [ 77.639835, 12.9068964 ] ] } },
{ "type": "Feature", "properties": { "full_id": "w136017975", "osm_id": "136017975", "osm_type": "way", "highway": "residential" }, "geometry": { "type": "LineString", "coordinates": [ [ 77.6402669, 12.9092534 ], [ 77.640258, 12.9088662 ], [ 77.6402425, 12.9085725 ], [ 77.6402268, 12.908265 ], [ 77.6402049, 12.9078589 ], [ 77.6401796, 12.907342 ], [ 77.6401638, 12.9070787 ], [ 77.6401483, 12.9068446 ] ] } },
{ "type": "Feature", "properties": { "full_id": "w136017976", "osm_id": "136017976", "osm_type": "way", "highway": "residential" }, "geometry": { "type": "LineString", "coordinates": [ [ 77.6394174, 12.9069809 ], [ 77.639835, 12.9068964 ], [ 77.6401483, 12.9068446 ], [ 77.6408809, 12.9067299 ], [ 77.6408962, 12.907016 ], [ 77.6408867, 12.9072906 ], [ 77.6408963, 12.9075308 ], [ 77.6409133, 12.9078253 ] ] } },
{ "type": "Feature", "properties": { "full_id": "w136018582", "osm_id": "136018582", "osm_type": "way", "highway": "residential" }, "geometry": { "type": "LineString", "coordinates": [ [ 77.6422946, 12.9097073 ], [ 77.6419996, 12.9097146 ], [ 77.6416084, 12.9097219 ] ] } },
{ "type": "Feature", "properties": { "full_id": "w136018583", "osm_id": "136018583", "osm_type": "way", "highway": "residential" }, "geometry": { "type": "LineString", "coordinates": [ [ 77.638047, 12.9097988 ], [ 77.6399415, 12.909747 ], [ 77.6415599, 12.9097227 ], [ 77.6415644, 12.9097226 ], [ 77.6416084, 12.9097219 ] ] } },
{ "type": "Feature", "properties": { "full_id": "w137776383", "osm_id": "137776383", "osm_type": "way", "highway": "residential" }, "geometry": { "type": "LineString", "coordinates": [ [ 77.6548124, 12.9015609 ], [ 77.6548747, 12.9015573 ], [ 77.6550512, 12.9015472 ], [ 77.6552408, 12.9015206 ], [ 77.655391, 12.9015054 ], [ 77.6556267, 12.901485 ], [ 77.6558946, 12.9014391 ], [ 77.6561714, 12.9014035 ], [ 77.656218796817285, 12.90139494068298 ] ] } },
{ "type": "Feature", "properties": { "full_id": "w147129314", "osm_id": "147129314", "osm_type": "way", "highway": "footway" }, "geometry": { "type": "LineString", "coordinates": [ [ 77.6296816, 12.9062469 ], [ 77.629474253982124, 12.906134771731761 ] ] } },
{ "type": "Feature", "properties": { "full_id": "w147695810", "osm_id": "147695810", "osm_type": "way", "highway": "secondary" }, "geometry": { "type": "LineString", "coordinates": [ [ 77.6397562, 12.9232901 ], [ 77.6394341, 12.9226037 ], [ 77.6389024, 12.921596 ], [ 77.6387077, 12.9210089 ], [ 77.6385533, 12.920483 ], [ 77.6384259, 12.9198327 ], [ 77.6383858, 12.9194032 ], [ 77.6383333, 12.9179644 ], [ 77.6382615, 12.9161919 ], [ 77.6382608, 12.9161749 ], [ 77.6382588, 12.9161262 ] ] } },
{ "type": "Feature", "properties": { "full_id": "w148211164", "osm_id": "148211164", "osm_type": "way", "highway": "tertiary" }, "geometry": { "type": "LineString", "coordinates": [ [ 77.638945025169122, 12.905749482201156 ], [ 77.6389368, 12.9057627 ] ] } },
{ "type": "Feature", "properties": { "full_id": "w148211165", "osm_id": "148211165", "osm_type": "way", "highway": "secondary" }, "geometry": { "type": "LineString", "coordinates": [ [ 77.6289631, 12.9071733 ], [ 77.628873673263982, 12.907108173416567 ] ] } },
{ "type": "Feature", "properties": { "full_id": "w151676283", "osm_id": "151676283", "osm_type": "way", "highway": "primary" }, "geometry": { "type": "LineString", "coordinates": [ [ 77.649974, 12.9244696 ], [ 77.649937, 12.9245563 ], [ 77.6498925, 12.9245823 ], [ 77.6498537, 12.924589 ], [ 77.6497268, 12.924611 ], [ 77.6495523, 12.9246176 ], [ 77.6493442, 12.9246511 ], [ 77.6492644, 12.9246573 ], [ 77.6491711, 12.9246646 ], [ 77.6490252, 12.9246613 ], [ 77.648397, 12.9246072 ], [ 77.6479885, 12.9245819 ], [ 77.6476297, 12.9245581 ], [ 77.6474318, 12.9245443 ], [ 77.6466324, 12.9244807 ], [ 77.6453212, 12.9244444 ], [ 77.6451601, 12.924424 ], [ 77.6449262, 12.9243563 ], [ 77.6435221, 12.9239186 ], [ 77.6431918, 12.9238283 ], [ 77.6431436, 12.9238151 ], [ 77.6415461, 12.9233783 ], [ 77.6414334, 12.9233488 ], [ 77.6413506, 12.9233394 ], [ 77.6412934, 12.9233383 ], [ 77.6412327, 12.9233503 ], [ 77.6411747, 12.9233636 ], [ 77.6403436, 12.9236908 ], [ 77.6403323, 12.9236953 ], [ 77.6401349, 12.9237686 ], [ 77.6399982, 12.9238197 ], [ 77.639971613798934, 12.923830327022864 ] ] } },
{ "type": "Feature", "properties": { "full_id": "w151676288", "osm_id": "151676288", "osm_type": "way", "highway": "primary" }, "geometry": { "type": "LineString", "coordinates": [ [ 77.6473465, 12.9240607 ], [ 77.6475504, 12.9240961 ], [ 77.6477967, 12.9241903 ], [ 77.6479308, 12.9242366 ], [ 77.6480798, 12.9242749 ], [ 77.6485004, 12.9243551 ], [ 77.6490529, 12.9244103 ], [ 77.6497704, 12.924456 ], [ 77.649974, 12.9244696 ] ] } },
{ "type": "Feature", "properties": { "full_id": "w152582635", "osm_id": "152582635", "osm_type": "way", "highway": "construction" }, "geometry": { "type": "LineString", "coordinates": [ [ 77.6407524, 12.9170896 ], [ 77.6404386, 12.9168965 ], [ 77.6400242, 12.9165847 ], [ 77.6396755, 12.9163849 ], [ 77.6396325, 12.9163603 ], [ 77.6392731, 12.9162086 ], [ 77.6387339, 12.9160282 ], [ 77.6385381, 12.9159759 ], [ 77.6383418, 12.9159324 ], [ 77.6383343, 12.9159315 ], [ 77.6382607, 12.9159252 ] ] } },
{ "type": "Feature", "properties": { "full_id": "w156678397", "osm_id": "156678397", "osm_type": "way", "highway": "residential" }, "geometry": { "type": "LineString", "coordinates": [ [ 77.65213, 12.9203948 ], [ 77.652143, 12.9200566 ], [ 77.6521539, 12.9196705 ], [ 77.652168, 12.9192358 ], [ 77.6522078, 12.9180676 ], [ 77.6522458, 12.9166864 ], [ 77.652254, 12.9163563 ] ] } },
{ "type": "Feature", "properties": { "full_id": "w160333099", "osm_id": "160333099", "osm_type": "way", "highway": "tertiary" }, "geometry": { "type": "LineString", "coordinates": [ [ 77.6353972, 12.9160919 ], [ 77.6352486, 12.9161183 ], [ 77.6349692, 12.9161434 ], [ 77.6348217, 12.9161567 ], [ 77.6346478, 12.9161724 ], [ 77.6329752, 12.9163296 ], [ 77.632469, 12.916377 ], [ 77.6323651, 12.9163869 ], [ 77.6322932, 12.916394 ], [ 77.6312849, 12.9164957 ], [ 77.6293261, 12.9166044 ], [ 77.6292106, 12.9166108 ] ] } },
{ "type": "Feature", "properties": { "full_id": "w160511376", "osm_id": "160511376", "osm_type": "way", "highway": "motorway" }, "geometry": { "type": "LineString", "coordinates": [ [ 77.6273567, 12.9096992 ], [ 77.6275614, 12.9093186 ] ] } },
{ "type": "Feature", "properties": { "full_id": "w160511377", "osm_id": "160511377", "osm_type": "way", "highway": "motorway" }, "geometry": { "type": "LineString", "coordinates": [ [ 77.6284047, 12.9079368 ], [ 77.6285739, 12.9076595 ], [ 77.6295985, 12.9059993 ], [ 77.631053451116571, 12.903646817778464 ] ] } },
{ "type": "Feature", "properties": { "full_id": "w163074237", "osm_id": "163074237", "osm_type": "way", "highway": "residential" }, "geometry": { "type": "LineString", "coordinates": [ [ 77.6663502, 12.925726 ], [ 77.6663674, 12.925213 ], [ 77.6663775, 12.9251995 ], [ 77.6664156, 12.9251964 ], [ 77.6669823, 12.9251806 ], [ 77.6669946, 12.9251808 ], [ 77.6672985, 12.925176 ], [ 77.6673478, 12.9251822 ], [ 77.6673528, 12.9252416 ], [ 77.6680633, 12.9252625 ], [ 77.6681078, 12.9252675 ], [ 77.6681363, 12.9252818 ], [ 77.6681413, 12.9253063 ], [ 77.6681343, 12.9256679 ], [ 77.6681169, 12.9256782 ], [ 77.6680519, 12.9256894 ] ] } },
{ "type": "Feature", "properties": { "full_id": "w171736473", "osm_id": "171736473", "osm_type": "way", "highway": "residential" }, "geometry": { "type": "LineString", "coordinates": [ [ 77.6654023, 12.9252305 ], [ 77.6654615, 12.9252288 ], [ 77.6654903, 12.9252276 ], [ 77.6658023, 12.9252159 ], [ 77.6658317, 12.9252148 ], [ 77.6660821, 12.9252053 ], [ 77.6661488, 12.9252262 ], [ 77.6661911, 12.9252593 ], [ 77.6662155, 12.9253022 ], [ 77.6662273, 12.9258114 ] ] } },
{ "type": "Feature", "properties": { "full_id": "w191344926", "osm_id": "191344926", "osm_type": "way", "highway": "residential" }, "geometry": { "type": "LineString", "coordinates": [ [ 77.6444063, 12.905945 ], [ 77.6448477, 12.9059001 ], [ 77.6450581, 12.9058539 ], [ 77.6451317, 12.9060671 ], [ 77.6451786, 12.906062 ], [ 77.6453899, 12.9059696 ], [ 77.6456544, 12.9058538 ], [ 77.6459682, 12.905713 ], [ 77.6462683, 12.9055729 ], [ 77.6465597, 12.9054476 ], [ 77.646587, 12.9054344 ], [ 77.6469194, 12.9054002 ], [ 77.6473164, 12.9053592 ], [ 77.6477486, 12.9053092 ], [ 77.6481181, 12.9052527 ], [ 77.6485307, 12.9051964 ], [ 77.6489549, 12.9051429 ] ] } },
{ "type": "Feature", "properties": { "full_id": "w195278103", "osm_id": "195278103", "osm_type": "way", "highway": "residential" }, "geometry": { "type": "LineString", "coordinates": [ [ 77.644864993161349, 12.904634668233928 ], [ 77.6451305, 12.9045817 ], [ 77.6453509, 12.9045395 ], [ 77.6454435, 12.9045222 ], [ 77.6455263, 12.9045033 ], [ 77.6457256, 12.9044621 ], [ 77.645759, 12.9044552 ], [ 77.6458294, 12.9044406 ], [ 77.6460283, 12.9043995 ], [ 77.6461945, 12.9043652 ], [ 77.6465522, 12.904292 ], [ 77.6466097, 12.9042802 ], [ 77.6469355, 12.9041966 ], [ 77.6472498, 12.9041182 ], [ 77.6474027, 12.9040767 ], [ 77.6476706, 12.904053 ], [ 77.6477216, 12.9040485 ], [ 77.6478731, 12.9040435 ] ] } },
{ "type": "Feature", "properties": { "full_id": "w202785167", "osm_id": "202785167", "osm_type": "way", "highway": "tertiary" }, "geometry": { "type": "LineString", "coordinates": [ [ 77.651266749806965, 12.89876586309042 ], [ 77.6512669, 12.8987868 ], [ 77.6512558, 12.8988124 ] ] } },
{ "type": "Feature", "properties": { "full_id": "w202785172", "osm_id": "202785172", "osm_type": "way", "highway": "tertiary" }, "geometry": { "type": "LineString", "coordinates": [ [ 77.6506907, 12.9017797 ], [ 77.6507079, 12.901745 ], [ 77.6507263, 12.9017077 ], [ 77.6507784, 12.9016598 ], [ 77.6508632, 12.9016112 ], [ 77.6511968, 12.9014103 ], [ 77.65174, 12.9011121 ] ] } },
{ "type": "Feature", "properties": { "full_id": "w205650913", "osm_id": "205650913", "osm_type": "way", "highway": "tertiary" }, "geometry": { "type": "LineString", "coordinates": [ [ 77.65174, 12.9011121 ], [ 77.6517258, 12.9010568 ], [ 77.6516975, 12.9009464 ], [ 77.6516204, 12.9006282 ], [ 77.6515975, 12.9005159 ], [ 77.6515806, 12.9004238 ], [ 77.6515597, 12.9003336 ], [ 77.6514999, 12.9000408 ], [ 77.6514714, 12.8999166 ], [ 77.6514085, 12.899643 ], [ 77.6513629, 12.8994457 ] ] } },
{ "type": "Feature", "properties": { "full_id": "w217983054", "osm_id": "217983054", "osm_type": "way", "highway": "residential" }, "geometry": { "type": "LineString", "coordinates": [ [ 77.6538575, 12.8980004 ], [ 77.653850862063905, 12.897952428619211 ] ] } },
{ "type": "Feature", "properties": { "full_id": "w217983055", "osm_id": "217983055", "osm_type": "way", "highway": "residential" }, "geometry": { "type": "MultiLineString", "coordinates": [ [ [ 77.6512669, 12.8987868 ], [ 77.6513253, 12.8987306 ], [ 77.6513655, 12.8986783 ], [ 77.6514267, 12.8985691 ], [ 77.651483, 12.8984645 ], [ 77.651554, 12.8983711 ], [ 77.6516283, 12.8983158 ], [ 77.6517467, 12.8982769 ], [ 77.6519262, 12.8982411 ], [ 77.6519595, 12.898236 ], [ 77.6520675, 12.8982195 ], [ 77.6522754, 12.8981851 ], [ 77.6523063, 12.89818 ], [ 77.6524535, 12.8981574 ], [ 77.652551, 12.8981424 ], [ 77.6527425, 12.8981135 ], [ 77.6527633, 12.8981104 ], [ 77.6529947, 12.8980754 ], [ 77.6534492, 12.8980228 ], [ 77.6535181, 12.898019 ], [ 77.6538575, 12.8980004 ], [ 77.654426889415205, 12.89796903570109 ] ], [ [ 77.654594546251033, 12.897980419807229 ], [ 77.654595, 12.8979805 ], [ 77.6546487, 12.8980251 ], [ 77.654658510497399, 12.898065840144408 ] ], [ [ 77.654679124602737, 12.898267219465449 ], [ 77.6546804, 12.8982871 ], [ 77.654921230384915, 12.898302294861464 ] ], [ [ 77.655211021802657, 12.89834427877712 ], [ 77.6552383, 12.8983808 ], [ 77.6552544, 12.8984135 ], [ 77.6552906, 12.8984866 ], [ 77.6554707, 12.8991508 ], [ 77.6555649, 12.8993418 ] ] ] } },
{ "type": "Feature", "properties": { "full_id": "w219649055", "osm_id": "219649055", "osm_type": "way", "highway": "residential" }, "geometry": { "type": "LineString", "coordinates": [ [ 77.6555649, 12.8993418 ], [ 77.655795, 12.899256 ], [ 77.655796410092719, 12.899255580432531 ] ] } },
{ "type": "Feature", "properties": { "full_id": "w229978135", "osm_id": "229978135", "osm_type": "way", "highway": "secondary" }, "geometry": { "type": "LineString", "coordinates": [ [ 77.6449153, 12.9220812 ], [ 77.6449766, 12.9220264 ] ] } },
{ "type": "Feature", "properties": { "full_id": "w230171500", "osm_id": "230171500", "osm_type": "way", "highway": "residential" }, "geometry": { "type": "LineString", "coordinates": [ [ 77.642650853235054, 12.905152273897563 ], [ 77.6426519, 12.9051985 ] ] } },
{ "type": "Feature", "properties": { "full_id": "w230172042", "osm_id": "230172042", "osm_type": "way", "highway": "residential" }, "geometry": { "type": "LineString", "coordinates": [ [ 77.6398734, 12.9120233 ], [ 77.6417182, 12.9119738 ] ] } },
{ "type": "Feature", "properties": { "full_id": "w230172062", "osm_id": "230172062", "osm_type": "way", "highway": "tertiary" }, "geometry": { "type": "LineString", "coordinates": [ [ 77.6431776, 12.9197934 ], [ 77.6428841, 12.9193937 ], [ 77.6428316, 12.9193222 ], [ 77.6428007, 12.9192802 ], [ 77.6424962, 12.9188654 ], [ 77.6424125, 12.9187515 ], [ 77.6422029, 12.9184659 ], [ 77.6421876, 12.9184468 ], [ 77.6420384, 12.9182608 ], [ 77.6418963, 12.9181066 ], [ 77.6415342, 12.9177301 ], [ 77.6411017, 12.917323 ], [ 77.6409196, 12.9171464 ], [ 77.6405578, 12.9167889 ], [ 77.640362, 12.9166242 ], [ 77.6401635, 12.9164804 ], [ 77.6399757, 12.9163523 ], [ 77.6397772, 12.9162504 ], [ 77.6395461, 12.9161325 ], [ 77.6392538, 12.9160224 ], [ 77.6389105, 12.9159078 ], [ 77.6386762, 12.9158375 ], [ 77.6384577, 12.9158105 ], [ 77.6384314, 12.9158072 ], [ 77.6383683, 12.9157991 ] ] } },
{ "type": "Feature", "properties": { "full_id": "w230184833", "osm_id": "230184833", "osm_type": "way", "highway": "tertiary" }, "geometry": { "type": "LineString", "coordinates": [ [ 77.6353956, 12.9160625 ], [ 77.6353868, 12.9159033 ] ] } },
{ "type": "Feature", "properties": { "full_id": "w230210303", "osm_id": "230210303", "osm_type": "way", "highway": "tertiary" }, "geometry": { "type": "LineString", "coordinates": [ [ 77.6498537, 12.924589 ], [ 77.649864504297639, 12.92460134479481 ] ] } },
{ "type": "Feature", "properties": { "full_id": "w230305561", "osm_id": "230305561", "osm_type": "way", "highway": "residential" }, "geometry": { "type": "LineString", "coordinates": [ [ 77.6505891, 12.922423 ], [ 77.6505906, 12.9220456 ], [ 77.6506093, 12.9218318 ], [ 77.6506313, 12.9215665 ], [ 77.6506541, 12.9213193 ], [ 77.6506474, 12.9210743 ] ] } },
{ "type": "Feature", "properties": { "full_id": "w230305565", "osm_id": "230305565", "osm_type": "way", "highway": "residential" }, "geometry": { "type": "LineString", "coordinates": [ [ 77.6479227, 12.92266 ], [ 77.6479261, 12.9227406 ], [ 77.6479711, 12.9228798 ], [ 77.6480138, 12.9232898 ], [ 77.6479952, 12.9234301 ], [ 77.6480821, 12.9235584 ] ] } },
{ "type": "Feature", "properties": { "full_id": "w230402870", "osm_id": "230402870", "osm_type": "way", "highway": "residential" }, "geometry": { "type": "LineString", "coordinates": [ [ 77.6269691, 12.9141678 ], [ 77.6268249, 12.9137291 ] ] } },
{ "type": "Feature", "properties": { "full_id": "w232235457", "osm_id": "232235457", "osm_type": "way", "highway": "residential" }, "geometry": { "type": "LineString", "coordinates": [ [ 77.6300368, 12.9152821 ], [ 77.6298823, 12.91531 ], [ 77.6293488, 12.9154062 ], [ 77.6287838, 12.9155081 ] ] } },
{ "type": "Feature", "properties": { "full_id": "w232237166", "osm_id": "232237166", "osm_type": "way", "highway": "residential" }, "geometry": { "type": "LineString", "coordinates": [ [ 77.6368786, 12.9151811 ], [ 77.636324, 12.915224 ], [ 77.6358679, 12.915268 ], [ 77.6354235, 12.9153138 ], [ 77.6353468, 12.9153217 ], [ 77.6352712, 12.9153289 ], [ 77.6338908, 12.9154519 ], [ 77.6334475, 12.9154757 ] ] } },
{ "type": "Feature", "properties": { "full_id": "w232239392", "osm_id": "232239392", "osm_type": "way", "highway": "tertiary" }, "geometry": { "type": "LineString", "coordinates": [ [ 77.6492385, 12.9195152 ], [ 77.6479989, 12.9193924 ], [ 77.6476803, 12.9194032 ], [ 77.6471863, 12.9194627 ], [ 77.6454813, 12.919575 ], [ 77.64508, 12.9195979 ], [ 77.6450703, 12.9195986 ], [ 77.6449981, 12.9196036 ], [ 77.6448901, 12.9196102 ], [ 77.6446321, 12.9196261 ], [ 77.6445784, 12.9196306 ], [ 77.6443239, 12.9196406 ], [ 77.6433236, 12.9197048 ], [ 77.6432914, 12.9197243 ], [ 77.6431776, 12.9197934 ] ] } },
{ "type": "Feature", "properties": { "full_id": "w232239786", "osm_id": "232239786", "osm_type": "way", "highway": "tertiary" }, "geometry": { "type": "LineString", "coordinates": [ [ 77.6466606, 12.9233911 ], [ 77.645531, 12.922413 ] ] } },
{ "type": "Feature", "properties": { "full_id": "w232333948", "osm_id": "232333948", "osm_type": "way", "highway": "residential" }, "geometry": { "type": "LineString", "coordinates": [ [ 77.6635896, 12.9211189 ], [ 77.6636953, 12.9218196 ], [ 77.663719, 12.9219286 ], [ 77.6637888, 12.9223268 ], [ 77.6638407, 12.9225381 ], [ 77.6638448, 12.9225586 ], [ 77.6639323, 12.9227081 ], [ 77.663946, 12.9227315 ], [ 77.6639803, 12.9227901 ], [ 77.6640299, 12.922913 ], [ 77.664049, 12.9229685 ], [ 77.6640615, 12.9230049 ], [ 77.664071, 12.9231317 ], [ 77.6640402, 12.9236503 ] ] } },
{ "type": "Feature", "properties": { "full_id": "w232414182", "osm_id": "232414182", "osm_type": "way", "highway": "secondary" }, "geometry": { "type": "LineString", "coordinates": [ [ 77.6505818, 12.9119536 ], [ 77.6491823, 12.9119143 ], [ 77.6491125, 12.911913 ], [ 77.6490427, 12.9119116 ] ] } },
{ "type": "Feature", "properties": { "full_id": "w232422095", "osm_id": "232422095", "osm_type": "way", "highway": "secondary" }, "geometry": { "type": "LineString", "coordinates": [ [ 77.6381024, 12.9143945 ], [ 77.6381045, 12.9144473 ], [ 77.6381067, 12.9145041 ], [ 77.6381335, 12.9151871 ], [ 77.6381487, 12.9154942 ] ] } },
{ "type": "Feature", "properties": { "full_id": "w232422354", "osm_id": "232422354", "osm_type": "way", "highway": "tertiary" }, "geometry": { "type": "LineString", "coordinates": [ [ 77.6440755, 12.9213201 ], [ 77.6441788, 12.9214659 ], [ 77.6446856, 12.9220565 ], [ 77.6447192, 12.9221078 ], [ 77.6447299, 12.9221483 ], [ 77.6447554, 12.9221928 ], [ 77.6447751, 12.9222134 ], [ 77.6447983, 12.9222339 ], [ 77.6448298, 12.9222496 ], [ 77.6448609, 12.9222581 ], [ 77.6448955, 12.9222568 ], [ 77.644918, 12.9222499 ], [ 77.6449578, 12.9222706 ], [ 77.6449994, 12.922298 ], [ 77.6451429, 12.9224078 ], [ 77.6454883, 12.9227588 ], [ 77.6460672, 12.9232742 ], [ 77.6463177, 12.9234973 ], [ 77.646535, 12.9236725 ], [ 77.6467456, 12.9238051 ], [ 77.6472229, 12.9240963 ] ] } },
{ "type": "Feature", "properties": { "full_id": "w233128981", "osm_id": "233128981", "osm_type": "way", "highway": "residential" }, "geometry": { "type": "LineString", "coordinates": [ [ 77.6470272, 12.9075835 ], [ 77.6458232, 12.9077034 ] ] } },
{ "type": "Feature", "properties": { "full_id": "w233128990", "osm_id": "233128990", "osm_type": "way", "highway": "residential" }, "geometry": { "type": "LineString", "coordinates": [ [ 77.6449588, 12.9075096 ], [ 77.6449965, 12.9083162 ], [ 77.6449872, 12.9086127 ] ] } },
{ "type": "Feature", "properties": { "full_id": "w233128996", "osm_id": "233128996", "osm_type": "way", "highway": "residential" }, "geometry": { "type": "LineString", "coordinates": [ [ 77.647329, 12.9093454 ], [ 77.6472558, 12.9100352 ], [ 77.6471949, 12.9104865 ], [ 77.647145, 12.9109784 ], [ 77.6470738, 12.9116263 ], [ 77.6470482, 12.9118521 ], [ 77.6470401, 12.9119303 ] ] } },
{ "type": "Feature", "properties": { "full_id": "w233128998", "osm_id": "233128998", "osm_type": "way", "highway": "tertiary" }, "geometry": { "type": "LineString", "coordinates": [ [ 77.6446686, 12.9136013 ], [ 77.6446065, 12.9136028 ], [ 77.6441155, 12.9136585 ], [ 77.6436744, 12.9137272 ], [ 77.6431278, 12.9138082 ], [ 77.6426513, 12.913885 ], [ 77.6421606, 12.913964 ] ] } },
{ "type": "Feature", "properties": { "full_id": "w233129248", "osm_id": "233129248", "osm_type": "way", "highway": "residential" }, "geometry": { "type": "LineString", "coordinates": [ [ 77.6447749, 12.9151886 ], [ 77.6446717, 12.9151999 ], [ 77.6441525, 12.9152888 ], [ 77.643697, 12.9153641 ], [ 77.6433428, 12.9154227 ], [ 77.6423402, 12.9155884 ], [ 77.6417315, 12.9156805 ] ] } },
{ "type": "Feature", "properties": { "full_id": "w233129250", "osm_id": "233129250", "osm_type": "way", "highway": "tertiary" }, "geometry": { "type": "LineString", "coordinates": [ [ 77.6448585, 12.9171778 ], [ 77.6447744, 12.9171787 ], [ 77.644751, 12.917182 ], [ 77.6442672, 12.917202 ], [ 77.6437822, 12.9172112 ], [ 77.6434286, 12.9172298 ], [ 77.6430118, 12.9172342 ], [ 77.642425, 12.9172606 ] ] } },
{ "type": "Feature", "properties": { "full_id": "w233129251", "osm_id": "233129251", "osm_type": "way", "highway": "residential" }, "geometry": { "type": "LineString", "coordinates": [ [ 77.6447685, 12.9150343 ], [ 77.6446642, 12.9150421 ], [ 77.6441883, 12.9151346 ], [ 77.6422507, 12.9154271 ], [ 77.6421761, 12.9154405 ], [ 77.6416458, 12.9155169 ], [ 77.640717, 12.9155757 ], [ 77.6402403, 12.9155983 ], [ 77.6398013, 12.9156224 ] ] } },
{ "type": "Feature", "properties": { "full_id": "w233129252", "osm_id": "233129252", "osm_type": "way", "highway": "service" }, "geometry": { "type": "LineString", "coordinates": [ [ 77.6416051, 12.9156879 ], [ 77.6396063, 12.9158138 ] ] } },
{ "type": "Feature", "properties": { "full_id": "w236748348", "osm_id": "236748348", "osm_type": "way", "highway": "residential" }, "geometry": { "type": "LineString", "coordinates": [ [ 77.6458954, 12.9210033 ], [ 77.6458987, 12.9212202 ], [ 77.6459079, 12.9215171 ], [ 77.6459062, 12.9216254 ], [ 77.6467752, 12.9223365 ] ] } },
{ "type": "Feature", "properties": { "full_id": "w236748349", "osm_id": "236748349", "osm_type": "way", "highway": "residential" }, "geometry": { "type": "LineString", "coordinates": [ [ 77.6459079, 12.9215171 ], [ 77.6469302, 12.9213719 ], [ 77.647278, 12.9213541 ] ] } },
{ "type": "Feature", "properties": { "full_id": "w236748350", "osm_id": "236748350", "osm_type": "way", "highway": "residential" }, "geometry": { "type": "LineString", "coordinates": [ [ 77.646654, 12.9227439 ], [ 77.6467752, 12.9223365 ], [ 77.6469302, 12.9213719 ], [ 77.6469308, 12.9211026 ] ] } },
{ "type": "Feature", "properties": { "full_id": "w236814332", "osm_id": "236814332", "osm_type": "way", "highway": "residential" }, "geometry": { "type": "LineString", "coordinates": [ [ 77.6314764, 12.907125 ], [ 77.6325507, 12.9071335 ] ] } },
{ "type": "Feature", "properties": { "full_id": "w236814333", "osm_id": "236814333", "osm_type": "way", "highway": "residential" }, "geometry": { "type": "LineString", "coordinates": [ [ 77.6310417, 12.9079579 ], [ 77.6311673, 12.9077173 ], [ 77.6312962, 12.907411 ], [ 77.6314764, 12.907125 ] ] } },
{ "type": "Feature", "properties": { "full_id": "w237025636", "osm_id": "237025636", "osm_type": "way", "highway": "trunk" }, "geometry": { "type": "LineString", "coordinates": [ [ 77.6240446, 12.9151188 ], [ 77.6242258, 12.9148111 ], [ 77.6243915, 12.9145188 ] ] } },
{ "type": "Feature", "properties": { "full_id": "w237089960", "osm_id": "237089960", "osm_type": "way", "highway": "residential" }, "geometry": { "type": "LineString", "coordinates": [ [ 77.6307516, 12.9103654 ], [ 77.6306337, 12.9107798 ], [ 77.6305719, 12.9110661 ] ] } },
{ "type": "Feature", "properties": { "full_id": "w237089961", "osm_id": "237089961", "osm_type": "way", "highway": "path" }, "geometry": { "type": "LineString", "coordinates": [ [ 77.6301119, 12.9120531 ], [ 77.6296935, 12.9119459 ], [ 77.6295475, 12.9122382 ], [ 77.6293958, 12.912542 ], [ 77.6300959, 12.9124929 ], [ 77.6303292, 12.9124766 ], [ 77.6308361, 12.9125132 ], [ 77.6308442, 12.912406 ], [ 77.6308576, 12.9122544 ], [ 77.6301119, 12.9120531 ] ] } },
{ "type": "Feature", "properties": { "full_id": "w237089962", "osm_id": "237089962", "osm_type": "way", "highway": "residential" }, "geometry": { "type": "LineString", "coordinates": [ [ 77.6296669, 12.9118283 ], [ 77.6296001, 12.9119359 ], [ 77.6294984, 12.9121271 ], [ 77.6292477, 12.9126346 ] ] } },
{ "type": "Feature", "properties": { "full_id": "w237089964", "osm_id": "237089964", "osm_type": "way", "highway": "residential" }, "geometry": { "type": "LineString", "coordinates": [ [ 77.6319084, 12.9110936 ], [ 77.6309904, 12.9108161 ] ] } },
{ "type": "Feature", "properties": { "full_id": "w237089965", "osm_id": "237089965", "osm_type": "way", "highway": "path" }, "geometry": { "type": "LineString", "coordinates": [ [ 77.6302701, 12.9123144 ], [ 77.6308442, 12.912406 ] ] } },
{ "type": "Feature", "properties": { "full_id": "w237089966", "osm_id": "237089966", "osm_type": "way", "highway": "residential" }, "geometry": { "type": "LineString", "coordinates": [ [ 77.6298046, 12.9096327 ], [ 77.6305114, 12.9097426 ], [ 77.6312072, 12.9099899 ], [ 77.6319363, 12.9099873 ], [ 77.6324148, 12.910001 ], [ 77.6324795, 12.9100028 ] ] } },
{ "type": "Feature", "properties": { "full_id": "w237089967", "osm_id": "237089967", "osm_type": "way", "highway": "residential" }, "geometry": { "type": "LineString", "coordinates": [ [ 77.628794, 12.9109404 ], [ 77.6287253, 12.9110328 ], [ 77.6287275, 12.9113235 ], [ 77.6287092, 12.9115142 ], [ 77.6286929, 12.9115934 ], [ 77.6286746, 12.9117282 ], [ 77.6286141, 12.9118267 ], [ 77.6285651, 12.9118563 ], [ 77.6281868, 12.9118376 ] ] } },
{ "type": "Feature", "properties": { "full_id": "w237089968", "osm_id": "237089968", "osm_type": "way", "highway": "footway" }, "geometry": { "type": "LineString", "coordinates": [ [ 77.6311727, 12.9105197 ], [ 77.6317896, 12.9105328 ], [ 77.6318004, 12.9107132 ], [ 77.6318245, 12.9107132 ], [ 77.6318245, 12.9109746 ], [ 77.6311057, 12.9107524 ], [ 77.6311727, 12.9105197 ] ] } },
{ "type": "Feature", "properties": { "full_id": "w237089970", "osm_id": "237089970", "osm_type": "way", "highway": "path" }, "geometry": { "type": "LineString", "coordinates": [ [ 77.6295475, 12.9122382 ], [ 77.6299436, 12.9122832 ] ] } },
{ "type": "Feature", "properties": { "full_id": "w237089971", "osm_id": "237089971", "osm_type": "way", "highway": "path" }, "geometry": { "type": "LineString", "coordinates": [ [ 77.6301119, 12.9120531 ], [ 77.6301037, 12.9121963 ] ] } },
{ "type": "Feature", "properties": { "full_id": "w237089972", "osm_id": "237089972", "osm_type": "way", "highway": "residential" }, "geometry": { "type": "LineString", "coordinates": [ [ 77.631105, 12.9104026 ], [ 77.6309904, 12.9108161 ], [ 77.6308971, 12.9111529 ], [ 77.6308068, 12.9114789 ], [ 77.6306776, 12.9119473 ] ] } },
{ "type": "Feature", "properties": { "full_id": "w237089973", "osm_id": "237089973", "osm_type": "way", "highway": "path" }, "geometry": { "type": "LineString", "coordinates": [ [ 77.6299381, 12.9123742 ], [ 77.6299436, 12.9122832 ], [ 77.6299495, 12.9121873 ], [ 77.6301037, 12.9121963 ], [ 77.6302767, 12.9122063 ], [ 77.6302701, 12.9123144 ], [ 77.6302653, 12.9123932 ], [ 77.6301043, 12.9123839 ], [ 77.6299381, 12.9123742 ] ] } },
{ "type": "Feature", "properties": { "full_id": "w237089974", "osm_id": "237089974", "osm_type": "way", "highway": "residential" }, "geometry": { "type": "LineString", "coordinates": [ [ 77.6305719, 12.9110661 ], [ 77.6308971, 12.9111529 ], [ 77.6319002, 12.9114204 ] ] } },
{ "type": "Feature", "properties": { "full_id": "w237089975", "osm_id": "237089975", "osm_type": "way", "highway": "residential" }, "geometry": { "type": "LineString", "coordinates": [ [ 77.6319253, 12.9104243 ], [ 77.631105, 12.9104026 ], [ 77.6309556, 12.9103655 ], [ 77.6307839, 12.9103184 ], [ 77.6307516, 12.9103654 ] ] } },
{ "type": "Feature", "properties": { "full_id": "w237089976", "osm_id": "237089976", "osm_type": "way", "highway": "path" }, "geometry": { "type": "LineString", "coordinates": [ [ 77.6301043, 12.9123839 ], [ 77.6300959, 12.9124929 ] ] } },
{ "type": "Feature", "properties": { "full_id": "w237478669", "osm_id": "237478669", "osm_type": "way", "highway": "residential" }, "geometry": { "type": "LineString", "coordinates": [ [ 77.6319845, 12.9056667 ], [ 77.6319765, 12.9053588 ], [ 77.6318355, 12.9053647 ], [ 77.6316928, 12.9053706 ], [ 77.6311068, 12.905345 ], [ 77.6311255, 12.9050813 ], [ 77.6311353, 12.9047931 ], [ 77.6306063, 12.9047373 ], [ 77.6305511, 12.9047234 ] ] } },
{ "type": "Feature", "properties": { "full_id": "w237478670", "osm_id": "237478670", "osm_type": "way", "highway": "residential" }, "geometry": { "type": "LineString", "coordinates": [ [ 77.6311255, 12.9050813 ], [ 77.6318662, 12.9051162 ], [ 77.6322668, 12.905141 ], [ 77.6324878, 12.9051425 ], [ 77.6324931097069, 12.905141338501616 ] ] } },
{ "type": "Feature", "properties": { "full_id": "w243552937", "osm_id": "243552937", "osm_type": "way", "highway": "residential" }, "geometry": { "type": "LineString", "coordinates": [ [ 77.6476201, 12.922177 ], [ 77.6475503, 12.9226357 ], [ 77.6475371, 12.9227221 ], [ 77.6475229, 12.9229675 ], [ 77.647494, 12.923241 ], [ 77.6474511, 12.923471 ], [ 77.6473553, 12.9238258 ] ] } },
{ "type": "Feature", "properties": { "full_id": "w243552938", "osm_id": "243552938", "osm_type": "way", "highway": "residential" }, "geometry": { "type": "LineString", "coordinates": [ [ 77.6480821, 12.9235584 ], [ 77.6480673, 12.9235851 ], [ 77.6479727, 12.9236143 ], [ 77.6478327, 12.9235863 ], [ 77.6475921, 12.9235136 ], [ 77.6475576, 12.9235032 ], [ 77.6474511, 12.923471 ] ] } },
{ "type": "Feature", "properties": { "full_id": "w243897293", "osm_id": "243897293", "osm_type": "way", "highway": "trunk" }, "geometry": { "type": "LineString", "coordinates": [ [ 77.6246589, 12.9140741 ], [ 77.6251714, 12.9132317 ], [ 77.6253504, 12.9129408 ], [ 77.6255442, 12.9126289 ] ] } },
{ "type": "Feature", "properties": { "full_id": "w256259311", "osm_id": "256259311", "osm_type": "way", "highway": "tertiary" }, "geometry": { "type": "LineString", "coordinates": [ [ 77.6292106, 12.9166108 ], [ 77.6289134, 12.9166296 ], [ 77.6287657, 12.9166389 ], [ 77.6286445, 12.9166511 ], [ 77.628383, 12.9166937 ], [ 77.6282518, 12.9166856 ], [ 77.6270919, 12.9170256 ], [ 77.6258551, 12.917407 ], [ 77.6256606, 12.9174506 ], [ 77.6255041, 12.9174697 ], [ 77.6253078, 12.9175317 ], [ 77.6248374, 12.9175235 ] ] } },
{ "type": "Feature", "properties": { "full_id": "w305092124", "osm_id": "305092124", "osm_type": "way", "highway": "residential" }, "geometry": { "type": "LineString", "coordinates": [ [ 77.6412448, 12.9059897 ], [ 77.6391834, 12.9063106 ], [ 77.6386498, 12.906399 ] ] } },
{ "type": "Feature", "properties": { "full_id": "w305092125", "osm_id": "305092125", "osm_type": "way", "highway": "residential" }, "geometry": { "type": "LineString", "coordinates": [ [ 77.6412578, 12.9063503 ], [ 77.6408695, 12.9064322 ], [ 77.6406862, 12.9064583 ], [ 77.6401235, 12.9065445 ], [ 77.6392789, 12.906663 ], [ 77.6386662, 12.9066699 ] ] } },
{ "type": "Feature", "properties": { "full_id": "w305092126", "osm_id": "305092126", "osm_type": "way", "highway": "residential" }, "geometry": { "type": "LineString", "coordinates": [ [ 77.6387193, 12.9073789 ], [ 77.6387734, 12.907493 ], [ 77.6389104, 12.9077816 ], [ 77.6389642, 12.907895 ] ] } },
{ "type": "Feature", "properties": { "full_id": "w305092127", "osm_id": "305092127", "osm_type": "way", "highway": "residential" }, "geometry": { "type": "LineString", "coordinates": [ [ 77.6418176, 12.9088402 ], [ 77.6418075, 12.9086027 ], [ 77.6417962, 12.9083315 ], [ 77.6417589, 12.9074101 ], [ 77.6417528, 12.9071696 ], [ 77.6417409, 12.9069076 ] ] } },
{ "type": "Feature", "properties": { "full_id": "w309616165", "osm_id": "309616165", "osm_type": "way", "highway": "residential" }, "geometry": { "type": "LineString", "coordinates": [ [ 77.6279301, 12.9108046 ], [ 77.6287253, 12.9110328 ] ] } },
{ "type": "Feature", "properties": { "full_id": "w309616167", "osm_id": "309616167", "osm_type": "way", "highway": "residential" }, "geometry": { "type": "LineString", "coordinates": [ [ 77.627893, 12.9112957 ], [ 77.6287275, 12.9113235 ], [ 77.6295976, 12.9113525 ] ] } },
{ "type": "Feature", "properties": { "full_id": "w309616169", "osm_id": "309616169", "osm_type": "way", "highway": "residential" }, "geometry": { "type": "LineString", "coordinates": [ [ 77.6287092, 12.9115142 ], [ 77.6292912, 12.9115307 ] ] } },
{ "type": "Feature", "properties": { "full_id": "w309616172", "osm_id": "309616172", "osm_type": "way", "highway": "residential" }, "geometry": { "type": "LineString", "coordinates": [ [ 77.6281216, 12.9115811 ], [ 77.6286929, 12.9115934 ] ] } },
{ "type": "Feature", "properties": { "full_id": "w309616174", "osm_id": "309616174", "osm_type": "way", "highway": "residential" }, "geometry": { "type": "LineString", "coordinates": [ [ 77.6286141, 12.9118267 ], [ 77.6296001, 12.9119359 ] ] } },
{ "type": "Feature", "properties": { "full_id": "w309616179", "osm_id": "309616179", "osm_type": "way", "highway": "residential" }, "geometry": { "type": "LineString", "coordinates": [ [ 77.6289551, 12.912058 ], [ 77.6294984, 12.9121271 ] ] } },
{ "type": "Feature", "properties": { "full_id": "w309627846", "osm_id": "309627846", "osm_type": "way", "highway": "residential" }, "geometry": { "type": "LineString", "coordinates": [ [ 77.6618559, 12.9225531 ], [ 77.6620161, 12.9225481 ], [ 77.6621964, 12.922544 ], [ 77.6622937, 12.9229316 ], [ 77.6623036, 12.9229768 ], [ 77.6623155, 12.9229965 ] ] } },
{ "type": "Feature", "properties": { "full_id": "w309627847", "osm_id": "309627847", "osm_type": "way", "highway": "residential" }, "geometry": { "type": "LineString", "coordinates": [ [ 77.661829, 12.9222986 ], [ 77.662814, 12.922194 ], [ 77.6630406, 12.9221699 ], [ 77.6634086, 12.9221308 ], [ 77.663595, 12.922111 ] ] } },
{ "type": "Feature", "properties": { "full_id": "w309627848", "osm_id": "309627848", "osm_type": "way", "highway": "residential" }, "geometry": { "type": "LineString", "coordinates": [ [ 77.6624661, 12.9226646 ], [ 77.6627702, 12.9226543 ], [ 77.6628919, 12.9226471 ], [ 77.6630505, 12.9226436 ] ] } },
{ "type": "Feature", "properties": { "full_id": "w309627849", "osm_id": "309627849", "osm_type": "way", "highway": "residential" }, "geometry": { "type": "LineString", "coordinates": [ [ 77.6625358, 12.9228279 ], [ 77.6630208, 12.9228333 ] ] } },
{ "type": "Feature", "properties": { "full_id": "w309627850", "osm_id": "309627850", "osm_type": "way", "highway": "residential" }, "geometry": { "type": "LineString", "coordinates": [ [ 77.6630294, 12.9229069 ], [ 77.6639236, 12.922963 ], [ 77.664049, 12.9229685 ] ] } },
{ "type": "Feature", "properties": { "full_id": "w309627851", "osm_id": "309627851", "osm_type": "way", "highway": "residential" }, "geometry": { "type": "LineString", "coordinates": [ [ 77.6630505, 12.9226436 ], [ 77.6633195, 12.9226355 ], [ 77.6633166, 12.9227611 ], [ 77.6636398, 12.9227697 ], [ 77.663946, 12.9227315 ] ] } },
{ "type": "Feature", "properties": { "full_id": "w309627852", "osm_id": "309627852", "osm_type": "way", "highway": "residential" }, "geometry": { "type": "LineString", "coordinates": [ [ 77.6630384, 12.9223639 ], [ 77.6633194, 12.9223469 ], [ 77.6633299, 12.9224214 ], [ 77.6633546, 12.9225215 ], [ 77.663639, 12.9224993 ] ] } },
{ "type": "Feature", "properties": { "full_id": "w309627853", "osm_id": "309627853", "osm_type": "way", "highway": "residential" }, "geometry": { "type": "LineString", "coordinates": [ [ 77.6619321, 12.921969 ], [ 77.6623123, 12.921892 ], [ 77.6627825, 12.9218252 ], [ 77.6629937, 12.921803 ], [ 77.6633832, 12.9217622 ], [ 77.6635251, 12.9217377 ] ] } },
{ "type": "Feature", "properties": { "full_id": "w309627854", "osm_id": "309627854", "osm_type": "way", "highway": "residential" }, "geometry": { "type": "LineString", "coordinates": [ [ 77.6634086, 12.9221308 ], [ 77.6633832, 12.9217622 ] ] } },
{ "type": "Feature", "properties": { "full_id": "w309628666", "osm_id": "309628666", "osm_type": "way", "highway": "track" }, "geometry": { "type": "LineString", "coordinates": [ [ 77.6644509, 12.9222075 ], [ 77.6645028, 12.9223518 ], [ 77.664561, 12.9224293 ], [ 77.6646209, 12.9224907 ], [ 77.6647122, 12.9225442 ], [ 77.6649662, 12.922611 ], [ 77.6650525, 12.9226799 ], [ 77.6652615, 12.9226993 ], [ 77.6652843, 12.922699 ], [ 77.6653496, 12.9227065 ] ] } },
{ "type": "Feature", "properties": { "full_id": "w309628670", "osm_id": "309628670", "osm_type": "way", "highway": "residential" }, "geometry": { "type": "LineString", "coordinates": [ [ 77.6638407, 12.9225381 ], [ 77.6639723, 12.9225043 ], [ 77.6641516, 12.9224709 ] ] } },
{ "type": "Feature", "properties": { "full_id": "w309628673", "osm_id": "309628673", "osm_type": "way", "highway": "track" }, "geometry": { "type": "LineString", "coordinates": [ [ 77.6650525, 12.9226799 ], [ 77.6649539, 12.9226699 ], [ 77.6644121, 12.9226254 ], [ 77.6643854, 12.922605 ] ] } },
{ "type": "Feature", "properties": { "full_id": "w309628676", "osm_id": "309628676", "osm_type": "way", "highway": "residential" }, "geometry": { "type": "LineString", "coordinates": [ [ 77.6640402, 12.9236503 ], [ 77.6641709, 12.9236774 ], [ 77.6642403, 12.9236918 ], [ 77.664457, 12.9237367 ] ] } },
{ "type": "Feature", "properties": { "full_id": "w309628678", "osm_id": "309628678", "osm_type": "way", "highway": "residential" }, "geometry": { "type": "LineString", "coordinates": [ [ 77.664457, 12.9237367 ], [ 77.6645191, 12.9231727 ] ] } },
{ "type": "Feature", "properties": { "full_id": "w310349798", "osm_id": "310349798", "osm_type": "way", "highway": "residential" }, "geometry": { "type": "LineString", "coordinates": [ [ 77.656816180592628, 12.899501630148896 ], [ 77.6568485, 12.8996792 ], [ 77.6569489, 12.9002307 ], [ 77.657067266493215, 12.900211683161 ] ] } },
{ "type": "Feature", "properties": { "full_id": "w310349799", "osm_id": "310349799", "osm_type": "way", "highway": "residential" }, "geometry": { "type": "LineString", "coordinates": [ [ 77.652597, 12.8988391 ], [ 77.6513198, 12.8992073 ] ] } },
{ "type": "Feature", "properties": { "full_id": "w310349800", "osm_id": "310349800", "osm_type": "way", "highway": "residential" }, "geometry": { "type": "LineString", "coordinates": [ [ 77.6513655, 12.8986783 ], [ 77.6516123, 12.8986234 ], [ 77.651751, 12.8985739 ], [ 77.6521219, 12.8984926 ], [ 77.6525104, 12.8984278 ] ] } },
{ "type": "Feature", "properties": { "full_id": "w310349801", "osm_id": "310349801", "osm_type": "way", "highway": "residential" }, "geometry": { "type": "LineString", "coordinates": [ [ 77.652597, 12.8988391 ], [ 77.6526698, 12.8990785 ], [ 77.6527323, 12.8992843 ], [ 77.6527971, 12.8994975 ], [ 77.6528816, 12.8997753 ], [ 77.6529133, 12.8998797 ] ] } },
{ "type": "Feature", "properties": { "full_id": "w310349802", "osm_id": "310349802", "osm_type": "way", "highway": "residential" }, "geometry": { "type": "LineString", "coordinates": [ [ 77.6540028, 12.8992186 ], [ 77.6545387, 12.899088 ] ] } },
{ "type": "Feature", "properties": { "full_id": "w310349803", "osm_id": "310349803", "osm_type": "way", "highway": "residential" }, "geometry": { "type": "LineString", "coordinates": [ [ 77.6527425, 12.8981135 ], [ 77.6528298, 12.8985072 ], [ 77.6528869, 12.8987645 ] ] } },
{ "type": "Feature", "properties": { "full_id": "w310349804", "osm_id": "310349804", "osm_type": "way", "highway": "residential" }, "geometry": { "type": "LineString", "coordinates": [ [ 77.6528298, 12.8985072 ], [ 77.6533859, 12.8984178 ] ] } },
{ "type": "Feature", "properties": { "full_id": "w310349805", "osm_id": "310349805", "osm_type": "way", "highway": "residential" }, "geometry": { "type": "LineString", "coordinates": [ [ 77.6515975, 12.9005159 ], [ 77.651974, 12.9004198 ], [ 77.6525529, 12.900272 ] ] } },
{ "type": "Feature", "properties": { "full_id": "w310349806", "osm_id": "310349806", "osm_type": "way", "highway": "residential" }, "geometry": { "type": "LineString", "coordinates": [ [ 77.6514999, 12.9000408 ], [ 77.6515614, 12.9000238 ], [ 77.6525117, 12.899761 ] ] } },
{ "type": "Feature", "properties": { "full_id": "w310349807", "osm_id": "310349807", "osm_type": "way", "highway": "residential" }, "geometry": { "type": "LineString", "coordinates": [ [ 77.6528816, 12.8997753 ], [ 77.6526354, 12.8998463 ] ] } },
{ "type": "Feature", "properties": { "full_id": "w310349808", "osm_id": "310349808", "osm_type": "way", "highway": "residential" }, "geometry": { "type": "LineString", "coordinates": [ [ 77.6513629, 12.8994457 ], [ 77.6526698, 12.8990785 ] ] } },
{ "type": "Feature", "properties": { "full_id": "w310349809", "osm_id": "310349809", "osm_type": "way", "highway": "residential" }, "geometry": { "type": "LineString", "coordinates": [ [ 77.653510093097623, 12.897976301170411 ], [ 77.6535181, 12.898019 ] ] } },
{ "type": "Feature", "properties": { "full_id": "w310349864", "osm_id": "310349864", "osm_type": "way", "highway": "residential" }, "geometry": { "type": "LineString", "coordinates": [ [ 77.6519595, 12.898236 ], [ 77.651955132872544, 12.8982184616161 ] ] } },
{ "type": "Feature", "properties": { "full_id": "w310349865", "osm_id": "310349865", "osm_type": "way", "highway": "residential" }, "geometry": { "type": "LineString", "coordinates": [ [ 77.6522754, 12.8981851 ], [ 77.652269722936424, 12.89815978405076 ] ] } },
{ "type": "Feature", "properties": { "full_id": "w310350886", "osm_id": "310350886", "osm_type": "way", "highway": "tertiary" }, "geometry": { "type": "LineString", "coordinates": [ [ 77.6501846, 12.8993643 ], [ 77.650499, 12.9015726 ], [ 77.6505572, 12.9017192 ] ] } },
{ "type": "Feature", "properties": { "full_id": "w310350887", "osm_id": "310350887", "osm_type": "way", "highway": "residential" }, "geometry": { "type": "LineString", "coordinates": [ [ 77.6569489, 12.9002307 ], [ 77.6568586, 12.9002816 ], [ 77.6568641, 12.9004138 ], [ 77.6566177, 12.9004517 ], [ 77.6561912, 12.9005174 ], [ 77.6557729, 12.9005818 ], [ 77.6553532, 12.9006464 ] ] } },
{ "type": "Feature", "properties": { "full_id": "w310350888", "osm_id": "310350888", "osm_type": "way", "highway": "residential" }, "geometry": { "type": "LineString", "coordinates": [ [ 77.6553532, 12.9006464 ], [ 77.6551639, 12.8995651 ] ] } },
{ "type": "Feature", "properties": { "full_id": "w310350889", "osm_id": "310350889", "osm_type": "way", "highway": "residential" }, "geometry": { "type": "LineString", "coordinates": [ [ 77.6557729, 12.9005818 ], [ 77.6557154, 12.9001382 ] ] } },
{ "type": "Feature", "properties": { "full_id": "w310350890", "osm_id": "310350890", "osm_type": "way", "highway": "residential" }, "geometry": { "type": "LineString", "coordinates": [ [ 77.6561912, 12.9005174 ], [ 77.656067152445445, 12.899701382288226 ] ] } },
{ "type": "Feature", "properties": { "full_id": "w310669255", "osm_id": "310669255", "osm_type": "way", "highway": "residential" }, "geometry": { "type": "LineString", "coordinates": [ [ 77.637713186538278, 12.90622901003645 ], [ 77.6377186, 12.906245 ] ] } },
{ "type": "Feature", "properties": { "full_id": "w310669256", "osm_id": "310669256", "osm_type": "way", "highway": "residential" }, "geometry": { "type": "LineString", "coordinates": [ [ 77.6371801, 12.9064807 ], [ 77.637174158344777, 12.906463015363286 ] ] } },
{ "type": "Feature", "properties": { "full_id": "w310669257", "osm_id": "310669257", "osm_type": "way", "highway": "residential" }, "geometry": { "type": "LineString", "coordinates": [ [ 77.6362497, 12.9068473 ], [ 77.636247421629506, 12.90683367537952 ] ] } },
{ "type": "Feature", "properties": { "full_id": "w310669266", "osm_id": "310669266", "osm_type": "way", "highway": "residential" }, "geometry": { "type": "LineString", "coordinates": [ [ 77.6329845, 12.9066914 ], [ 77.632983966558598, 12.906635989831722 ] ] } },
{ "type": "Feature", "properties": { "full_id": "w310669269", "osm_id": "310669269", "osm_type": "way", "highway": "residential" }, "geometry": { "type": "LineString", "coordinates": [ [ 77.6332731, 12.9067428 ], [ 77.633276201992658, 12.906652620642143 ] ] } },
{ "type": "Feature", "properties": { "full_id": "w310669271", "osm_id": "310669271", "osm_type": "way", "highway": "residential" }, "geometry": { "type": "LineString", "coordinates": [ [ 77.6381097, 12.9070224 ], [ 77.6386921, 12.9069565 ] ] } },
{ "type": "Feature", "properties": { "full_id": "w310669272", "osm_id": "310669272", "osm_type": "way", "highway": "residential" }, "geometry": { "type": "LineString", "coordinates": [ [ 77.6380089, 12.9063766 ], [ 77.6382368, 12.9063547 ], [ 77.6386449, 12.9063304 ] ] } },
{ "type": "Feature", "properties": { "full_id": "w310669273", "osm_id": "310669273", "osm_type": "way", "highway": "tertiary" }, "geometry": { "type": "LineString", "coordinates": [ [ 77.6380229, 12.9072695 ], [ 77.6377714, 12.9073228 ], [ 77.6375155, 12.9073779 ], [ 77.6372382, 12.9074359 ], [ 77.6369653, 12.9074964 ], [ 77.6367934, 12.9066482 ] ] } },
{ "type": "Feature", "properties": { "full_id": "w310669274", "osm_id": "310669274", "osm_type": "way", "highway": "residential" }, "geometry": { "type": "LineString", "coordinates": [ [ 77.6362185, 12.9078575 ], [ 77.6362109, 12.9077908 ], [ 77.6362037, 12.9077271 ], [ 77.636171, 12.9074485 ], [ 77.6361775, 12.9074226 ], [ 77.6361966, 12.9073956 ], [ 77.6362209, 12.9073776 ], [ 77.6362461, 12.9073526 ], [ 77.6362636, 12.9073236 ], [ 77.6362322, 12.9070577 ], [ 77.6362419, 12.9070338 ], [ 77.6362608, 12.9070156 ], [ 77.6362865, 12.9070099 ], [ 77.6366127, 12.9069616 ], [ 77.6366447, 12.9069664 ], [ 77.6366608, 12.9069776 ], [ 77.6366713, 12.9069988 ], [ 77.6367608, 12.9076525 ], [ 77.6367703, 12.9077271 ], [ 77.6367798, 12.9078017 ] ] } },
{ "type": "Feature", "properties": { "full_id": "w311217942", "osm_id": "311217942", "osm_type": "way", "highway": "residential" }, "geometry": { "type": "LineString", "coordinates": [ [ 77.6418075, 12.9086027 ], [ 77.6430274, 12.9085629 ], [ 77.6430811, 12.9085292 ], [ 77.6434117, 12.9085276 ], [ 77.643628, 12.9085094 ], [ 77.6438594, 12.90849 ] ] } },
{ "type": "Feature", "properties": { "full_id": "w311364311", "osm_id": "311364311", "osm_type": "way", "highway": "tertiary" }, "geometry": { "type": "LineString", "coordinates": [ [ 77.6691585, 12.9302213 ], [ 77.6692208, 12.9302134 ], [ 77.669259632560752, 12.930208474945101 ] ] } },
{ "type": "Feature", "properties": { "full_id": "w311412704", "osm_id": "311412704", "osm_type": "way", "highway": "tertiary" }, "geometry": { "type": "LineString", "coordinates": [ [ 77.6692268, 12.9288515 ], [ 77.6692142, 12.9289118 ], [ 77.6692252, 12.9290317 ], [ 77.6692555, 12.9293627 ], [ 77.6692417, 12.9294302 ], [ 77.6692188, 12.9294811 ], [ 77.6691409, 12.9295967 ], [ 77.6691368, 12.929629 ], [ 77.6691585, 12.9302213 ] ] } },
{ "type": "Feature", "properties": { "full_id": "w316018413", "osm_id": "316018413", "osm_type": "way", "highway": "secondary" }, "geometry": { "type": "LineString", "coordinates": [ [ 77.6446647, 12.9121747 ], [ 77.6448017, 12.9121712 ], [ 77.6453259, 12.9121399 ], [ 77.6454068, 12.9120989 ] ] } },
{ "type": "Feature", "properties": { "full_id": "w316018419", "osm_id": "316018419", "osm_type": "way", "highway": "residential" }, "geometry": { "type": "LineString", "coordinates": [ [ 77.6318424, 12.9128644 ], [ 77.6309646, 12.912978 ], [ 77.63092, 12.9129833 ] ] } },
{ "type": "Feature", "properties": { "full_id": "w316018420", "osm_id": "316018420", "osm_type": "way", "highway": "service" }, "geometry": { "type": "LineString", "coordinates": [ [ 77.6370498, 12.9130608 ], [ 77.637858, 12.9130234 ], [ 77.6378573, 12.9130387 ], [ 77.6378631, 12.9133889 ], [ 77.637869, 12.9137502 ], [ 77.6378745, 12.9139453 ], [ 77.6378752, 12.9139714 ], [ 77.6378873, 12.9143954 ], [ 77.6370817, 12.914417 ], [ 77.6370732, 12.9140837 ], [ 77.6370633, 12.9137633 ], [ 77.6370565, 12.9134112 ], [ 77.6370498, 12.9130608 ] ] } },
{ "type": "Feature", "properties": { "full_id": "w317318168", "osm_id": "317318168", "osm_type": "way", "highway": "residential" }, "geometry": { "type": "LineString", "coordinates": [ [ 77.6282062, 12.9085539 ], [ 77.6285621, 12.9086296 ], [ 77.6288068, 12.90884 ], [ 77.6287994, 12.9090134 ], [ 77.6287837, 12.909378 ], [ 77.6287097, 12.9099133 ], [ 77.6286365, 12.9102249 ], [ 77.6286175, 12.9103072 ], [ 77.628588, 12.9104351 ], [ 77.6285032, 12.9108026 ] ] } },
{ "type": "Feature", "properties": { "full_id": "w317318170", "osm_id": "317318170", "osm_type": "way", "highway": "residential" }, "geometry": { "type": "LineString", "coordinates": [ [ 77.6294258, 12.9092258 ], [ 77.6294073, 12.9095133 ], [ 77.629235, 12.9103448 ], [ 77.6290828, 12.9110241 ] ] } },
{ "type": "Feature", "properties": { "full_id": "w317318171", "osm_id": "317318171", "osm_type": "way", "highway": "residential" }, "geometry": { "type": "LineString", "coordinates": [ [ 77.6307516, 12.9103654 ], [ 77.630564, 12.9103498 ], [ 77.630277, 12.9103367 ], [ 77.6296812, 12.9102884 ] ] } },
{ "type": "Feature", "properties": { "full_id": "w322022988", "osm_id": "322022988", "osm_type": "way", "highway": "residential" }, "geometry": { "type": "LineString", "coordinates": [ [ 77.632296, 12.9161526 ], [ 77.6320397, 12.9161779 ], [ 77.631238, 12.9162572 ], [ 77.630139, 12.9163307 ], [ 77.6291947, 12.9163717 ], [ 77.6288648, 12.9163831 ], [ 77.6282878, 12.9164496 ], [ 77.6278218, 12.9165888 ], [ 77.6272497, 12.9167596 ], [ 77.6264616, 12.9169816 ], [ 77.6261679, 12.9170632 ], [ 77.6256271, 12.9171998 ], [ 77.6254474, 12.9172364 ], [ 77.6253079, 12.9172495 ], [ 77.6249821, 12.9172556 ], [ 77.6242671, 12.9171824 ], [ 77.6238478, 12.9171001 ], [ 77.6235967, 12.9170451 ] ] } },
{ "type": "Feature", "properties": { "full_id": "w323089978", "osm_id": "323089978", "osm_type": "way", "highway": "residential" }, "geometry": { "type": "LineString", "coordinates": [ [ 77.6471103, 12.9189173 ], [ 77.6455406, 12.9189657 ], [ 77.6450256, 12.918984 ], [ 77.6449634, 12.9189862 ] ] } },
{ "type": "Feature", "properties": { "full_id": "w323089979", "osm_id": "323089979", "osm_type": "way", "highway": "residential" }, "geometry": { "type": "LineString", "coordinates": [ [ 77.6428316, 12.9193222 ], [ 77.6429032, 12.9192909 ], [ 77.6429264, 12.9192807 ], [ 77.6441082, 12.9188209 ] ] } },
{ "type": "Feature", "properties": { "full_id": "w323089980", "osm_id": "323089980", "osm_type": "way", "highway": "service" }, "geometry": { "type": "LineString", "coordinates": [ [ 77.6445784, 12.9196306 ], [ 77.6445972, 12.9197416 ], [ 77.6446125, 12.9199524 ], [ 77.6439418, 12.9199818 ], [ 77.6439041, 12.9201454 ], [ 77.6439987, 12.9203238 ], [ 77.6442536, 12.9206013 ] ] } },
{ "type": "Feature", "properties": { "full_id": "w323090984", "osm_id": "323090984", "osm_type": "way", "highway": "residential" }, "geometry": { "type": "LineString", "coordinates": [ [ 77.653548, 12.9137259 ], [ 77.6528037, 12.9137277 ] ] } },
{ "type": "Feature", "properties": { "full_id": "w323090986", "osm_id": "323090986", "osm_type": "way", "highway": "residential" }, "geometry": { "type": "LineString", "coordinates": [ [ 77.6526088, 12.9147867 ], [ 77.6519407, 12.9147677 ] ] } },
{ "type": "Feature", "properties": { "full_id": "w323090987", "osm_id": "323090987", "osm_type": "way", "highway": "residential" }, "geometry": { "type": "LineString", "coordinates": [ [ 77.6537223, 12.9146993 ], [ 77.6526099, 12.9146896 ] ] } },
{ "type": "Feature", "properties": { "full_id": "w323090989", "osm_id": "323090989", "osm_type": "way", "highway": "residential" }, "geometry": { "type": "LineString", "coordinates": [ [ 77.6527956, 12.9141462 ], [ 77.6528037, 12.9137277 ], [ 77.652807, 12.9135617 ], [ 77.6528163, 12.9131144 ] ] } },
{ "type": "Feature", "properties": { "full_id": "w323090990", "osm_id": "323090990", "osm_type": "way", "highway": "residential" }, "geometry": { "type": "LineString", "coordinates": [ [ 77.6526126, 12.9141427 ], [ 77.6526099, 12.9146896 ], [ 77.6526088, 12.9147867 ], [ 77.6526045, 12.9150688 ], [ 77.6525937, 12.9157797 ], [ 77.6539817, 12.9158107 ], [ 77.6538178, 12.9151085 ], [ 77.6537223, 12.9146993 ] ] } },
{ "type": "Feature", "properties": { "full_id": "w323090992", "osm_id": "323090992", "osm_type": "way", "highway": "residential" }, "geometry": { "type": "LineString", "coordinates": [ [ 77.6528163, 12.9131144 ], [ 77.6524903, 12.913101 ], [ 77.6520198, 12.9130873 ], [ 77.6520095, 12.9137376 ], [ 77.6520059, 12.9141245 ], [ 77.6520092, 12.914131 ] ] } },
{ "type": "Feature", "properties": { "full_id": "w323094314", "osm_id": "323094314", "osm_type": "way", "highway": "residential" }, "geometry": { "type": "LineString", "coordinates": [ [ 77.646956, 12.9057274 ], [ 77.6467269, 12.9057737 ], [ 77.6466229, 12.9058029 ], [ 77.6464797, 12.9058552 ], [ 77.6463844, 12.9058924 ], [ 77.6460749, 12.9060536 ], [ 77.6456535, 12.9062345 ], [ 77.6455265, 12.9062921 ], [ 77.6455152, 12.9063087 ], [ 77.645512, 12.9063292 ], [ 77.6455158, 12.9063485 ], [ 77.6456002, 12.9065972 ], [ 77.6456198, 12.9066198 ], [ 77.6456436, 12.9066354 ], [ 77.6456733, 12.9066394 ], [ 77.6457141, 12.9066435 ], [ 77.6461226, 12.9066067 ], [ 77.6461951, 12.9065958 ], [ 77.6465385, 12.9065342 ], [ 77.6465688, 12.906527 ], [ 77.6468097, 12.9064658 ], [ 77.6476199, 12.9062836 ], [ 77.6476474, 12.9062751 ], [ 77.6476662, 12.9062636 ], [ 77.6476789, 12.9062423 ], [ 77.6476712, 12.9061688 ], [ 77.6476777, 12.9061555 ], [ 77.6476927, 12.9061425 ], [ 77.6477045, 12.9061379 ], [ 77.6477189, 12.9061346 ], [ 77.6479488, 12.9061126 ], [ 77.6483615, 12.9060733 ], [ 77.6487875, 12.9059992 ], [ 77.6488263, 12.9059871 ], [ 77.6488557, 12.9059704 ], [ 77.6488695, 12.9059543 ], [ 77.6488811, 12.9059281 ], [ 77.6488731, 12.9057255 ], [ 77.6488584, 12.9055418 ], [ 77.6488494, 12.9055192 ], [ 77.6488368, 12.9055019 ], [ 77.6488204, 12.9054911 ], [ 77.648793, 12.9054892 ], [ 77.6473842, 12.9056639 ], [ 77.6472288, 12.9056793 ], [ 77.646956, 12.9057274 ] ] } },
{ "type": "Feature", "properties": { "full_id": "w323094315", "osm_id": "323094315", "osm_type": "way", "highway": "residential" }, "geometry": { "type": "LineString", "coordinates": [ [ 77.6519189, 12.9137365 ], [ 77.6519036, 12.9137363 ], [ 77.6518151, 12.9137348 ] ] } },
{ "type": "Feature", "properties": { "full_id": "w323094316", "osm_id": "323094316", "osm_type": "way", "highway": "residential" }, "geometry": { "type": "LineString", "coordinates": [ [ 77.6477241, 12.9109259 ], [ 77.6477693, 12.9103883 ], [ 77.6478941, 12.9093103 ] ] } },
{ "type": "Feature", "properties": { "full_id": "w323094317", "osm_id": "323094317", "osm_type": "way", "highway": "residential" }, "geometry": { "type": "LineString", "coordinates": [ [ 77.6535955, 12.9141616 ], [ 77.653548, 12.9137259 ], [ 77.6534721, 12.9131706 ] ] } },
{ "type": "Feature", "properties": { "full_id": "w323094318", "osm_id": "323094318", "osm_type": "way", "highway": "residential" }, "geometry": { "type": "LineString", "coordinates": [ [ 77.6490024, 12.9057146 ], [ 77.6489262, 12.9057215 ], [ 77.6488731, 12.9057255 ] ] } },
{ "type": "Feature", "properties": { "full_id": "w323094319", "osm_id": "323094319", "osm_type": "way", "highway": "residential" }, "geometry": { "type": "LineString", "coordinates": [ [ 77.6465691, 12.9053159 ], [ 77.6466073, 12.904419 ], [ 77.6466084, 12.9043925 ], [ 77.6466097, 12.9042802 ] ] } },
{ "type": "Feature", "properties": { "full_id": "w323094320", "osm_id": "323094320", "osm_type": "way", "highway": "residential" }, "geometry": { "type": "LineString", "coordinates": [ [ 77.6461945, 12.9043652 ], [ 77.6461944, 12.9044569 ], [ 77.6461944, 12.9044781 ], [ 77.6461733, 12.9053084 ], [ 77.6465691, 12.9053159 ] ] } },
{ "type": "Feature", "properties": { "full_id": "w323642595", "osm_id": "323642595", "osm_type": "way", "highway": "residential" }, "geometry": { "type": "LineString", "coordinates": [ [ 77.641713, 12.9120591 ], [ 77.6417134, 12.9120516 ], [ 77.6417182, 12.9119738 ], [ 77.6417157, 12.9119112 ], [ 77.6416964, 12.9114151 ], [ 77.6416891, 12.911275 ], [ 77.6416454, 12.9104195 ], [ 77.6416402, 12.9102852 ], [ 77.6416084, 12.9097219 ] ] } },
{ "type": "Feature", "properties": { "full_id": "w323642596", "osm_id": "323642596", "osm_type": "way", "highway": "residential" }, "geometry": { "type": "MultiLineString", "coordinates": [ [ [ 77.6457256, 12.9044621 ], [ 77.645723882809989, 12.904436236476611 ] ], [ [ 77.645129420742151, 12.904574070246669 ], [ 77.6451305, 12.9045817 ] ] ] } },
{ "type": "Feature", "properties": { "full_id": "w343683208", "osm_id": "343683208", "osm_type": "way", "highway": "residential" }, "geometry": { "type": "LineString", "coordinates": [ [ 77.6386921, 12.9069565 ], [ 77.6386935, 12.9069799 ], [ 77.6387053, 12.9071705 ], [ 77.6387176, 12.9073535 ], [ 77.6387193, 12.9073789 ] ] } },
{ "type": "Feature", "properties": { "full_id": "w343689123", "osm_id": "343689123", "osm_type": "way", "highway": "residential" }, "geometry": { "type": "LineString", "coordinates": [ [ 77.6282878, 12.9164496 ], [ 77.6282458, 12.9161026 ], [ 77.6281875, 12.9156648 ], [ 77.6281356, 12.9151911 ], [ 77.6280676, 12.9145698 ] ] } },
{ "type": "Feature", "properties": { "full_id": "w343689124", "osm_id": "343689124", "osm_type": "way", "highway": "residential" }, "geometry": { "type": "LineString", "coordinates": [ [ 77.6280676, 12.9145698 ], [ 77.6279939, 12.9141935 ], [ 77.6279751, 12.9140978 ] ] } },
{ "type": "Feature", "properties": { "full_id": "w347538266", "osm_id": "347538266", "osm_type": "way", "highway": "residential" }, "geometry": { "type": "LineString", "coordinates": [ [ 77.6417589, 12.9074101 ], [ 77.6419977, 12.9074174 ], [ 77.6422501, 12.9074304 ], [ 77.6430949, 12.9074471 ] ] } },
{ "type": "Feature", "properties": { "full_id": "w348846543", "osm_id": "348846543", "osm_type": "way", "highway": "residential" }, "geometry": { "type": "LineString", "coordinates": [ [ 77.653247, 12.9113878 ], [ 77.6530535, 12.9096447 ] ] } },
{ "type": "Feature", "properties": { "full_id": "w348846544", "osm_id": "348846544", "osm_type": "way", "highway": "residential" }, "geometry": { "type": "LineString", "coordinates": [ [ 77.6528876, 12.9113811 ], [ 77.6527309, 12.9096734 ] ] } },
{ "type": "Feature", "properties": { "full_id": "w348846546", "osm_id": "348846546", "osm_type": "way", "highway": "residential" }, "geometry": { "type": "LineString", "coordinates": [ [ 77.6522624, 12.9079777 ], [ 77.6531789, 12.9078455 ] ] } },
{ "type": "Feature", "properties": { "full_id": "w348846547", "osm_id": "348846547", "osm_type": "way", "highway": "residential" }, "geometry": { "type": "LineString", "coordinates": [ [ 77.6537404, 12.9091061 ], [ 77.6533081, 12.9091464 ] ] } },
{ "type": "Feature", "properties": { "full_id": "w348846549", "osm_id": "348846549", "osm_type": "way", "highway": "residential" }, "geometry": { "type": "LineString", "coordinates": [ [ 77.652422, 12.9113724 ], [ 77.6524132, 12.9097017 ] ] } },
{ "type": "Feature", "properties": { "full_id": "w348846551", "osm_id": "348846551", "osm_type": "way", "highway": "residential" }, "geometry": { "type": "LineString", "coordinates": [ [ 77.6523932, 12.9089062 ], [ 77.652348, 12.908524 ], [ 77.6522995, 12.9082264 ], [ 77.6522624, 12.9079777 ], [ 77.6521818, 12.9076771 ] ] } },
{ "type": "Feature", "properties": { "full_id": "w348846552", "osm_id": "348846552", "osm_type": "way", "highway": "residential" }, "geometry": { "type": "LineString", "coordinates": [ [ 77.6518788, 12.9097492 ], [ 77.6519623, 12.9097419 ], [ 77.6524132, 12.9097017 ], [ 77.6527309, 12.9096734 ], [ 77.6530535, 12.9096447 ], [ 77.653355, 12.9096178 ] ] } },
{ "type": "Feature", "properties": { "full_id": "w367605328", "osm_id": "367605328", "osm_type": "way", "highway": "residential" }, "geometry": { "type": "LineString", "coordinates": [ [ 77.6653306, 12.9230168 ], [ 77.665255, 12.9230318 ], [ 77.6650468, 12.9231331 ], [ 77.6648561, 12.9231662 ], [ 77.6645191, 12.9231727 ], [ 77.664071, 12.9231317 ], [ 77.6637294, 12.9231878 ], [ 77.6635432, 12.9231844 ], [ 77.6630553, 12.9230921 ], [ 77.6623681, 12.9230012 ], [ 77.6623155, 12.9229965 ] ] } },
{ "type": "Feature", "properties": { "full_id": "w367605329", "osm_id": "367605329", "osm_type": "way", "highway": "residential" }, "geometry": { "type": "LineString", "coordinates": [ [ 77.6661615, 12.9259508 ], [ 77.6654788, 12.9259705 ], [ 77.6654129, 12.9259724 ] ] } },
{ "type": "Feature", "properties": { "full_id": "w367605339", "osm_id": "367605339", "osm_type": "way", "highway": "footway" }, "geometry": { "type": "LineString", "coordinates": [ [ 77.6679782, 12.9252128 ], [ 77.6679797, 12.9249855 ], [ 77.6679815, 12.9247267 ], [ 77.6679664, 12.924652 ], [ 77.6678204, 12.9247138 ], [ 77.667788, 12.924711 ], [ 77.6677194, 12.9247051 ], [ 77.6676872, 12.9247116 ], [ 77.667663, 12.924708 ], [ 77.667619, 12.9247108 ], [ 77.6675786, 12.9247416 ], [ 77.6675217, 12.9247614 ] ] } },
{ "type": "Feature", "properties": { "full_id": "w367605341", "osm_id": "367605341", "osm_type": "way", "highway": "service" }, "geometry": { "type": "LineString", "coordinates": [ [ 77.6677197, 12.9247561 ], [ 77.6677727, 12.9247506 ], [ 77.6679404, 12.9247224 ], [ 77.6679704, 12.9247408 ], [ 77.6679782, 12.9247679 ], [ 77.6679704, 12.9249541 ], [ 77.6679482, 12.9249692 ], [ 77.6678482, 12.9249692 ], [ 77.6678349, 12.9249508 ], [ 77.6678349, 12.9248133 ], [ 77.6678193, 12.9247884 ], [ 77.667786, 12.9247755 ], [ 77.6677197, 12.9247561 ], [ 77.6676841, 12.9247518 ] ] } },
{ "type": "Feature", "properties": { "full_id": "w367605342", "osm_id": "367605342", "osm_type": "way", "highway": "residential" }, "geometry": { "type": "LineString", "coordinates": [ [ 77.6670161, 12.9247861 ], [ 77.6670989, 12.9247821 ], [ 77.6674315, 12.9247658 ], [ 77.6674758, 12.9247636 ], [ 77.6675217, 12.9247614 ] ] } },
{ "type": "Feature", "properties": { "full_id": "w367605344", "osm_id": "367605344", "osm_type": "way", "highway": "service" }, "geometry": { "type": "LineString", "coordinates": [ [ 77.6676841, 12.9247518 ], [ 77.6675751, 12.9247605 ], [ 77.6675217, 12.9247614 ] ] } },
{ "type": "Feature", "properties": { "full_id": "w367605345", "osm_id": "367605345", "osm_type": "way", "highway": "footway" }, "geometry": { "type": "LineString", "coordinates": [ [ 77.6679797, 12.9249855 ], [ 77.6678171, 12.9249811 ], [ 77.6678238, 12.9247993 ], [ 77.6677894, 12.9247668 ], [ 77.667788, 12.924711 ] ] } },
{ "type": "Feature", "properties": { "full_id": "w367605346", "osm_id": "367605346", "osm_type": "way", "highway": "service" }, "geometry": { "type": "LineString", "coordinates": [ [ 77.668306994780707, 12.924810605254672 ], [ 77.6683076, 12.9251529 ], [ 77.6683224, 12.9251812 ], [ 77.6683456, 12.9252057 ], [ 77.668471541025824, 12.925206694509177 ] ] } },
{ "type": "Feature", "properties": { "full_id": "w370328586", "osm_id": "370328586", "osm_type": "way", "highway": "trunk_link" }, "geometry": { "type": "LineString", "coordinates": [ [ 77.623365046175977, 12.916200211030281 ], [ 77.6234858, 12.9162914 ] ] } },
{ "type": "Feature", "properties": { "full_id": "w370328587", "osm_id": "370328587", "osm_type": "way", "highway": "tertiary" }, "geometry": { "type": "LineString", "coordinates": [ [ 77.6236899, 12.9173062 ], [ 77.6236161, 12.9171561 ] ] } },
{ "type": "Feature", "properties": { "full_id": "w370328588", "osm_id": "370328588", "osm_type": "way", "highway": "tertiary" }, "geometry": { "type": "LineString", "coordinates": [ [ 77.6236474, 12.9163634 ], [ 77.6236869, 12.9162354 ], [ 77.6238032, 12.9160163 ], [ 77.6241525, 12.9153499 ], [ 77.6243665, 12.9149416 ], [ 77.6244002, 12.9148756 ], [ 77.6244349, 12.9148074 ], [ 77.6246624, 12.9143606 ] ] } },
{ "type": "Feature", "properties": { "full_id": "w370381640", "osm_id": "370381640", "osm_type": "way", "highway": "tertiary" }, "geometry": { "type": "LineString", "coordinates": [ [ 77.6693034, 12.9272318 ], [ 77.669303528601333, 12.927234614649555 ] ] } },
{ "type": "Feature", "properties": { "full_id": "w372421984", "osm_id": "372421984", "osm_type": "way", "highway": "residential" }, "geometry": { "type": "LineString", "coordinates": [ [ 77.6510095, 12.9065957 ], [ 77.6514476, 12.9065684 ] ] } },
{ "type": "Feature", "properties": { "full_id": "w372542723", "osm_id": "372542723", "osm_type": "way", "highway": "residential" }, "geometry": { "type": "LineString", "coordinates": [ [ 77.6383333, 12.9179644 ], [ 77.638295390314099, 12.917967338361931 ] ] } },
{ "type": "Feature", "properties": { "full_id": "w377105483", "osm_id": "377105483", "osm_type": "way", "highway": "trunk" }, "geometry": { "type": "LineString", "coordinates": [ [ 77.6635896, 12.9211189 ], [ 77.6639564, 12.9210171 ], [ 77.6643062, 12.9209196 ], [ 77.6646317, 12.9208374 ], [ 77.6647433, 12.9208113 ], [ 77.6648463, 12.9208114 ] ] } },
{ "type": "Feature", "properties": { "full_id": "w377105485", "osm_id": "377105485", "osm_type": "way", "highway": "trunk" }, "geometry": { "type": "LineString", "coordinates": [ [ 77.66121565698063, 12.921709105600447 ], [ 77.6622734, 12.9214429 ], [ 77.6629056, 12.921278 ] ] } },
{ "type": "Feature", "properties": { "full_id": "w377106135", "osm_id": "377106135", "osm_type": "way", "highway": "trunk" }, "geometry": { "type": "LineString", "coordinates": [ [ 77.6484131, 12.9244093 ], [ 77.6487145, 12.924448 ], [ 77.6498597, 12.9245269 ], [ 77.650096835528643, 12.924539241626025 ] ] } },
{ "type": "Feature", "properties": { "full_id": "w377124828", "osm_id": "377124828", "osm_type": "way", "highway": "tertiary" }, "geometry": { "type": "LineString", "coordinates": [ [ 77.6323597, 12.9161832 ], [ 77.6323608, 12.9161447 ], [ 77.6323656, 12.9156097 ], [ 77.6323911, 12.914578 ], [ 77.6323958, 12.9143852 ] ] } },
{ "type": "Feature", "properties": { "full_id": "w377124830", "osm_id": "377124830", "osm_type": "way", "highway": "trunk_link" }, "geometry": { "type": "LineString", "coordinates": [ [ 77.6234858, 12.9162914 ], [ 77.6235604, 12.9163216 ], [ 77.6235845, 12.9163061 ], [ 77.623607, 12.916256 ], [ 77.6236779, 12.9161089 ], [ 77.6237168, 12.9160645 ], [ 77.6237593, 12.9160357 ], [ 77.6238032, 12.9160163 ] ] } },
{ "type": "Feature", "properties": { "full_id": "w377125912", "osm_id": "377125912", "osm_type": "way", "highway": "trunk" }, "geometry": { "type": "LineString", "coordinates": [ [ 77.6405148, 12.9171 ], [ 77.6407708, 12.9172952 ], [ 77.6410422, 12.9175032 ], [ 77.64108, 12.9175322 ], [ 77.6415843, 12.9180354 ], [ 77.6417881, 12.9182535 ], [ 77.6420024, 12.9184929 ], [ 77.6421682, 12.9187062 ], [ 77.6429105, 12.9197116 ], [ 77.6430337, 12.9198785 ], [ 77.6446581, 12.9218348 ], [ 77.6447993, 12.9219722 ], [ 77.6448627, 12.9220342 ], [ 77.6449153, 12.9220812 ], [ 77.6461505, 12.9232131 ], [ 77.6463877, 12.9234243 ], [ 77.6466603, 12.9236461 ], [ 77.6473064, 12.9240365 ], [ 77.6473465, 12.9240607 ], [ 77.6474166, 12.9240899 ], [ 77.6475553, 12.9241578 ] ] } },
{ "type": "Feature", "properties": { "full_id": "w379308034", "osm_id": "379308034", "osm_type": "way", "highway": "trunk" }, "geometry": { "type": "LineString", "coordinates": [ [ 77.6475553, 12.9241578 ], [ 77.6477617, 12.9242507 ], [ 77.6478808, 12.9242911 ], [ 77.6481059, 12.9243535 ], [ 77.6484131, 12.9244093 ] ] } },
{ "type": "Feature", "properties": { "full_id": "w379308035", "osm_id": "379308035", "osm_type": "way", "highway": "residential" }, "geometry": { "type": "LineString", "coordinates": [ [ 77.6502913, 12.9243028 ], [ 77.6503052, 12.9242079 ], [ 77.6503137, 12.9241105 ], [ 77.6503877, 12.9236029 ], [ 77.6504079, 12.923464 ], [ 77.650475, 12.9224442 ] ] } },
{ "type": "Feature", "properties": { "full_id": "w380929041", "osm_id": "380929041", "osm_type": "way", "highway": "trunk" }, "geometry": { "type": "LineString", "coordinates": [ [ 77.6636681, 12.9209154 ], [ 77.6629848, 12.921113 ] ] } },
{ "type": "Feature", "properties": { "full_id": "w380929042", "osm_id": "380929042", "osm_type": "way", "highway": "trunk" }, "geometry": { "type": "LineString", "coordinates": [ [ 77.664830950157494, 12.92064126267114 ], [ 77.6647695, 12.9206449 ], [ 77.6645539, 12.9206777 ], [ 77.6636681, 12.9209154 ] ] } },
{ "type": "Feature", "properties": { "full_id": "w380980307", "osm_id": "380980307", "osm_type": "way", "highway": "trunk" }, "geometry": { "type": "LineString", "coordinates": [ [ 77.651753236091835, 12.924160575973518 ], [ 77.650785, 12.9243372 ], [ 77.6505067, 12.9243654 ], [ 77.6501883, 12.9243697 ], [ 77.6498746, 12.924356 ], [ 77.6487252, 12.9242786 ], [ 77.6484417, 12.9242385 ] ] } },
{ "type": "Feature", "properties": { "full_id": "w380980308", "osm_id": "380980308", "osm_type": "way", "highway": "trunk" }, "geometry": { "type": "LineString", "coordinates": [ [ 77.6322917, 12.9164911 ], [ 77.6317612, 12.9165405 ], [ 77.6309395, 12.9166138 ], [ 77.6299413, 12.9166561 ], [ 77.6293197, 12.9166887 ], [ 77.6292164, 12.9166941 ], [ 77.6287887, 12.9167297 ], [ 77.6285856, 12.9167498 ], [ 77.6283794, 12.9168049 ], [ 77.6259953, 12.9175253 ], [ 77.625756, 12.9175781 ], [ 77.625555, 12.9176102 ], [ 77.6253351, 12.9176182 ], [ 77.6251311, 12.9176224 ], [ 77.6249271, 12.9176164 ], [ 77.6247091, 12.9176109 ], [ 77.6244453, 12.9175581 ], [ 77.6244169, 12.9175524 ], [ 77.6242664, 12.9175302 ], [ 77.6238988, 12.9174761 ], [ 77.6238004, 12.9174551 ], [ 77.6235614, 12.9174042 ], [ 77.6233051, 12.9173496 ] ] } },
{ "type": "Feature", "properties": { "full_id": "w380980309", "osm_id": "380980309", "osm_type": "way", "highway": "trunk" }, "geometry": { "type": "LineString", "coordinates": [ [ 77.6371053, 12.9159544 ], [ 77.6355416, 12.9161318 ] ] } },
{ "type": "Feature", "properties": { "full_id": "w380980310", "osm_id": "380980310", "osm_type": "way", "highway": "trunk" }, "geometry": { "type": "LineString", "coordinates": [ [ 77.6475028, 12.9239539 ], [ 77.6474406, 12.9239272 ], [ 77.6472923, 12.9238729 ], [ 77.6470719, 12.9237689 ] ] } },
{ "type": "Feature", "properties": { "full_id": "w380980311", "osm_id": "380980311", "osm_type": "way", "highway": "trunk" }, "geometry": { "type": "LineString", "coordinates": [ [ 77.6484417, 12.9242385 ], [ 77.648086, 12.9241695 ], [ 77.6478897, 12.9240974 ], [ 77.6475028, 12.9239539 ] ] } },
{ "type": "Feature", "properties": { "full_id": "w380980312", "osm_id": "380980312", "osm_type": "way", "highway": "trunk" }, "geometry": { "type": "LineString", "coordinates": [ [ 77.6393192, 12.9161435 ], [ 77.638971, 12.9160148 ], [ 77.638796, 12.9159599 ], [ 77.638618, 12.9159135 ], [ 77.6383242, 12.9158631 ], [ 77.6380211, 12.9158531 ], [ 77.6378374, 12.9158585 ], [ 77.6376604, 12.915876 ], [ 77.6371053, 12.9159544 ] ] } },
{ "type": "Feature", "properties": { "full_id": "w380980313", "osm_id": "380980313", "osm_type": "way", "highway": "trunk" }, "geometry": { "type": "LineString", "coordinates": [ [ 77.6405404, 12.9168706 ], [ 77.6402516, 12.916636 ], [ 77.6400454, 12.9164892 ], [ 77.6397255, 12.9163044 ], [ 77.639522, 12.9162211 ], [ 77.6393192, 12.9161435 ] ] } },
{ "type": "Feature", "properties": { "full_id": "w383749275", "osm_id": "383749275", "osm_type": "way", "highway": "residential" }, "geometry": { "type": "LineString", "coordinates": [ [ 77.6654511, 12.921859 ], [ 77.665374, 12.9218586 ], [ 77.6645239, 12.9218676 ] ] } },
{ "type": "Feature", "properties": { "full_id": "w383749276", "osm_id": "383749276", "osm_type": "way", "highway": "residential" }, "geometry": { "type": "LineString", "coordinates": [ [ 77.6654204, 12.9220916 ], [ 77.665342, 12.9220943 ], [ 77.664525, 12.9221007 ] ] } },
{ "type": "Feature", "properties": { "full_id": "w383749277", "osm_id": "383749277", "osm_type": "way", "highway": "residential" }, "geometry": { "type": "LineString", "coordinates": [ [ 77.6620161, 12.9225481 ], [ 77.6621188, 12.9229052 ], [ 77.662146, 12.9229312 ], [ 77.6622937, 12.9229316 ] ] } },
{ "type": "Feature", "properties": { "full_id": "w393308178", "osm_id": "393308178", "osm_type": "way", "highway": "residential" }, "geometry": { "type": "LineString", "coordinates": [ [ 77.6371608, 12.9069659 ], [ 77.6372382, 12.9074359 ] ] } },
{ "type": "Feature", "properties": { "full_id": "w393308179", "osm_id": "393308179", "osm_type": "way", "highway": "residential" }, "geometry": { "type": "LineString", "coordinates": [ [ 77.6375155, 12.9073779 ], [ 77.6374451, 12.9069364 ] ] } },
{ "type": "Feature", "properties": { "full_id": "w413271593", "osm_id": "413271593", "osm_type": "way", "highway": "tertiary" }, "geometry": { "type": "LineString", "coordinates": [ [ 77.6324795, 12.9100028 ], [ 77.6324906, 12.9096249 ] ] } },
{ "type": "Feature", "properties": { "full_id": "w413271594", "osm_id": "413271594", "osm_type": "way", "highway": "residential" }, "geometry": { "type": "LineString", "coordinates": [ [ 77.6489316, 12.9208795 ], [ 77.6489359, 12.9210663 ], [ 77.6489411, 12.9212124 ], [ 77.6489331, 12.9213131 ], [ 77.648866, 12.9217561 ], [ 77.6488687, 12.9219601 ], [ 77.6490645, 12.9220124 ], [ 77.6491302, 12.92213 ], [ 77.6491369, 12.9222882 ], [ 77.6491396, 12.9224581 ], [ 77.6491114, 12.922632 ], [ 77.6491138, 12.9226783 ], [ 77.6491229, 12.9228747 ], [ 77.6491235, 12.9228869 ], [ 77.6491503, 12.9230294 ], [ 77.6492308, 12.9233104 ], [ 77.6492287, 12.923373 ], [ 77.6492161, 12.9237431 ] ] } },
{ "type": "Feature", "properties": { "full_id": "w413271595", "osm_id": "413271595", "osm_type": "way", "highway": "residential" }, "geometry": { "type": "LineString", "coordinates": [ [ 77.648046, 12.9202544 ], [ 77.6493059, 12.9201426 ] ] } },
{ "type": "Feature", "properties": { "full_id": "w413271596", "osm_id": "413271596", "osm_type": "way", "highway": "residential" }, "geometry": { "type": "LineString", "coordinates": [ [ 77.6506313, 12.9215665 ], [ 77.650087, 12.9216504 ], [ 77.6496671, 12.9217152 ] ] } },
{ "type": "Feature", "properties": { "full_id": "w413271597", "osm_id": "413271597", "osm_type": "way", "highway": "residential" }, "geometry": { "type": "LineString", "coordinates": [ [ 77.6503205, 12.9206588 ], [ 77.6501461, 12.9200093 ], [ 77.6500457, 12.9196356 ] ] } },
{ "type": "Feature", "properties": { "full_id": "w413271598", "osm_id": "413271598", "osm_type": "way", "highway": "residential" }, "geometry": { "type": "LineString", "coordinates": [ [ 77.6493623, 12.9205271 ], [ 77.6480761, 12.9206128 ] ] } },
{ "type": "Feature", "properties": { "full_id": "w413271599", "osm_id": "413271599", "osm_type": "way", "highway": "residential" }, "geometry": { "type": "LineString", "coordinates": [ [ 77.6494243, 12.9208292 ], [ 77.6489316, 12.9208795 ], [ 77.6481043, 12.9209477 ] ] } },
{ "type": "Feature", "properties": { "full_id": "w413271600", "osm_id": "413271600", "osm_type": "way", "highway": "residential" }, "geometry": { "type": "LineString", "coordinates": [ [ 77.6480645, 12.9204981 ], [ 77.6475936, 12.9205761 ] ] } },
{ "type": "Feature", "properties": { "full_id": "w413271602", "osm_id": "413271602", "osm_type": "way", "highway": "residential" }, "geometry": { "type": "LineString", "coordinates": [ [ 77.6496109, 12.921478 ], [ 77.6500418, 12.9214124 ], [ 77.6506541, 12.9213193 ] ] } },
{ "type": "Feature", "properties": { "full_id": "w413271605", "osm_id": "413271605", "osm_type": "way", "highway": "residential" }, "geometry": { "type": "LineString", "coordinates": [ [ 77.6502919, 12.9224736 ], [ 77.6502065, 12.9221842 ], [ 77.6501817, 12.9221047 ], [ 77.6501539, 12.9219038 ], [ 77.6501394, 12.9218496 ], [ 77.650087, 12.9216504 ], [ 77.6500418, 12.9214124 ] ] } },
{ "type": "Feature", "properties": { "full_id": "w413271606", "osm_id": "413271606", "osm_type": "way", "highway": "residential" }, "geometry": { "type": "LineString", "coordinates": [ [ 77.6478683, 12.9210771 ], [ 77.648021, 12.9217383 ], [ 77.648026, 12.9220542 ] ] } },
{ "type": "Feature", "properties": { "full_id": "w413271609", "osm_id": "413271609", "osm_type": "way", "highway": "residential" }, "geometry": { "type": "LineString", "coordinates": [ [ 77.6492606, 12.9197956 ], [ 77.6480371, 12.9198843 ], [ 77.6476693, 12.9199055 ], [ 77.6472629, 12.9199334 ], [ 77.6468829, 12.9199537 ], [ 77.6454993, 12.9200551 ] ] } },
{ "type": "Feature", "properties": { "full_id": "w413271610", "osm_id": "413271610", "osm_type": "way", "highway": "residential" }, "geometry": { "type": "LineString", "coordinates": [ [ 77.648109, 12.9210889 ], [ 77.6481043, 12.9209477 ], [ 77.6480896, 12.9207846 ], [ 77.6480761, 12.9206128 ], [ 77.6480645, 12.9204981 ], [ 77.648046, 12.9202544 ], [ 77.6480371, 12.9198843 ], [ 77.6480284, 12.9196913 ], [ 77.6479989, 12.9193924 ] ] } },
{ "type": "Feature", "properties": { "full_id": "w413271611", "osm_id": "413271611", "osm_type": "way", "highway": "residential" }, "geometry": { "type": "LineString", "coordinates": [ [ 77.6491148, 12.9210614 ], [ 77.6489359, 12.9210663 ], [ 77.6485384, 12.9210772 ], [ 77.648109, 12.9210889 ], [ 77.6478683, 12.9210771 ], [ 77.6474063, 12.9210077 ] ] } },
{ "type": "Feature", "properties": { "full_id": "w413271612", "osm_id": "413271612", "osm_type": "way", "highway": "residential" }, "geometry": { "type": "LineString", "coordinates": [ [ 77.6487394, 12.9236478 ], [ 77.6487303, 12.9232672 ], [ 77.6487208, 12.9231639 ], [ 77.6487147, 12.9230734 ], [ 77.6486434, 12.9227405 ], [ 77.6486411, 12.9226734 ], [ 77.6486354, 12.9225026 ], [ 77.6486699, 12.9222708 ], [ 77.6486662, 12.9219719 ] ] } },
{ "type": "Feature", "properties": { "full_id": "w413271613", "osm_id": "413271613", "osm_type": "way", "highway": "residential" }, "geometry": { "type": "LineString", "coordinates": [ [ 77.6488687, 12.9219601 ], [ 77.6487923, 12.9219654 ], [ 77.6486662, 12.9219719 ], [ 77.6485507, 12.9219937 ], [ 77.6484449, 12.9220137 ], [ 77.6481593, 12.9220594 ], [ 77.648026, 12.9220542 ] ] } },
{ "type": "Feature", "properties": { "full_id": "w439749186", "osm_id": "439749186", "osm_type": "way", "highway": "footway" }, "geometry": { "type": "LineString", "coordinates": [ [ 77.6400949, 12.9231743 ], [ 77.6402133, 12.9234311 ] ] } },
{ "type": "Feature", "properties": { "full_id": "w440067070", "osm_id": "440067070", "osm_type": "way", "highway": "residential" }, "geometry": { "type": "LineString", "coordinates": [ [ 77.6412802, 12.9054899 ], [ 77.641267155990917, 12.905411902830576 ] ] } },
{ "type": "Feature", "properties": { "full_id": "w440067072", "osm_id": "440067072", "osm_type": "way", "highway": "residential" }, "geometry": { "type": "LineString", "coordinates": [ [ 77.639851748697779, 12.905638850943093 ], [ 77.6398567, 12.9056654 ] ] } },
{ "type": "Feature", "properties": { "full_id": "w440067078", "osm_id": "440067078", "osm_type": "way", "highway": "residential" }, "geometry": { "type": "LineString", "coordinates": [ [ 77.6435395, 12.9049427 ], [ 77.6435538, 12.9051172 ], [ 77.643587, 12.9054541 ], [ 77.6436091, 12.9058368 ], [ 77.6436202, 12.9060901 ], [ 77.6436367, 12.9062656 ] ] } },
{ "type": "Feature", "properties": { "full_id": "w440067079", "osm_id": "440067079", "osm_type": "way", "highway": "residential" }, "geometry": { "type": "LineString", "coordinates": [ [ 77.6437987, 12.9048779 ], [ 77.6438248, 12.9050498 ], [ 77.6438303, 12.9052789 ], [ 77.6438386, 12.9055807 ], [ 77.6438469, 12.9058098 ], [ 77.6438769, 12.9062682 ] ] } },
{ "type": "Feature", "properties": { "full_id": "w447660734", "osm_id": "447660734", "osm_type": "way", "highway": "residential" }, "geometry": { "type": "LineString", "coordinates": [ [ 77.6654136, 12.9270487 ], [ 77.6654085, 12.9271478 ], [ 77.6653529, 12.9276356 ], [ 77.665363, 12.9276605 ], [ 77.6653777, 12.9276778 ], [ 77.6654394, 12.9277503 ] ] } },
{ "type": "Feature", "properties": { "full_id": "w447660735", "osm_id": "447660735", "osm_type": "way", "highway": "residential" }, "geometry": { "type": "LineString", "coordinates": [ [ 77.6663175, 12.9276513 ], [ 77.6670996, 12.9275472 ], [ 77.6672928, 12.9275239 ], [ 77.6675811, 12.9274892 ], [ 77.6676227, 12.9275036 ], [ 77.6676455, 12.9275337 ] ] } },
{ "type": "Feature", "properties": { "full_id": "w450550417", "osm_id": "450550417", "osm_type": "way", "highway": "service" }, "geometry": { "type": "LineString", "coordinates": [ [ 77.6640402, 12.9236503 ], [ 77.6639736, 12.9237293 ], [ 77.6638162, 12.9239408 ] ] } },
{ "type": "Feature", "properties": { "full_id": "w461258088", "osm_id": "461258088", "osm_type": "way", "highway": "footway" }, "geometry": { "type": "LineString", "coordinates": [ [ 77.6467932, 12.9095766 ], [ 77.646704, 12.9095778 ], [ 77.6467028, 12.9094782 ], [ 77.6459972, 12.9095229 ], [ 77.6460395, 12.9100517 ], [ 77.6466856, 12.9100024 ], [ 77.646704, 12.9095778 ] ] } },
{ "type": "Feature", "properties": { "full_id": "w472323014", "osm_id": "472323014", "osm_type": "way", "highway": "tertiary" }, "geometry": { "type": "LineString", "coordinates": [ [ 77.6504584, 12.9035364 ], [ 77.6505169, 12.903147 ], [ 77.6506309, 12.9024225 ], [ 77.6506551, 12.9022761 ], [ 77.6506752, 12.9020986 ], [ 77.6506907, 12.9017797 ] ] } },
{ "type": "Feature", "properties": { "full_id": "w480403723", "osm_id": "480403723", "osm_type": "way", "highway": "secondary" }, "geometry": { "type": "LineString", "coordinates": [ [ 77.6445091, 12.9086863 ], [ 77.6445081, 12.908642 ], [ 77.6444721, 12.9077785 ], [ 77.6444614, 12.9075233 ], [ 77.6444494, 12.9071788 ], [ 77.6444446, 12.9070411 ], [ 77.6444306, 12.9066405 ] ] } },
{ "type": "Feature", "properties": { "full_id": "w480777025", "osm_id": "480777025", "osm_type": "way", "highway": "residential" }, "geometry": { "type": "LineString", "coordinates": [ [ 77.6443035, 12.9091088 ], [ 77.6443358, 12.9102521 ], [ 77.6443752, 12.9113102 ], [ 77.6444047, 12.9118347 ], [ 77.6444101, 12.9119307 ] ] } },
{ "type": "Feature", "properties": { "full_id": "w508067880", "osm_id": "508067880", "osm_type": "way", "highway": "path" }, "geometry": { "type": "LineString", "coordinates": [ [ 77.661924667027279, 12.923693359239985 ], [ 77.6619324, 12.9236763 ], [ 77.6620075, 12.9235417 ], [ 77.6621483, 12.9233796 ], [ 77.6622167, 12.9232006 ], [ 77.6622127, 12.9231352 ], [ 77.6623155, 12.9229965 ] ] } },
{ "type": "Feature", "properties": { "full_id": "w544943818", "osm_id": "544943818", "osm_type": "way", "highway": "residential" }, "geometry": { "type": "LineString", "coordinates": [ [ 77.6557154, 12.9001382 ], [ 77.655652, 12.8997481 ], [ 77.6556145, 12.8995507 ], [ 77.6555649, 12.8993418 ] ] } },
{ "type": "Feature", "properties": { "full_id": "w544944418", "osm_id": "544944418", "osm_type": "way", "highway": "tertiary" }, "geometry": { "type": "LineString", "coordinates": [ [ 77.6513629, 12.8994457 ], [ 77.6513198, 12.8992073 ] ] } },
{ "type": "Feature", "properties": { "full_id": "w544944419", "osm_id": "544944419", "osm_type": "way", "highway": "tertiary" }, "geometry": { "type": "LineString", "coordinates": [ [ 77.6513198, 12.8992073 ], [ 77.6512277, 12.8988775 ] ] } },
{ "type": "Feature", "properties": { "full_id": "w544944420", "osm_id": "544944420", "osm_type": "way", "highway": "residential" }, "geometry": { "type": "LineString", "coordinates": [ [ 77.6538331, 12.8985497 ], [ 77.6539178, 12.8988751 ], [ 77.6539524, 12.8990147 ], [ 77.6539833, 12.8991526 ], [ 77.6539941, 12.8991865 ], [ 77.6540028, 12.8992186 ], [ 77.6540584, 12.8994239 ], [ 77.6543716, 12.8993729 ], [ 77.6548782, 12.8992741 ], [ 77.6549499, 12.8992597 ] ] } },
{ "type": "Feature", "properties": { "full_id": "w544944784", "osm_id": "544944784", "osm_type": "way", "highway": "tertiary" }, "geometry": { "type": "LineString", "coordinates": [ [ 77.6512277, 12.8988775 ], [ 77.6511767, 12.8989376 ], [ 77.6511584, 12.8989507 ], [ 77.6511362, 12.8989629 ], [ 77.6510993, 12.8989787 ], [ 77.651054, 12.8989982 ], [ 77.6510089, 12.8990155 ] ] } },
{ "type": "Feature", "properties": { "full_id": "w544944785", "osm_id": "544944785", "osm_type": "way", "highway": "residential" }, "geometry": { "type": "LineString", "coordinates": [ [ 77.6506065, 12.8991792 ], [ 77.650600519589091, 12.899148731193822 ] ] } },
{ "type": "Feature", "properties": { "full_id": "w544946086", "osm_id": "544946086", "osm_type": "way", "highway": "residential" }, "geometry": { "type": "LineString", "coordinates": [ [ 77.6531428, 12.9075264 ], [ 77.6535344, 12.9074635 ], [ 77.6536605, 12.9083497 ], [ 77.6537404, 12.9091061 ] ] } },
{ "type": "Feature", "properties": { "full_id": "w544946088", "osm_id": "544946088", "osm_type": "way", "highway": "residential" }, "geometry": { "type": "LineString", "coordinates": [ [ 77.6522995, 12.9082264 ], [ 77.6532019, 12.9081089 ] ] } },
{ "type": "Feature", "properties": { "full_id": "w544946090", "osm_id": "544946090", "osm_type": "way", "highway": "residential" }, "geometry": { "type": "LineString", "coordinates": [ [ 77.652348, 12.908524 ], [ 77.6532283, 12.9084112 ] ] } },
{ "type": "Feature", "properties": { "full_id": "w544946091", "osm_id": "544946091", "osm_type": "way", "highway": "residential" }, "geometry": { "type": "LineString", "coordinates": [ [ 77.6530798, 12.9070952 ], [ 77.6520931, 12.9072466 ] ] } },
{ "type": "Feature", "properties": { "full_id": "w544946094", "osm_id": "544946094", "osm_type": "way", "highway": "residential" }, "geometry": { "type": "LineString", "coordinates": [ [ 77.6520931, 12.9072466 ], [ 77.6521818, 12.9076771 ] ] } },
{ "type": "Feature", "properties": { "full_id": "w544946096", "osm_id": "544946096", "osm_type": "way", "highway": "residential" }, "geometry": { "type": "LineString", "coordinates": [ [ 77.6521818, 12.9076771 ], [ 77.6517623, 12.9077767 ], [ 77.6517186, 12.9077871 ] ] } },
{ "type": "Feature", "properties": { "full_id": "w544949496", "osm_id": "544949496", "osm_type": "way", "highway": "residential" }, "geometry": { "type": "LineString", "coordinates": [ [ 77.6503714, 12.9108082 ], [ 77.650387, 12.9104721 ], [ 77.650405, 12.9101698 ], [ 77.6504072, 12.9099124 ], [ 77.6504077, 12.9096041 ], [ 77.6504023, 12.9092285 ] ] } },
{ "type": "Feature", "properties": { "full_id": "w544949497", "osm_id": "544949497", "osm_type": "way", "highway": "residential" }, "geometry": { "type": "LineString", "coordinates": [ [ 77.6497478, 12.9095839 ], [ 77.6497339, 12.909893 ], [ 77.649729, 12.9101515 ], [ 77.6497215, 12.9104574 ], [ 77.6497094, 12.9107464 ], [ 77.6496989, 12.9110175 ], [ 77.6496936, 12.9113234 ] ] } },
{ "type": "Feature", "properties": { "full_id": "w544949498", "osm_id": "544949498", "osm_type": "way", "highway": "residential" }, "geometry": { "type": "LineString", "coordinates": [ [ 77.6447311, 12.912879 ], [ 77.6453335, 12.9128732 ], [ 77.6453343, 12.9127713 ], [ 77.6453349, 12.912702 ], [ 77.6455005, 12.9127024 ], [ 77.6461347, 12.9127037 ] ] } },
{ "type": "Feature", "properties": { "full_id": "w544949499", "osm_id": "544949499", "osm_type": "way", "highway": "living_street" }, "geometry": { "type": "LineString", "coordinates": [ [ 77.6490685, 12.9233653 ], [ 77.6492287, 12.923373 ] ] } },
{ "type": "Feature", "properties": { "full_id": "w544949500", "osm_id": "544949500", "osm_type": "way", "highway": "residential" }, "geometry": { "type": "LineString", "coordinates": [ [ 77.6480821, 12.9235584 ], [ 77.64839, 12.9235811 ], [ 77.6484553, 12.9235939 ], [ 77.6487394, 12.9236478 ], [ 77.6492161, 12.9237431 ], [ 77.6492876, 12.9237748 ], [ 77.649786, 12.9239957 ] ] } },
{ "type": "Feature", "properties": { "full_id": "w544949501", "osm_id": "544949501", "osm_type": "way", "highway": "residential" }, "geometry": { "type": "LineString", "coordinates": [ [ 77.650475, 12.9224442 ], [ 77.6505891, 12.922423 ] ] } },
{ "type": "Feature", "properties": { "full_id": "w544949502", "osm_id": "544949502", "osm_type": "way", "highway": "residential" }, "geometry": { "type": "LineString", "coordinates": [ [ 77.6498674, 12.9206796 ], [ 77.6499369, 12.9211525 ] ] } },
{ "type": "Feature", "properties": { "full_id": "w544949503", "osm_id": "544949503", "osm_type": "way", "highway": "residential" }, "geometry": { "type": "LineString", "coordinates": [ [ 77.653025698978041, 12.920996360395884 ], [ 77.6530121, 12.92079 ], [ 77.6530161, 12.9207731 ], [ 77.6530278, 12.9207669 ], [ 77.6536805, 12.9206764 ] ] } },
{ "type": "Feature", "properties": { "full_id": "w544999261", "osm_id": "544999261", "osm_type": "way", "highway": "service" }, "geometry": { "type": "LineString", "coordinates": [ [ 77.6278134, 12.9125107 ], [ 77.6272283, 12.9124765 ], [ 77.6271856, 12.912474 ] ] } },
{ "type": "Feature", "properties": { "full_id": "w544999262", "osm_id": "544999262", "osm_type": "way", "highway": "residential" }, "geometry": { "type": "LineString", "coordinates": [ [ 77.6276551, 12.9129524 ], [ 77.6272855, 12.9129677 ] ] } },
{ "type": "Feature", "properties": { "full_id": "w544999264", "osm_id": "544999264", "osm_type": "way", "highway": "residential" }, "geometry": { "type": "LineString", "coordinates": [ [ 77.6268249, 12.9137291 ], [ 77.6266021, 12.9137136 ], [ 77.625684, 12.9138657 ], [ 77.6255541, 12.9138922 ] ] } },
{ "type": "Feature", "properties": { "full_id": "w544999266", "osm_id": "544999266", "osm_type": "way", "highway": "residential" }, "geometry": { "type": "LineString", "coordinates": [ [ 77.6281875, 12.9156648 ], [ 77.6275826, 12.9152955 ] ] } },
{ "type": "Feature", "properties": { "full_id": "w544999267", "osm_id": "544999267", "osm_type": "way", "highway": "residential" }, "geometry": { "type": "LineString", "coordinates": [ [ 77.6385409, 12.9073876 ], [ 77.6387176, 12.9073535 ] ] } },
{ "type": "Feature", "properties": { "full_id": "w544999268", "osm_id": "544999268", "osm_type": "way", "highway": "residential" }, "geometry": { "type": "LineString", "coordinates": [ [ 77.6384517, 12.9078739 ], [ 77.6389104, 12.9077816 ] ] } },
{ "type": "Feature", "properties": { "full_id": "w544999269", "osm_id": "544999269", "osm_type": "way", "highway": "residential" }, "geometry": { "type": "LineString", "coordinates": [ [ 77.6383763, 12.907589 ], [ 77.6387734, 12.907493 ] ] } },
{ "type": "Feature", "properties": { "full_id": "w544999271", "osm_id": "544999271", "osm_type": "way", "highway": "residential" }, "geometry": { "type": "LineString", "coordinates": [ [ 77.6384296, 12.9072099 ], [ 77.6387053, 12.9071705 ] ] } },
{ "type": "Feature", "properties": { "full_id": "w544999273", "osm_id": "544999273", "osm_type": "way", "highway": "residential" }, "geometry": { "type": "LineString", "coordinates": [ [ 77.6434091, 12.9084308 ], [ 77.6433945, 12.9078733 ], [ 77.6433471, 12.9068722 ] ] } },
{ "type": "Feature", "properties": { "full_id": "w545000590", "osm_id": "545000590", "osm_type": "way", "highway": "residential" }, "geometry": { "type": "LineString", "coordinates": [ [ 77.6325458, 12.9074067 ], [ 77.6312962, 12.907411 ] ] } },
{ "type": "Feature", "properties": { "full_id": "w547810509", "osm_id": "547810509", "osm_type": "way", "highway": "residential" }, "geometry": { "type": "LineString", "coordinates": [ [ 77.6434286, 12.9172298 ], [ 77.6434071, 12.9167451 ], [ 77.6433808, 12.9162041 ], [ 77.6433654, 12.9158876 ], [ 77.6433428, 12.9154227 ] ] } },
{ "type": "Feature", "properties": { "full_id": "w547810510", "osm_id": "547810510", "osm_type": "way", "highway": "residential" }, "geometry": { "type": "LineString", "coordinates": [ [ 77.6430118, 12.9172342 ], [ 77.6430497, 12.9184099 ] ] } },
{ "type": "Feature", "properties": { "full_id": "w547810511", "osm_id": "547810511", "osm_type": "way", "highway": "residential" }, "geometry": { "type": "LineString", "coordinates": [ [ 77.6442672, 12.917202 ], [ 77.6441525, 12.9152888 ] ] } },
{ "type": "Feature", "properties": { "full_id": "w547810512", "osm_id": "547810512", "osm_type": "way", "highway": "residential" }, "geometry": { "type": "LineString", "coordinates": [ [ 77.6437822, 12.9172112 ], [ 77.643697, 12.9153641 ] ] } },
{ "type": "Feature", "properties": { "full_id": "w556969789", "osm_id": "556969789", "osm_type": "way", "highway": "tertiary" }, "geometry": { "type": "LineString", "coordinates": [ [ 77.6501326, 12.924293 ], [ 77.6501377, 12.9242299 ], [ 77.650111, 12.9241599 ], [ 77.649786, 12.9239957 ] ] } },
{ "type": "Feature", "properties": { "full_id": "w571697355", "osm_id": "571697355", "osm_type": "way", "highway": "residential" }, "geometry": { "type": "LineString", "coordinates": [ [ 77.6438594, 12.90849 ], [ 77.6438682, 12.9087371 ], [ 77.6443022, 12.908712 ] ] } },
{ "type": "Feature", "properties": { "full_id": "w571699030", "osm_id": "571699030", "osm_type": "way", "highway": "residential" }, "geometry": { "type": "LineString", "coordinates": [ [ 77.6438, 12.9068626 ], [ 77.6438342, 12.907818 ] ] } },
{ "type": "Feature", "properties": { "full_id": "w571701229", "osm_id": "571701229", "osm_type": "way", "highway": "residential" }, "geometry": { "type": "LineString", "coordinates": [ [ 77.6436277, 12.9084151 ], [ 77.643628, 12.9085094 ] ] } },
{ "type": "Feature", "properties": { "full_id": "w571701230", "osm_id": "571701230", "osm_type": "way", "highway": "residential" }, "geometry": { "type": "LineString", "coordinates": [ [ 77.6434091, 12.9084308 ], [ 77.6434117, 12.9085276 ] ] } },
{ "type": "Feature", "properties": { "full_id": "w609391852", "osm_id": "609391852", "osm_type": "way", "highway": "secondary" }, "geometry": { "type": "LineString", "coordinates": [ [ 77.6449766, 12.9220264 ], [ 77.6450003, 12.9219915 ], [ 77.6450403, 12.9219262 ] ] } },
{ "type": "Feature", "properties": { "full_id": "w609642207", "osm_id": "609642207", "osm_type": "way", "highway": "footway" }, "geometry": { "type": "LineString", "coordinates": [ [ 77.6380182, 12.9124403 ], [ 77.6380588, 12.9124397 ], [ 77.6381298, 12.9124372 ], [ 77.638185, 12.9124352 ] ] } },
{ "type": "Feature", "properties": { "full_id": "w609642208", "osm_id": "609642208", "osm_type": "way", "highway": "footway" }, "geometry": { "type": "LineString", "coordinates": [ [ 77.6380292, 12.9122112 ], [ 77.6380533, 12.9122108 ], [ 77.6381248, 12.9122096 ], [ 77.6381676, 12.9122089 ] ] } },
{ "type": "Feature", "properties": { "full_id": "w609642209", "osm_id": "609642209", "osm_type": "way", "highway": "footway" }, "geometry": { "type": "LineString", "coordinates": [ [ 77.6381927, 12.9124173 ], [ 77.6381902, 12.9123377 ], [ 77.6381878, 12.9122651 ], [ 77.6381865, 12.9122281 ] ] } },
{ "type": "Feature", "properties": { "full_id": "w609642210", "osm_id": "609642210", "osm_type": "way", "highway": "footway" }, "geometry": { "type": "LineString", "coordinates": [ [ 77.6380056, 12.9123896 ], [ 77.6380062, 12.9123413 ], [ 77.638007, 12.9122741 ], [ 77.6380074, 12.912238 ] ] } },
{ "type": "Feature", "properties": { "full_id": "w609645199", "osm_id": "609645199", "osm_type": "way", "highway": "service" }, "geometry": { "type": "LineString", "coordinates": [ [ 77.6434071, 12.9167451 ], [ 77.6433682, 12.9167468 ], [ 77.643174, 12.9167493 ] ] } },
{ "type": "Feature", "properties": { "full_id": "w610101763", "osm_id": "610101763", "osm_type": "way", "highway": "trunk" }, "geometry": { "type": "LineString", "coordinates": [ [ 77.6229515, 12.9172887 ], [ 77.6228033, 12.9172563 ] ] } },
{ "type": "Feature", "properties": { "full_id": "w610111572", "osm_id": "610111572", "osm_type": "way", "highway": "footway" }, "geometry": { "type": "LineString", "coordinates": [ [ 77.6402681, 12.9235444 ], [ 77.6402855, 12.9235705 ], [ 77.6403133, 12.9236239 ], [ 77.6403231, 12.9236456 ], [ 77.6403436, 12.9236908 ] ] } },
{ "type": "Feature", "properties": { "full_id": "w610111581", "osm_id": "610111581", "osm_type": "way", "highway": "cycleway" }, "geometry": { "type": "LineString", "coordinates": [ [ 77.6389194, 12.9164772 ], [ 77.6388501, 12.9165446 ], [ 77.6387955, 12.9165974 ], [ 77.6386506, 12.9167825 ], [ 77.6386168, 12.9168846 ], [ 77.6386013, 12.916954 ], [ 77.6385977, 12.9170858 ], [ 77.6386395, 12.9177152 ], [ 77.6386785, 12.9182667 ], [ 77.6387136, 12.9191678 ], [ 77.6387474, 12.9196715 ], [ 77.6388607, 12.920228 ], [ 77.6389929, 12.9207348 ], [ 77.6391063, 12.921113 ], [ 77.6392736, 12.921581 ], [ 77.6394255, 12.9218439 ], [ 77.6398779, 12.9227591 ], [ 77.6400361, 12.9230964 ], [ 77.6400949, 12.9231743 ] ] } },
{ "type": "Feature", "properties": { "full_id": "w610111585", "osm_id": "610111585", "osm_type": "way", "highway": "footway" }, "geometry": { "type": "LineString", "coordinates": [ [ 77.6389582, 12.9164893 ], [ 77.6389464, 12.9164592 ], [ 77.6389641, 12.9164195 ], [ 77.6389882, 12.9163599 ], [ 77.6389913, 12.9163432 ], [ 77.6390023, 12.9163155 ] ] } },
{ "type": "Feature", "properties": { "full_id": "w610111587", "osm_id": "610111587", "osm_type": "way", "highway": "footway" }, "geometry": { "type": "LineString", "coordinates": [ [ 77.6389427, 12.9163251 ], [ 77.6389407, 12.9163411 ], [ 77.6389273, 12.91644 ], [ 77.6389194, 12.9164772 ], [ 77.6389089, 12.9165405 ] ] } },
{ "type": "Feature", "properties": { "full_id": "w610111589", "osm_id": "610111589", "osm_type": "way", "highway": "cycleway" }, "geometry": { "type": "LineString", "coordinates": [ [ 77.645333, 12.9228931 ], [ 77.6453231, 12.9228597 ], [ 77.645305, 12.9227984 ], [ 77.6452641, 12.9227343 ], [ 77.6450452, 12.9225369 ], [ 77.6449387, 12.9224485 ], [ 77.6448064, 12.922321 ], [ 77.6445438, 12.922074 ], [ 77.6443354, 12.9218401 ], [ 77.6441896, 12.921673 ], [ 77.6439757, 12.921401 ], [ 77.6436951, 12.9210549 ], [ 77.6436103, 12.9209479 ], [ 77.6430804, 12.9203075 ], [ 77.6429388, 12.9201214 ], [ 77.6427753, 12.9198972 ], [ 77.6425555, 12.919605 ], [ 77.6424177, 12.9193799 ], [ 77.6422535, 12.919182 ], [ 77.6421301, 12.9190227 ], [ 77.641966, 12.9188207 ], [ 77.6418647, 12.9187045 ], [ 77.6418027, 12.9186242 ], [ 77.6415146, 12.9183021 ], [ 77.6413773, 12.9181487 ], [ 77.6411561, 12.917904 ], [ 77.6409332, 12.9177013 ] ] } },
{ "type": "Feature", "properties": { "full_id": "w610111594", "osm_id": "610111594", "osm_type": "way", "highway": "cycleway" }, "geometry": { "type": "LineString", "coordinates": [ [ 77.6409332, 12.9177013 ], [ 77.6408765, 12.9176471 ], [ 77.6407377, 12.9174889 ], [ 77.6404761, 12.9172946 ], [ 77.6401918, 12.9170544 ], [ 77.6400625, 12.9169593 ], [ 77.6397811, 12.9167503 ], [ 77.6396058, 12.9166563 ], [ 77.639445, 12.9165908 ], [ 77.6391, 12.9164475 ], [ 77.6390505, 12.9164392 ], [ 77.6389982, 12.9164434 ], [ 77.6389464, 12.9164592 ], [ 77.6389194, 12.9164772 ] ] } },
{ "type": "Feature", "properties": { "full_id": "w610111596", "osm_id": "610111596", "osm_type": "way", "highway": "footway" }, "geometry": { "type": "LineString", "coordinates": [ [ 77.6409007, 12.9177267 ], [ 77.6409332, 12.9177013 ], [ 77.6409623, 12.9176766 ], [ 77.6409725, 12.9176713 ], [ 77.6409999, 12.9176479 ] ] } },
{ "type": "Feature", "properties": { "full_id": "w610111597", "osm_id": "610111597", "osm_type": "way", "highway": "footway" }, "geometry": { "type": "LineString", "coordinates": [ [ 77.6428994, 12.9201486 ], [ 77.6429388, 12.9201214 ], [ 77.6429822, 12.9200909 ], [ 77.6430228, 12.9200632 ] ] } },
{ "type": "Feature", "properties": { "full_id": "w610111598", "osm_id": "610111598", "osm_type": "way", "highway": "footway" }, "geometry": { "type": "LineString", "coordinates": [ [ 77.6439499, 12.9214258 ], [ 77.6439757, 12.921401 ], [ 77.6440516, 12.921336 ], [ 77.6440755, 12.9213201 ] ] } },
{ "type": "Feature", "properties": { "full_id": "w610111599", "osm_id": "610111599", "osm_type": "way", "highway": "cycleway" }, "geometry": { "type": "LineString", "coordinates": [ [ 77.6402855, 12.9235705 ], [ 77.6411865, 12.9232678 ], [ 77.6413494, 12.9232422 ], [ 77.642802, 12.9236287 ], [ 77.6433157, 12.9237634 ], [ 77.644009, 12.9239698 ], [ 77.6443014, 12.9240574 ], [ 77.6444865, 12.924098 ], [ 77.6445683, 12.9241058 ], [ 77.6446595, 12.9241058 ], [ 77.6447266, 12.9240378 ], [ 77.6448368, 12.9238182 ], [ 77.6448499, 12.9237921 ], [ 77.64498, 12.9236195 ], [ 77.6451517, 12.9233581 ], [ 77.6451829, 12.9232849 ], [ 77.6453113, 12.922983 ], [ 77.6453319, 12.922943 ], [ 77.645333, 12.9228931 ] ] } },
{ "type": "Feature", "properties": { "full_id": "w610111600", "osm_id": "610111600", "osm_type": "way", "highway": "footway" }, "geometry": { "type": "LineString", "coordinates": [ [ 77.6446436, 12.9240138 ], [ 77.6447266, 12.9240378 ], [ 77.6447976, 12.9240718 ], [ 77.645271, 12.9243032 ], [ 77.6453931, 12.9243384 ], [ 77.6454794, 12.9243412 ], [ 77.6459563, 12.9243463 ], [ 77.6462929, 12.9243437 ], [ 77.6467484, 12.92437 ], [ 77.6473932, 12.9244441 ], [ 77.6474364, 12.9244386 ], [ 77.647454, 12.9244116 ], [ 77.6474588, 12.9243786 ], [ 77.6474423, 12.9243398 ], [ 77.6471777, 12.9241938 ], [ 77.6469618, 12.9240447 ], [ 77.6467138, 12.9238941 ], [ 77.6463135, 12.9236281 ], [ 77.6460046, 12.9234012 ], [ 77.6459558, 12.9233624 ], [ 77.6453231, 12.9228597 ], [ 77.6452762, 12.9228224 ] ] } },
{ "type": "Feature", "properties": { "full_id": "w610116692", "osm_id": "610116692", "osm_type": "way", "highway": "tertiary" }, "geometry": { "type": "LineString", "coordinates": [ [ 77.661238061765076, 12.921795015967238 ], [ 77.6612672, 12.9217875 ], [ 77.661466, 12.9217362 ], [ 77.6616849, 12.9216797 ], [ 77.6626871, 12.9214212 ], [ 77.6629056, 12.921278 ] ] } },
{ "type": "Feature", "properties": { "full_id": "w610138358", "osm_id": "610138358", "osm_type": "way", "highway": "primary" }, "geometry": { "type": "LineString", "coordinates": [ [ 77.664760497595793, 12.920548290082394 ], [ 77.6646905, 12.9205614 ], [ 77.6636514, 12.9208504 ], [ 77.662841319323007, 12.921072979966983 ] ] } },
{ "type": "Feature", "properties": { "full_id": "w610166552", "osm_id": "610166552", "osm_type": "way", "highway": "construction" }, "geometry": { "type": "LineString", "coordinates": [ [ 77.638202580976625, 12.915968885164054 ], [ 77.6382603, 12.9159679 ] ] } },
{ "type": "Feature", "properties": { "full_id": "w610166554", "osm_id": "610166554", "osm_type": "way", "highway": "construction" }, "geometry": { "type": "LineString", "coordinates": [ [ 77.6379034, 12.915936 ], [ 77.6375725, 12.9159675 ], [ 77.6358664, 12.9161841 ], [ 77.6357427, 12.9161945 ], [ 77.6356608, 12.9162014 ], [ 77.6355039, 12.9162101 ], [ 77.6354011, 12.9161603 ] ] } },
{ "type": "Feature", "properties": { "full_id": "w610166555", "osm_id": "610166555", "osm_type": "way", "highway": "construction" }, "geometry": { "type": "LineString", "coordinates": [ [ 77.6385932, 12.9160431 ], [ 77.6388233, 12.9161129 ], [ 77.639236, 12.9162579 ], [ 77.6396352, 12.9164178 ], [ 77.6398678, 12.9165379 ], [ 77.6400967, 12.9166729 ], [ 77.6405188, 12.9170176 ], [ 77.6407708, 12.9172952 ] ] } },
{ "type": "Feature", "properties": { "full_id": "w610166556", "osm_id": "610166556", "osm_type": "way", "highway": "construction" }, "geometry": { "type": "LineString", "coordinates": [ [ 77.6382607, 12.9159252 ], [ 77.6381602, 12.9159263 ] ] } },
{ "type": "Feature", "properties": { "full_id": "w610166557", "osm_id": "610166557", "osm_type": "way", "highway": "secondary" }, "geometry": { "type": "LineString", "coordinates": [ [ 77.6382588, 12.9161262 ], [ 77.6382603, 12.9159679 ], [ 77.6382607, 12.9159252 ], [ 77.6382597, 12.9157863 ] ] } },
{ "type": "Feature", "properties": { "full_id": "w610166559", "osm_id": "610166559", "osm_type": "way", "highway": "construction" }, "geometry": { "type": "LineString", "coordinates": [ [ 77.6382603, 12.9159679 ], [ 77.6383762, 12.9159847 ], [ 77.6384592, 12.916007 ] ] } },
{ "type": "Feature", "properties": { "full_id": "w610166560", "osm_id": "610166560", "osm_type": "way", "highway": "tertiary" }, "geometry": { "type": "LineString", "coordinates": [ [ 77.638206118596955, 12.916120413234484 ], [ 77.6382588, 12.9161262 ] ] } },
{ "type": "Feature", "properties": { "full_id": "w611380780", "osm_id": "611380780", "osm_type": "way", "highway": "trunk" }, "geometry": { "type": "LineString", "coordinates": [ [ 77.6393214, 12.9163443 ], [ 77.6395229, 12.916419 ], [ 77.6397546, 12.9165296 ], [ 77.6399923, 12.9166649 ], [ 77.640176, 12.9168025 ], [ 77.6403885, 12.9169845 ], [ 77.6405148, 12.9171 ] ] } },
{ "type": "Feature", "properties": { "full_id": "w611380787", "osm_id": "611380787", "osm_type": "way", "highway": "trunk" }, "geometry": { "type": "LineString", "coordinates": [ [ 77.638204357296885, 12.916044970881586 ], [ 77.6383271, 12.9160513 ], [ 77.6386278, 12.9161044 ], [ 77.6388181, 12.9161633 ], [ 77.6393214, 12.9163443 ] ] } },
{ "type": "Feature", "properties": { "full_id": "w626884646", "osm_id": "626884646", "osm_type": "way", "highway": "residential" }, "geometry": { "type": "LineString", "coordinates": [ [ 77.6498463, 12.8994993 ], [ 77.6498528, 12.8995443 ], [ 77.6499526, 12.9002332 ], [ 77.650042, 12.901089 ], [ 77.6500823, 12.9014346 ] ] } },
{ "type": "Feature", "properties": { "full_id": "w627106952", "osm_id": "627106952", "osm_type": "way", "highway": "residential" }, "geometry": { "type": "LineString", "coordinates": [ [ 77.662952, 12.9267469 ], [ 77.66294841794442, 12.926757622444519 ] ] } },
{ "type": "Feature", "properties": { "full_id": "w627131781", "osm_id": "627131781", "osm_type": "way", "highway": "service" }, "geometry": { "type": "LineString", "coordinates": [ [ 77.6682773, 12.9288234 ], [ 77.6682808, 12.9287632 ], [ 77.6682847, 12.9287064 ], [ 77.6685132, 12.9287101 ], [ 77.6685575, 12.9286905 ], [ 77.6685682, 12.9283911 ], [ 77.6685494, 12.9282866 ], [ 77.6682249, 12.9282709 ], [ 77.6682061, 12.9280016 ], [ 77.6682275, 12.9277272 ], [ 77.6681927, 12.9276592 ], [ 77.6681002, 12.9276369 ], [ 77.6678263, 12.9275976 ], [ 77.6677967, 12.9276073 ], [ 77.6677874, 12.9276362 ], [ 77.6677769, 12.9277899 ], [ 77.6677643, 12.9279788 ], [ 77.667815, 12.9282984 ], [ 77.6678815, 12.9285794 ], [ 77.6679003, 12.9286552 ], [ 77.6679239, 12.9286921 ], [ 77.6679603, 12.9287026 ], [ 77.6682847, 12.9287064 ] ] } },
{ "type": "Feature", "properties": { "full_id": "w627151629", "osm_id": "627151629", "osm_type": "way", "highway": "service" }, "geometry": { "type": "LineString", "coordinates": [ [ 77.6691409, 12.9295967 ], [ 77.66906, 12.9296022 ], [ 77.6690116, 12.9296044 ] ] } },
{ "type": "Feature", "properties": { "full_id": "w627152143", "osm_id": "627152143", "osm_type": "way", "highway": "service" }, "geometry": { "type": "LineString", "coordinates": [ [ 77.6689046, 12.9290083 ], [ 77.6679835, 12.9290286 ], [ 77.6679553, 12.9290512 ], [ 77.6679435, 12.9290826 ], [ 77.6679771, 12.9294463 ], [ 77.6679882, 12.9294623 ], [ 77.6680049, 12.9294718 ], [ 77.668026, 12.9294768 ], [ 77.6690059, 12.9293889 ] ] } },
{ "type": "Feature", "properties": { "full_id": "w627713382", "osm_id": "627713382", "osm_type": "way", "highway": "residential" }, "geometry": { "type": "LineString", "coordinates": [ [ 77.6654784, 12.9216642 ], [ 77.6653952, 12.9216654 ], [ 77.6653744, 12.9216651 ], [ 77.6653535, 12.9216647 ], [ 77.6653147, 12.9216661 ], [ 77.665301, 12.9216787 ], [ 77.6652832, 12.9216929 ], [ 77.6652659, 12.9216973 ], [ 77.6647585, 12.9216982 ] ] } },
{ "type": "Feature", "properties": { "full_id": "w627937544", "osm_id": "627937544", "osm_type": "way", "highway": "residential" }, "geometry": { "type": "LineString", "coordinates": [ [ 77.6300368, 12.9152821 ], [ 77.6305748, 12.9152407 ] ] } },
{ "type": "Feature", "properties": { "full_id": "w627941399", "osm_id": "627941399", "osm_type": "way", "highway": "residential" }, "geometry": { "type": "LineString", "coordinates": [ [ 77.6331989, 12.9068865 ], [ 77.6330972, 12.9068715 ], [ 77.6328322, 12.9068685 ], [ 77.6327755, 12.9069092 ], [ 77.632776, 12.9070792 ], [ 77.632777, 12.9071432 ] ] } },
{ "type": "Feature", "properties": { "full_id": "w627941400", "osm_id": "627941400", "osm_type": "way", "highway": "residential" }, "geometry": { "type": "LineString", "coordinates": [ [ 77.6333348, 12.9069193 ], [ 77.6331989, 12.9068865 ] ] } },
{ "type": "Feature", "properties": { "full_id": "w628227162", "osm_id": "628227162", "osm_type": "way", "highway": "residential" }, "geometry": { "type": "LineString", "coordinates": [ [ 77.6496776, 12.8995585 ], [ 77.649676321890752, 12.899554175857915 ] ] } },
{ "type": "Feature", "properties": { "full_id": "w628245636", "osm_id": "628245636", "osm_type": "way", "highway": "residential" }, "geometry": { "type": "LineString", "coordinates": [ [ 77.644136, 12.918698 ], [ 77.6441036, 12.9183801 ], [ 77.6440644, 12.918361 ], [ 77.6439947, 12.9183631 ], [ 77.6434544, 12.9185011 ] ] } },
{ "type": "Feature", "properties": { "full_id": "w631311523", "osm_id": "631311523", "osm_type": "way", "highway": "residential" }, "geometry": { "type": "LineString", "coordinates": [ [ 77.6525847, 12.9158757 ], [ 77.6525895, 12.9158245 ] ] } },
{ "type": "Feature", "properties": { "full_id": "w631316438", "osm_id": "631316438", "osm_type": "way", "highway": "secondary" }, "geometry": { "type": "LineString", "coordinates": [ [ 77.6446589, 12.9118121 ], [ 77.6446486, 12.9114436 ], [ 77.6446347, 12.9107931 ] ] } },
{ "type": "Feature", "properties": { "full_id": "w631316440", "osm_id": "631316440", "osm_type": "way", "highway": "tertiary" }, "geometry": { "type": "LineString", "coordinates": [ [ 77.6376123, 12.9123223 ], [ 77.6376717, 12.9123518 ], [ 77.6379732, 12.9123423 ], [ 77.6380062, 12.9123413 ], [ 77.6380565, 12.912341 ] ] } },
{ "type": "Feature", "properties": { "full_id": "w640876756", "osm_id": "640876756", "osm_type": "way", "highway": "tertiary" }, "geometry": { "type": "LineString", "coordinates": [ [ 77.6422726, 12.9092314 ], [ 77.641533, 12.9092446 ], [ 77.6413621, 12.9092392 ], [ 77.6402669, 12.9092534 ], [ 77.6399073, 12.9092581 ], [ 77.6395172, 12.9092631 ], [ 77.6391683, 12.9092676 ], [ 77.6384189, 12.9092773 ], [ 77.6380403, 12.9092823 ] ] } },
{ "type": "Feature", "properties": { "full_id": "w646258680", "osm_id": "646258680", "osm_type": "way", "highway": "tertiary" }, "geometry": { "type": "MultiLineString", "coordinates": [ [ [ 77.6501846, 12.8993643 ], [ 77.650058, 12.8994146 ], [ 77.65002, 12.8994297 ], [ 77.6500042, 12.8994365 ], [ 77.6498463, 12.8994993 ], [ 77.6496776, 12.8995585 ], [ 77.6496054, 12.8995979 ], [ 77.6492036, 12.8997777 ], [ 77.649144166602952, 12.899741916667589 ] ], [ [ 77.649121708706872, 12.899728395341191 ], [ 77.6489915, 12.89965 ], [ 77.648851756277011, 12.899507895434397 ] ] ] } },
{ "type": "Feature", "properties": { "full_id": "w646258682", "osm_id": "646258682", "osm_type": "way", "highway": "tertiary" }, "geometry": { "type": "LineString", "coordinates": [ [ 77.6505572, 12.9017192 ], [ 77.6506049, 12.9017952 ], [ 77.6506146, 12.9018474 ], [ 77.6506119, 12.9019891 ], [ 77.6505809, 12.9023019 ], [ 77.6505777, 12.9023252 ], [ 77.6505048, 12.9028608 ], [ 77.650423, 12.9032473 ], [ 77.6503849, 12.9035091 ] ] } },
{ "type": "Feature", "properties": { "full_id": "w646258683", "osm_id": "646258683", "osm_type": "way", "highway": "service" }, "geometry": { "type": "LineString", "coordinates": [ [ 77.6511968, 12.9014103 ], [ 77.6511887, 12.9013651 ], [ 77.6511871, 12.9013559 ], [ 77.6511661, 12.9012312 ], [ 77.651082, 12.9007319 ], [ 77.6509544, 12.899974 ], [ 77.6508902, 12.8995927 ], [ 77.650816, 12.8991524 ], [ 77.6508071, 12.8990979 ] ] } },
{ "type": "Feature", "properties": { "full_id": "w646258684", "osm_id": "646258684", "osm_type": "way", "highway": "tertiary" }, "geometry": { "type": "LineString", "coordinates": [ [ 77.6510089, 12.8990155 ], [ 77.6509661, 12.8990326 ], [ 77.6508071, 12.8990979 ], [ 77.65074, 12.8991255 ], [ 77.6506065, 12.8991792 ], [ 77.6503074, 12.8993115 ], [ 77.6501846, 12.8993643 ] ] } },
{ "type": "Feature", "properties": { "full_id": "w654180127", "osm_id": "654180127", "osm_type": "way", "highway": "residential" }, "geometry": { "type": "LineString", "coordinates": [ [ 77.6450387, 12.9209373 ], [ 77.6451026, 12.9209341 ], [ 77.6454985, 12.9209144 ] ] } },
{ "type": "Feature", "properties": { "full_id": "w654180130", "osm_id": "654180130", "osm_type": "way", "highway": "residential" }, "geometry": { "type": "LineString", "coordinates": [ [ 77.6455274, 12.9212464 ], [ 77.6458987, 12.9212202 ] ] } },
{ "type": "Feature", "properties": { "full_id": "w654239903", "osm_id": "654239903", "osm_type": "way", "highway": "residential" }, "geometry": { "type": "LineString", "coordinates": [ [ 77.6449872, 12.9086127 ], [ 77.6445081, 12.908642 ] ] } },
{ "type": "Feature", "properties": { "full_id": "w654368161", "osm_id": "654368161", "osm_type": "way", "highway": "service" }, "geometry": { "type": "LineString", "coordinates": [ [ 77.6370817, 12.914417 ], [ 77.6369345, 12.9144277 ], [ 77.6368532, 12.9144336 ] ] } },
{ "type": "Feature", "properties": { "full_id": "w654375638", "osm_id": "654375638", "osm_type": "way", "highway": "residential" }, "geometry": { "type": "LineString", "coordinates": [ [ 77.645531, 12.922413 ], [ 77.6458304, 12.9220388 ] ] } },
{ "type": "Feature", "properties": { "full_id": "w654386823", "osm_id": "654386823", "osm_type": "way", "highway": "residential" }, "geometry": { "type": "LineString", "coordinates": [ [ 77.6318662, 12.9051162 ], [ 77.6318907, 12.9047396 ], [ 77.6319103, 12.9043843 ], [ 77.632283, 12.9043586 ] ] } },
{ "type": "Feature", "properties": { "full_id": "w654451117", "osm_id": "654451117", "osm_type": "way", "highway": "residential" }, "geometry": { "type": "LineString", "coordinates": [ [ 77.6551639, 12.8995651 ], [ 77.6550286, 12.899635 ], [ 77.6548474, 12.8997285 ] ] } },
{ "type": "Feature", "properties": { "full_id": "w654451118", "osm_id": "654451118", "osm_type": "way", "highway": "residential" }, "geometry": { "type": "LineString", "coordinates": [ [ 77.6555649, 12.8993418 ], [ 77.6551639, 12.8995651 ] ] } },
{ "type": "Feature", "properties": { "full_id": "w655504666", "osm_id": "655504666", "osm_type": "way", "highway": "residential" }, "geometry": { "type": "LineString", "coordinates": [ [ 77.6324878, 12.9051425 ], [ 77.6325392, 12.905697 ], [ 77.63253, 12.906187 ], [ 77.6324811, 12.9066942 ] ] } },
{ "type": "Feature", "properties": { "full_id": "w655522965", "osm_id": "655522965", "osm_type": "way", "highway": "residential" }, "geometry": { "type": "LineString", "coordinates": [ [ 77.6447931, 12.9050318 ], [ 77.6448477, 12.9059001 ] ] } },
{ "type": "Feature", "properties": { "full_id": "w655522966", "osm_id": "655522966", "osm_type": "way", "highway": "residential" }, "geometry": { "type": "LineString", "coordinates": [ [ 77.6443712, 12.9051082 ], [ 77.6447931, 12.9050318 ], [ 77.6450948, 12.9049719 ], [ 77.6451794, 12.9049523 ], [ 77.6451606, 12.9057902 ], [ 77.6450581, 12.9058539 ] ] } },
{ "type": "Feature", "properties": { "full_id": "w655524337", "osm_id": "655524337", "osm_type": "way", "highway": "residential" }, "geometry": { "type": "LineString", "coordinates": [ [ 77.6416454, 12.9104195 ], [ 77.6420169, 12.9104141 ], [ 77.642321, 12.9104105 ] ] } },
{ "type": "Feature", "properties": { "full_id": "w655605877", "osm_id": "655605877", "osm_type": "way", "highway": "residential" }, "geometry": { "type": "LineString", "coordinates": [ [ 77.6272, 12.9126519 ], [ 77.6277497, 12.9126753 ], [ 77.6282948, 12.9127393 ], [ 77.6285958, 12.9127995 ] ] } },
{ "type": "Feature", "properties": { "full_id": "w655624494", "osm_id": "655624494", "osm_type": "way", "highway": "residential" }, "geometry": { "type": "LineString", "coordinates": [ [ 77.6558946, 12.9014391 ], [ 77.6558434, 12.9011054 ] ] } },
{ "type": "Feature", "properties": { "full_id": "w655624495", "osm_id": "655624495", "osm_type": "way", "highway": "residential" }, "geometry": { "type": "LineString", "coordinates": [ [ 77.6532005, 12.901509 ], [ 77.6530785, 12.9012193 ] ] } },
{ "type": "Feature", "properties": { "full_id": "w655624497", "osm_id": "655624497", "osm_type": "way", "highway": "residential" }, "geometry": { "type": "LineString", "coordinates": [ [ 77.6547881, 12.9012592 ], [ 77.6558434, 12.9011054 ], [ 77.656662791506037, 12.900985908480608 ] ] } },
{ "type": "Feature", "properties": { "full_id": "w655624498", "osm_id": "655624498", "osm_type": "way", "highway": "residential" }, "geometry": { "type": "LineString", "coordinates": [ [ 77.6526165, 12.9014421 ], [ 77.6526241, 12.9014632 ], [ 77.6526398, 12.9014763 ], [ 77.6526632, 12.901482 ], [ 77.6532005, 12.901509 ], [ 77.6533806, 12.9015285 ], [ 77.6534652, 12.9015578 ], [ 77.6535881, 12.9016227 ], [ 77.6537911, 12.9017374 ], [ 77.6539038, 12.9017659 ], [ 77.6540073, 12.9017849 ], [ 77.6541151, 12.9017809 ], [ 77.6544726, 12.9017388 ], [ 77.6545213, 12.9017198 ], [ 77.6545678, 12.9016811 ], [ 77.6545942, 12.9016305 ], [ 77.6548027, 12.9004423 ] ] } },
{ "type": "Feature", "properties": { "full_id": "w655624504", "osm_id": "655624504", "osm_type": "way", "highway": "residential" }, "geometry": { "type": "LineString", "coordinates": [ [ 77.6568641, 12.9004138 ], [ 77.656931636602337, 12.900813511042038 ] ] } },
{ "type": "Feature", "properties": { "full_id": "w655636332", "osm_id": "655636332", "osm_type": "way", "highway": "residential" }, "geometry": { "type": "LineString", "coordinates": [ [ 77.6487147, 12.9230734 ], [ 77.6491503, 12.9230294 ] ] } },
{ "type": "Feature", "properties": { "full_id": "w655636333", "osm_id": "655636333", "osm_type": "way", "highway": "residential" }, "geometry": { "type": "LineString", "coordinates": [ [ 77.6479711, 12.9228798 ], [ 77.648225, 12.9228698 ], [ 77.6484033, 12.9227914 ], [ 77.6486434, 12.9227405 ] ] } },
{ "type": "Feature", "properties": { "full_id": "w655705139", "osm_id": "655705139", "osm_type": "way", "highway": "residential" }, "geometry": { "type": "LineString", "coordinates": [ [ 77.649201, 12.9104429 ], [ 77.6497215, 12.9104574 ], [ 77.650387, 12.9104721 ] ] } },
{ "type": "Feature", "properties": { "full_id": "w655779629", "osm_id": "655779629", "osm_type": "way", "highway": "residential" }, "geometry": { "type": "LineString", "coordinates": [ [ 77.652752544433568, 12.898066933762827 ], [ 77.6527633, 12.8981104 ] ] } },
{ "type": "Feature", "properties": { "full_id": "w655784088", "osm_id": "655784088", "osm_type": "way", "highway": "residential" }, "geometry": { "type": "LineString", "coordinates": [ [ 77.6503714, 12.9108082 ], [ 77.6497094, 12.9107464 ], [ 77.6491687, 12.9107303 ] ] } },
{ "type": "Feature", "properties": { "full_id": "w656815750", "osm_id": "656815750", "osm_type": "way", "highway": "residential" }, "geometry": { "type": "LineString", "coordinates": [ [ 77.6426201, 12.9052082 ], [ 77.6426568, 12.9062115 ] ] } },
{ "type": "Feature", "properties": { "full_id": "w656862030", "osm_id": "656862030", "osm_type": "way", "highway": "residential" }, "geometry": { "type": "LineString", "coordinates": [ [ 77.6521818, 12.9076771 ], [ 77.6527566, 12.9075667 ] ] } },
{ "type": "Feature", "properties": { "full_id": "w658049269", "osm_id": "658049269", "osm_type": "way", "highway": "service" }, "geometry": { "type": "LineString", "coordinates": [ [ 77.6256192, 12.9149826 ], [ 77.6244747, 12.9149451 ] ] } },
{ "type": "Feature", "properties": { "full_id": "w658718755", "osm_id": "658718755", "osm_type": "way", "highway": "residential" }, "geometry": { "type": "LineString", "coordinates": [ [ 77.668695, 12.9271687 ], [ 77.6687078, 12.9270932 ], [ 77.6687163, 12.9266812 ], [ 77.6687305, 12.9265938 ], [ 77.6687577, 12.9264975 ], [ 77.668764, 12.9263521 ], [ 77.6687728, 12.9259394 ], [ 77.6687595, 12.9259017 ], [ 77.6687265, 12.9258844 ], [ 77.6686746, 12.9258736 ], [ 77.6680291, 12.9259024 ] ] } },
{ "type": "Feature", "properties": { "full_id": "w658868390", "osm_id": "658868390", "osm_type": "way", "highway": "residential" }, "geometry": { "type": "LineString", "coordinates": [ [ 77.668154537790272, 12.924443616778939 ], [ 77.6680733, 12.9244385 ], [ 77.6680458, 12.924423 ], [ 77.6680242, 12.9244026 ], [ 77.6680093, 12.9243683 ], [ 77.668017426628481, 12.924215130719622 ] ] } },
{ "type": "Feature", "properties": { "full_id": "w659863436", "osm_id": "659863436", "osm_type": "way", "highway": "residential" }, "geometry": { "type": "LineString", "coordinates": [ [ 77.6387023, 12.9133355 ], [ 77.639337, 12.9133407 ] ] } },
{ "type": "Feature", "properties": { "full_id": "w659863437", "osm_id": "659863437", "osm_type": "way", "highway": "residential" }, "geometry": { "type": "LineString", "coordinates": [ [ 77.6393347, 12.9139448 ], [ 77.6393351, 12.9138514 ], [ 77.639337, 12.9133407 ], [ 77.6393506, 12.9128411 ] ] } },
{ "type": "Feature", "properties": { "full_id": "w659863438", "osm_id": "659863438", "osm_type": "way", "highway": "residential" }, "geometry": { "type": "LineString", "coordinates": [ [ 77.638712, 12.9139456 ], [ 77.6393347, 12.9139448 ], [ 77.6398176, 12.9139455 ] ] } },
{ "type": "Feature", "properties": { "full_id": "w660091926", "osm_id": "660091926", "osm_type": "way", "highway": "residential" }, "geometry": { "type": "LineString", "coordinates": [ [ 77.6326299, 12.9072194 ], [ 77.6327781, 12.9072177 ] ] } },
{ "type": "Feature", "properties": { "full_id": "w660092340", "osm_id": "660092340", "osm_type": "way", "highway": "residential" }, "geometry": { "type": "LineString", "coordinates": [ [ 77.6265375, 12.9133691 ], [ 77.6266021, 12.9137136 ] ] } },
{ "type": "Feature", "properties": { "full_id": "w660093348", "osm_id": "660093348", "osm_type": "way", "highway": "residential" }, "geometry": { "type": "LineString", "coordinates": [ [ 77.6357353, 12.9071157 ], [ 77.635725187955643, 12.907091568504629 ] ] } },
{ "type": "Feature", "properties": { "full_id": "w660103250", "osm_id": "660103250", "osm_type": "way", "highway": "residential" }, "geometry": { "type": "LineString", "coordinates": [ [ 77.6279751, 12.9140978 ], [ 77.6276551, 12.9129524 ] ] } },
{ "type": "Feature", "properties": { "full_id": "w660106786", "osm_id": "660106786", "osm_type": "way", "highway": "residential" }, "geometry": { "type": "LineString", "coordinates": [ [ 77.6665272, 12.9289386 ], [ 77.6665375, 12.9290139 ], [ 77.6665839, 12.9293552 ], [ 77.6666781, 12.9299922 ], [ 77.6667121, 12.9302224 ], [ 77.6667429, 12.9303047 ], [ 77.6668315, 12.9304459 ], [ 77.6668497, 12.930528 ] ] } },
{ "type": "Feature", "properties": { "full_id": "w660351320", "osm_id": "660351320", "osm_type": "way", "highway": "residential" }, "geometry": { "type": "LineString", "coordinates": [ [ 77.6479761, 12.9220619 ], [ 77.6479673, 12.9221248 ], [ 77.6479498, 12.9223382 ], [ 77.6479227, 12.92266 ] ] } },
{ "type": "Feature", "properties": { "full_id": "w660351321", "osm_id": "660351321", "osm_type": "way", "highway": "residential" }, "geometry": { "type": "LineString", "coordinates": [ [ 77.648026, 12.9220542 ], [ 77.6479761, 12.9220619 ] ] } },
{ "type": "Feature", "properties": { "full_id": "w660351322", "osm_id": "660351322", "osm_type": "way", "highway": "residential" }, "geometry": { "type": "LineString", "coordinates": [ [ 77.6479227, 12.92266 ], [ 77.6477369, 12.9226583 ], [ 77.6475503, 12.9226357 ] ] } },
{ "type": "Feature", "properties": { "full_id": "w661621298", "osm_id": "661621298", "osm_type": "way", "highway": "residential" }, "geometry": { "type": "LineString", "coordinates": [ [ 77.6495474, 12.9083814 ], [ 77.6495178, 12.9076808 ] ] } },
{ "type": "Feature", "properties": { "full_id": "w661773017", "osm_id": "661773017", "osm_type": "way", "highway": "residential" }, "geometry": { "type": "LineString", "coordinates": [ [ 77.6454113, 12.9085982 ], [ 77.6453828, 12.9082918 ] ] } },
{ "type": "Feature", "properties": { "full_id": "w661839184", "osm_id": "661839184", "osm_type": "way", "highway": "residential" }, "geometry": { "type": "LineString", "coordinates": [ [ 77.6469325, 12.9207079 ], [ 77.6464373, 12.9208019 ] ] } },
{ "type": "Feature", "properties": { "full_id": "w661839186", "osm_id": "661839186", "osm_type": "way", "highway": "residential" }, "geometry": { "type": "LineString", "coordinates": [ [ 77.6469302, 12.9204667 ], [ 77.6460709, 12.9206634 ] ] } },
{ "type": "Feature", "properties": { "full_id": "w661839188", "osm_id": "661839188", "osm_type": "way", "highway": "residential" }, "geometry": { "type": "LineString", "coordinates": [ [ 77.6468883, 12.9202484 ], [ 77.6457291, 12.9203101 ], [ 77.6454991, 12.9203235 ] ] } },
{ "type": "Feature", "properties": { "full_id": "w661839189", "osm_id": "661839189", "osm_type": "way", "highway": "residential" }, "geometry": { "type": "LineString", "coordinates": [ [ 77.6469308, 12.9211026 ], [ 77.6469325, 12.9207079 ], [ 77.6469302, 12.9204667 ], [ 77.6468883, 12.9202484 ], [ 77.6468829, 12.9199537 ] ] } },
{ "type": "Feature", "properties": { "full_id": "w661909912", "osm_id": "661909912", "osm_type": "way", "highway": "residential" }, "geometry": { "type": "LineString", "coordinates": [ [ 77.6497457, 12.9226124 ], [ 77.6491114, 12.922632 ] ] } },
{ "type": "Feature", "properties": { "full_id": "w661917532", "osm_id": "661917532", "osm_type": "way", "highway": "living_street" }, "geometry": { "type": "LineString", "coordinates": [ [ 77.6256544, 12.9126626 ], [ 77.6259077, 12.9126714 ], [ 77.6263891, 12.9126361 ], [ 77.6268344, 12.9125825 ], [ 77.6271908, 12.912564 ] ] } },
{ "type": "Feature", "properties": { "full_id": "w661960944", "osm_id": "661960944", "osm_type": "way", "highway": "unclassified" }, "geometry": { "type": "LineString", "coordinates": [ [ 77.6639777, 12.9268189 ], [ 77.663959, 12.9268897 ], [ 77.6637429, 12.9277062 ], [ 77.663687, 12.9278093 ], [ 77.6636128, 12.9278957 ], [ 77.6635821, 12.9279473 ], [ 77.663565159634615, 12.927975760461033 ] ] } },
{ "type": "Feature", "properties": { "full_id": "w663256032", "osm_id": "663256032", "osm_type": "way", "highway": "residential" }, "geometry": { "type": "LineString", "coordinates": [ [ 77.652772, 12.9208876 ], [ 77.6527629, 12.9205339 ], [ 77.6527562, 12.9205185 ], [ 77.6527462, 12.9205119 ], [ 77.6527297, 12.9205088 ], [ 77.6524028, 12.9204907 ], [ 77.652383, 12.9204921 ], [ 77.6523617, 12.9204965 ], [ 77.6522764, 12.9205493 ], [ 77.6522359, 12.9205691 ], [ 77.6522029, 12.9205768 ], [ 77.6518481, 12.9205804 ], [ 77.6518268, 12.920581 ], [ 77.6518088, 12.9205893 ], [ 77.6517976, 12.9205998 ], [ 77.6517904, 12.9209817 ] ] } },
{ "type": "Feature", "properties": { "full_id": "w663269488", "osm_id": "663269488", "osm_type": "way", "highway": "residential" }, "geometry": { "type": "LineString", "coordinates": [ [ 77.6527566, 12.9075667 ], [ 77.6531428, 12.9075264 ] ] } },
{ "type": "Feature", "properties": { "full_id": "w673673538", "osm_id": "673673538", "osm_type": "way", "highway": "residential" }, "geometry": { "type": "LineString", "coordinates": [ [ 77.6431406, 12.9062401 ], [ 77.6431752, 12.9068769 ] ] } },
{ "type": "Feature", "properties": { "full_id": "w678335364", "osm_id": "678335364", "osm_type": "way", "highway": "tertiary" }, "geometry": { "type": "LineString", "coordinates": [ [ 77.6269691, 12.9141678 ], [ 77.6267505, 12.914509 ], [ 77.626482, 12.9149618 ], [ 77.625469, 12.9165111 ], [ 77.6252775, 12.9167763 ], [ 77.6249821, 12.9172556 ] ] } },
{ "type": "Feature", "properties": { "full_id": "w688549027", "osm_id": "688549027", "osm_type": "way", "highway": "residential" }, "geometry": { "type": "LineString", "coordinates": [ [ 77.6491138, 12.9226783 ], [ 77.6490015, 12.9226712 ], [ 77.6488697, 12.9226676 ], [ 77.6486411, 12.9226734 ] ] } },
{ "type": "Feature", "properties": { "full_id": "w688938714", "osm_id": "688938714", "osm_type": "way", "highway": "residential" }, "geometry": { "type": "LineString", "coordinates": [ [ 77.6492876, 12.9237748 ], [ 77.6492623, 12.9238973 ], [ 77.6492311, 12.9242374 ] ] } },
{ "type": "Feature", "properties": { "full_id": "w689050046", "osm_id": "689050046", "osm_type": "way", "highway": "residential" }, "geometry": { "type": "LineString", "coordinates": [ [ 77.6387312, 12.915119 ], [ 77.6387214, 12.9145271 ], [ 77.6387205, 12.9144757 ] ] } },
{ "type": "Feature", "properties": { "full_id": "w691916761", "osm_id": "691916761", "osm_type": "way", "highway": "path" }, "geometry": { "type": "LineString", "coordinates": [ [ 77.6463135, 12.9236281 ], [ 77.6459561, 12.9239 ] ] } },
{ "type": "Feature", "properties": { "full_id": "w691916762", "osm_id": "691916762", "osm_type": "way", "highway": "path" }, "geometry": { "type": "LineString", "coordinates": [ [ 77.6467138, 12.9238941 ], [ 77.6464104, 12.924104 ] ] } },
{ "type": "Feature", "properties": { "full_id": "w691916763", "osm_id": "691916763", "osm_type": "way", "highway": "path" }, "geometry": { "type": "LineString", "coordinates": [ [ 77.6471777, 12.9241938 ], [ 77.64643, 12.9241727 ] ] } },
{ "type": "Feature", "properties": { "full_id": "w691916764", "osm_id": "691916764", "osm_type": "way", "highway": "path" }, "geometry": { "type": "LineString", "coordinates": [ [ 77.6459563, 12.9243463 ], [ 77.6459321, 12.9241482 ], [ 77.6459174, 12.9240271 ] ] } },
{ "type": "Feature", "properties": { "full_id": "w691916765", "osm_id": "691916765", "osm_type": "way", "highway": "path" }, "geometry": { "type": "LineString", "coordinates": [ [ 77.6447266, 12.9240378 ], [ 77.6454292, 12.924116 ], [ 77.6459321, 12.9241482 ] ] } },
{ "type": "Feature", "properties": { "full_id": "w691916766", "osm_id": "691916766", "osm_type": "way", "highway": "path" }, "geometry": { "type": "LineString", "coordinates": [ [ 77.6454794, 12.9243412 ], [ 77.6454292, 12.924116 ], [ 77.6453967, 12.9239371 ] ] } },
{ "type": "Feature", "properties": { "full_id": "w691916767", "osm_id": "691916767", "osm_type": "way", "highway": "path" }, "geometry": { "type": "LineString", "coordinates": [ [ 77.6447921, 12.9237957 ], [ 77.6448368, 12.9238182 ], [ 77.6450619, 12.9238312 ], [ 77.6452892, 12.9238279 ] ] } },
{ "type": "Feature", "properties": { "full_id": "w691916768", "osm_id": "691916768", "osm_type": "way", "highway": "path" }, "geometry": { "type": "LineString", "coordinates": [ [ 77.6463482, 12.924126 ], [ 77.6459788, 12.9239845 ] ] } },
{ "type": "Feature", "properties": { "full_id": "w691916769", "osm_id": "691916769", "osm_type": "way", "highway": "path" }, "geometry": { "type": "LineString", "coordinates": [ [ 77.6455007, 12.9238525 ], [ 77.6457918, 12.9239238 ], [ 77.6458422, 12.9239361 ] ] } },
{ "type": "Feature", "properties": { "full_id": "w691916770", "osm_id": "691916770", "osm_type": "way", "highway": "path" }, "geometry": { "type": "LineString", "coordinates": [ [ 77.6458941, 12.9240252 ], [ 77.6458727, 12.9240161 ], [ 77.6458553, 12.9240009 ], [ 77.6458437, 12.9239811 ], [ 77.6458392, 12.9239587 ], [ 77.6458422, 12.9239361 ], [ 77.6458524, 12.9239157 ], [ 77.6458687, 12.9238994 ], [ 77.6458894, 12.9238889 ], [ 77.6459125, 12.9238855 ], [ 77.6459355, 12.9238893 ], [ 77.6459561, 12.9239 ], [ 77.6459726, 12.9239171 ], [ 77.6459824, 12.9239384 ], [ 77.6459846, 12.9239618 ], [ 77.6459788, 12.9239845 ], [ 77.6459686, 12.924001 ], [ 77.6459542, 12.9240142 ], [ 77.6459367, 12.9240231 ], [ 77.6459174, 12.9240271 ], [ 77.6458941, 12.9240252 ] ] } },
{ "type": "Feature", "properties": { "full_id": "w691916771", "osm_id": "691916771", "osm_type": "way", "highway": "path" }, "geometry": { "type": "LineString", "coordinates": [ [ 77.646419, 12.9241837 ], [ 77.646405, 12.9241905 ], [ 77.6463894, 12.9241926 ], [ 77.646374, 12.9241896 ], [ 77.6463605, 12.9241818 ], [ 77.6463502, 12.9241702 ], [ 77.6463445, 12.924156 ], [ 77.6463438, 12.9241407 ], [ 77.6463482, 12.924126 ], [ 77.6463565, 12.9241143 ], [ 77.6463681, 12.9241056 ], [ 77.6463818, 12.9241008 ], [ 77.6463964, 12.9241002 ], [ 77.6464104, 12.924104 ], [ 77.6464221, 12.9241113 ], [ 77.6464312, 12.9241215 ], [ 77.6464368, 12.9241339 ], [ 77.6464385, 12.9241473 ], [ 77.6464362, 12.9241606 ], [ 77.64643, 12.9241727 ], [ 77.646419, 12.9241837 ] ] } },
{ "type": "Feature", "properties": { "full_id": "w691916772", "osm_id": "691916772", "osm_type": "way", "highway": "path" }, "geometry": { "type": "LineString", "coordinates": [ [ 77.6451388, 12.9232579 ], [ 77.6451829, 12.9232849 ], [ 77.6454744, 12.9234951 ], [ 77.6456387, 12.9236136 ], [ 77.6456974, 12.9236559 ] ] } },
{ "type": "Feature", "properties": { "full_id": "w691916773", "osm_id": "691916773", "osm_type": "way", "highway": "path" }, "geometry": { "type": "LineString", "coordinates": [ [ 77.6454744, 12.9234951 ], [ 77.6453645, 12.9237137 ] ] } },
{ "type": "Feature", "properties": { "full_id": "w691916774", "osm_id": "691916774", "osm_type": "way", "highway": "path" }, "geometry": { "type": "LineString", "coordinates": [ [ 77.6456974, 12.9236559 ], [ 77.6455105, 12.9237691 ] ] } },
{ "type": "Feature", "properties": { "full_id": "w691916776", "osm_id": "691916776", "osm_type": "way", "highway": "path" }, "geometry": { "type": "LineString", "coordinates": [ [ 77.6452687, 12.9238864 ], [ 77.6453967, 12.9239371 ], [ 77.645454, 12.9239579 ], [ 77.6455007, 12.9238525 ], [ 77.6455314, 12.9237772 ], [ 77.6455105, 12.9237691 ], [ 77.6453645, 12.9237137 ], [ 77.6453435, 12.9237056 ], [ 77.6452892, 12.9238279 ], [ 77.6452687, 12.9238864 ] ] } },
{ "type": "Feature", "properties": { "full_id": "w691997508", "osm_id": "691997508", "osm_type": "way", "highway": "tertiary" }, "geometry": { "type": "LineString", "coordinates": [ [ 77.6475091, 12.9239017 ], [ 77.6473553, 12.9238258 ], [ 77.6472605, 12.9237708 ], [ 77.6472349, 12.923756 ], [ 77.6466606, 12.9233911 ] ] } },
{ "type": "Feature", "properties": { "full_id": "w691997509", "osm_id": "691997509", "osm_type": "way", "highway": "construction" }, "geometry": { "type": "LineString", "coordinates": [ [ 77.6499808, 12.9244154 ], [ 77.6490996, 12.9243827 ], [ 77.6487047, 12.9243519 ], [ 77.6485055, 12.9243311 ], [ 77.6481592, 12.9242702 ], [ 77.6480417, 12.9242414 ], [ 77.6479126, 12.9242052 ], [ 77.6477313, 12.9241351 ], [ 77.6475124, 12.9240347 ], [ 77.6474406, 12.9239272 ] ] } },
{ "type": "Feature", "properties": { "full_id": "w691997511", "osm_id": "691997511", "osm_type": "way", "highway": "trunk" }, "geometry": { "type": "LineString", "coordinates": [ [ 77.6466165, 12.9234869 ], [ 77.6464274, 12.9233333 ], [ 77.6450577, 12.922103 ], [ 77.6449766, 12.9220264 ], [ 77.6449199, 12.9219742 ], [ 77.6448271, 12.9218808 ], [ 77.6446683, 12.921713 ], [ 77.6432167, 12.9199598 ], [ 77.6431146, 12.9198251 ], [ 77.6425007, 12.9189907 ], [ 77.6422358, 12.918636 ], [ 77.6420374, 12.9183781 ], [ 77.641858, 12.9181858 ], [ 77.6416158, 12.917917 ], [ 77.6410596, 12.9173675 ], [ 77.6409581, 12.917276 ], [ 77.6407524, 12.9170896 ], [ 77.6405404, 12.9168706 ] ] } },
{ "type": "Feature", "properties": { "full_id": "w691997518", "osm_id": "691997518", "osm_type": "way", "highway": "tertiary" }, "geometry": { "type": "LineString", "coordinates": [ [ 77.651750318148302, 12.924097840187398 ], [ 77.6511326, 12.924212 ], [ 77.6509069, 12.92426 ], [ 77.6506462, 12.9242907 ], [ 77.6505142, 12.9243014 ], [ 77.6504031, 12.9243021 ] ] } },
{ "type": "Feature", "properties": { "full_id": "w692825228", "osm_id": "692825228", "osm_type": "way", "highway": "service" }, "geometry": { "type": "LineString", "coordinates": [ [ 77.6450479, 12.9216111 ], [ 77.6449755, 12.9215967 ], [ 77.6448372, 12.9215974 ] ] } },
{ "type": "Feature", "properties": { "full_id": "w694981004", "osm_id": "694981004", "osm_type": "way", "highway": "service" }, "geometry": { "type": "LineString", "coordinates": [ [ 77.6254261, 12.9133136 ], [ 77.6255184, 12.9132896 ], [ 77.62554, 12.9132865 ], [ 77.6255692, 12.9132902 ], [ 77.6255941, 12.9132994 ], [ 77.6256121, 12.9133075 ], [ 77.6256631, 12.9133329 ] ] } },
{ "type": "Feature", "properties": { "full_id": "w694981005", "osm_id": "694981005", "osm_type": "way", "highway": "residential" }, "geometry": { "type": "LineString", "coordinates": [ [ 77.6271487, 12.9120587 ], [ 77.6275393, 12.9120698 ], [ 77.6276205, 12.9120294 ], [ 77.6279026, 12.9120316 ] ] } },
{ "type": "Feature", "properties": { "full_id": "w694981009", "osm_id": "694981009", "osm_type": "way", "highway": "residential" }, "geometry": { "type": "LineString", "coordinates": [ [ 77.6292178, 12.9076265 ], [ 77.6292537, 12.9083053 ] ] } },
{ "type": "Feature", "properties": { "full_id": "w694981010", "osm_id": "694981010", "osm_type": "way", "highway": "residential" }, "geometry": { "type": "LineString", "coordinates": [ [ 77.6289722, 12.9076541 ], [ 77.629019, 12.9083131 ] ] } },
{ "type": "Feature", "properties": { "full_id": "w694981011", "osm_id": "694981011", "osm_type": "way", "highway": "residential" }, "geometry": { "type": "LineString", "coordinates": [ [ 77.6297884, 12.9075539 ], [ 77.6301798, 12.9075727 ], [ 77.6305311, 12.9075896 ] ] } },
{ "type": "Feature", "properties": { "full_id": "w694981012", "osm_id": "694981012", "osm_type": "way", "highway": "residential" }, "geometry": { "type": "LineString", "coordinates": [ [ 77.6290535, 12.9071781 ], [ 77.6291322, 12.9072192 ], [ 77.6295994, 12.907229 ], [ 77.6300376, 12.9072204 ] ] } },
{ "type": "Feature", "properties": { "full_id": "w694981013", "osm_id": "694981013", "osm_type": "way", "highway": "residential" }, "geometry": { "type": "LineString", "coordinates": [ [ 77.6310521, 12.9072896 ], [ 77.6308064, 12.907218 ], [ 77.6304571, 12.9071941 ], [ 77.6301911, 12.9071759 ] ] } },
{ "type": "Feature", "properties": { "full_id": "w694981014", "osm_id": "694981014", "osm_type": "way", "highway": "residential" }, "geometry": { "type": "LineString", "coordinates": [ [ 77.6310252, 12.9065754 ], [ 77.6308064, 12.907218 ], [ 77.6308223, 12.9072891 ], [ 77.6307558, 12.907475 ] ] } },
{ "type": "Feature", "properties": { "full_id": "w694981015", "osm_id": "694981015", "osm_type": "way", "highway": "residential" }, "geometry": { "type": "LineString", "coordinates": [ [ 77.6320891, 12.9082375 ], [ 77.6316932, 12.9082269 ] ] } },
{ "type": "Feature", "properties": { "full_id": "w694981016", "osm_id": "694981016", "osm_type": "way", "highway": "residential" }, "geometry": { "type": "LineString", "coordinates": [ [ 77.6302114, 12.9082737 ], [ 77.6301804, 12.9085864 ] ] } },
{ "type": "Feature", "properties": { "full_id": "w694981017", "osm_id": "694981017", "osm_type": "way", "highway": "residential" }, "geometry": { "type": "LineString", "coordinates": [ [ 77.6306525, 12.9090674 ], [ 77.629723, 12.9089573 ] ] } },
{ "type": "Feature", "properties": { "full_id": "w694981018", "osm_id": "694981018", "osm_type": "way", "highway": "residential" }, "geometry": { "type": "LineString", "coordinates": [ [ 77.6299217, 12.9092709 ], [ 77.6306032, 12.9093456 ], [ 77.631188, 12.9094642 ], [ 77.6319472, 12.9094573 ] ] } },
{ "type": "Feature", "properties": { "full_id": "w694981019", "osm_id": "694981019", "osm_type": "way", "highway": "residential" }, "geometry": { "type": "LineString", "coordinates": [ [ 77.6306337, 12.9107798 ], [ 77.6301724, 12.9107328 ], [ 77.6297043, 12.9107001 ] ] } },
{ "type": "Feature", "properties": { "full_id": "w694981021", "osm_id": "694981021", "osm_type": "way", "highway": "service" }, "geometry": { "type": "LineString", "coordinates": [ [ 77.6263033, 12.9116454 ], [ 77.6264663, 12.911733 ], [ 77.6266101, 12.9117548 ], [ 77.6270186, 12.9117867 ] ] } },
{ "type": "Feature", "properties": { "full_id": "w695251938", "osm_id": "695251938", "osm_type": "way", "highway": "residential" }, "geometry": { "type": "LineString", "coordinates": [ [ 77.6285729, 12.9134544 ], [ 77.6285238, 12.913458 ], [ 77.6283062, 12.9134784 ], [ 77.6282654, 12.9134822 ], [ 77.6279917, 12.9135079 ] ] } },
{ "type": "Feature", "properties": { "full_id": "w696066807", "osm_id": "696066807", "osm_type": "way", "highway": "service" }, "geometry": { "type": "LineString", "coordinates": [ [ 77.6643369, 12.9211505 ], [ 77.664425, 12.9220607 ], [ 77.6640545, 12.9220948 ], [ 77.6639663, 12.9211846 ], [ 77.6639949, 12.921182 ], [ 77.6643369, 12.9211505 ] ] } },
{ "type": "Feature", "properties": { "full_id": "w699331220", "osm_id": "699331220", "osm_type": "way", "highway": "residential" }, "geometry": { "type": "LineString", "coordinates": [ [ 77.6444721, 12.9077785 ], [ 77.6442697, 12.9077765 ] ] } },
{ "type": "Feature", "properties": { "full_id": "w699366323", "osm_id": "699366323", "osm_type": "way", "highway": "residential" }, "geometry": { "type": "LineString", "coordinates": [ [ 77.6492732, 12.9095694 ], [ 77.6497478, 12.9095839 ], [ 77.6504077, 12.9096041 ] ] } },
{ "type": "Feature", "properties": { "full_id": "w699366324", "osm_id": "699366324", "osm_type": "way", "highway": "residential" }, "geometry": { "type": "LineString", "coordinates": [ [ 77.6492503, 12.9098682 ], [ 77.6497339, 12.909893 ], [ 77.6504072, 12.9099124 ] ] } },
{ "type": "Feature", "properties": { "full_id": "w699366325", "osm_id": "699366325", "osm_type": "way", "highway": "residential" }, "geometry": { "type": "LineString", "coordinates": [ [ 77.6492291, 12.910138 ], [ 77.649729, 12.9101515 ], [ 77.650405, 12.9101698 ] ] } },
{ "type": "Feature", "properties": { "full_id": "w706985742", "osm_id": "706985742", "osm_type": "way", "highway": "residential" }, "geometry": { "type": "LineString", "coordinates": [ [ 77.6549499, 12.8992597 ], [ 77.6550286, 12.899635 ] ] } },
{ "type": "Feature", "properties": { "full_id": "w732893725", "osm_id": "732893725", "osm_type": "way", "highway": "service" }, "geometry": { "type": "LineString", "coordinates": [ [ 77.6244518, 12.9148808 ], [ 77.6244988, 12.9148822 ], [ 77.6245692, 12.9147053 ], [ 77.6248982, 12.9146956 ], [ 77.6252589, 12.9146814 ], [ 77.6256205, 12.9146676 ], [ 77.6256811, 12.914673 ], [ 77.6257536, 12.9147677 ], [ 77.6257839, 12.9147917 ], [ 77.6258106, 12.9148042 ] ] } },
{ "type": "Feature", "properties": { "full_id": "w735052596", "osm_id": "735052596", "osm_type": "way", "highway": "secondary_link" }, "geometry": { "type": "LineString", "coordinates": [ [ 77.6297376, 12.9063467 ], [ 77.6297361, 12.9062986 ], [ 77.6297283, 12.9060504 ] ] } },
{ "type": "Feature", "properties": { "full_id": "w735053112", "osm_id": "735053112", "osm_type": "way", "highway": "tertiary" }, "geometry": { "type": "LineString", "coordinates": [ [ 77.6503399, 12.9036716 ], [ 77.6502557, 12.903655 ], [ 77.6501425, 12.9036609 ] ] } },
{ "type": "Feature", "properties": { "full_id": "w735053113", "osm_id": "735053113", "osm_type": "way", "highway": "tertiary" }, "geometry": { "type": "LineString", "coordinates": [ [ 77.6501425, 12.9036609 ], [ 77.6502307, 12.9037353 ], [ 77.6503578, 12.9037618 ] ] } },
{ "type": "Feature", "properties": { "full_id": "w735053114", "osm_id": "735053114", "osm_type": "way", "highway": "tertiary" }, "geometry": { "type": "LineString", "coordinates": [ [ 77.6506827, 12.9040473 ], [ 77.650685, 12.9040253 ], [ 77.6506569, 12.9039704 ], [ 77.6506149, 12.903897 ], [ 77.6504787, 12.9037046 ] ] } },
{ "type": "Feature", "properties": { "full_id": "w735053115", "osm_id": "735053115", "osm_type": "way", "highway": "tertiary" }, "geometry": { "type": "LineString", "coordinates": [ [ 77.6504078, 12.9037782 ], [ 77.6505727, 12.9039239 ], [ 77.6506476, 12.9040347 ], [ 77.6506827, 12.9040473 ] ] } },
{ "type": "Feature", "properties": { "full_id": "w735053116", "osm_id": "735053116", "osm_type": "way", "highway": "tertiary" }, "geometry": { "type": "LineString", "coordinates": [ [ 77.6504078, 12.9037782 ], [ 77.6504356, 12.9037717 ], [ 77.6504587, 12.9037555 ], [ 77.6504739, 12.903732 ], [ 77.6504787, 12.9037046 ], [ 77.6504752, 12.9036841 ], [ 77.6504658, 12.9036654 ], [ 77.6504513, 12.9036501 ], [ 77.6504377, 12.9036416 ], [ 77.6504226, 12.9036362 ], [ 77.6504066, 12.9036341 ], [ 77.6503905, 12.9036354 ], [ 77.6503751, 12.9036401 ], [ 77.6503611, 12.903648 ] ] } },
{ "type": "Feature", "properties": { "full_id": "w735053117", "osm_id": "735053117", "osm_type": "way", "highway": "tertiary" }, "geometry": { "type": "LineString", "coordinates": [ [ 77.6487992, 12.9035457 ], [ 77.6489053, 12.9035394 ], [ 77.6493128, 12.9035261 ], [ 77.6496609, 12.9035696 ], [ 77.6501033, 12.9036525 ], [ 77.6501425, 12.9036609 ] ] } },
{ "type": "Feature", "properties": { "full_id": "w735058349", "osm_id": "735058349", "osm_type": "way", "highway": "residential" }, "geometry": { "type": "LineString", "coordinates": [ [ 77.6524777, 12.9014438 ], [ 77.6525619, 12.9014428 ], [ 77.6526165, 12.9014421 ] ] } },
{ "type": "Feature", "properties": { "full_id": "w735058350", "osm_id": "735058350", "osm_type": "way", "highway": "residential" }, "geometry": { "type": "LineString", "coordinates": [ [ 77.65174, 12.9011121 ], [ 77.652337, 12.9009157 ], [ 77.652377, 12.9009756 ], [ 77.6524039, 12.9010319 ], [ 77.6524407, 12.9011817 ], [ 77.6524689, 12.9013465 ], [ 77.6524757, 12.9013905 ], [ 77.6524777, 12.9014438 ], [ 77.652488, 12.9015781 ], [ 77.6524964, 12.9015971 ], [ 77.6525171, 12.9016055 ], [ 77.6531965, 12.9016541 ] ] } },
{ "type": "Feature", "properties": { "full_id": "w735135993", "osm_id": "735135993", "osm_type": "way", "highway": "tertiary" }, "geometry": { "type": "LineString", "coordinates": [ [ 77.6324161, 12.9136749 ], [ 77.6324246, 12.9135002 ], [ 77.6324283, 12.9133378 ], [ 77.6324297, 12.913276 ], [ 77.6324318, 12.9132326 ], [ 77.6324404, 12.9130593 ], [ 77.6324459, 12.9129142 ] ] } },
{ "type": "Feature", "properties": { "full_id": "w735135994", "osm_id": "735135994", "osm_type": "way", "highway": "residential" }, "geometry": { "type": "LineString", "coordinates": [ [ 77.6323608, 12.9161447 ], [ 77.632965, 12.9160778 ], [ 77.6334544, 12.9160375 ], [ 77.6339704, 12.9159943 ], [ 77.6352544, 12.9158719 ], [ 77.6353851, 12.9158671 ], [ 77.6354855, 12.915864 ], [ 77.6367719, 12.9157053 ], [ 77.6368946, 12.915677 ], [ 77.6370168, 12.9156161 ], [ 77.6380919, 12.9155004 ], [ 77.6381487, 12.9154942 ] ] } },
{ "type": "Feature", "properties": { "full_id": "w735135995", "osm_id": "735135995", "osm_type": "way", "highway": "tertiary" }, "geometry": { "type": "LineString", "coordinates": [ [ 77.6323431, 12.9143932 ], [ 77.6323242, 12.9149524 ], [ 77.6323168, 12.9153021 ], [ 77.6323107, 12.9156011 ], [ 77.6323074, 12.9157962 ], [ 77.632296, 12.9161526 ], [ 77.6322938, 12.9161823 ] ] } },
{ "type": "Feature", "properties": { "full_id": "w735373204", "osm_id": "735373204", "osm_type": "way", "highway": "secondary" }, "geometry": { "type": "LineString", "coordinates": [ [ 77.6446635, 12.9120626 ], [ 77.6445856, 12.9120447 ], [ 77.6445314, 12.9120381 ], [ 77.6444426, 12.9120514 ], [ 77.6443592, 12.9120655 ], [ 77.6442773, 12.9120995 ] ] } },
{ "type": "Feature", "properties": { "full_id": "w735389448", "osm_id": "735389448", "osm_type": "way", "highway": "residential" }, "geometry": { "type": "LineString", "coordinates": [ [ 77.6458394, 12.9150563 ], [ 77.6458338, 12.914895 ], [ 77.6457759, 12.9137206 ], [ 77.6457559, 12.9133138 ] ] } },
{ "type": "Feature", "properties": { "full_id": "w737188789", "osm_id": "737188789", "osm_type": "way", "highway": "residential" }, "geometry": { "type": "LineString", "coordinates": [ [ 77.6381763, 12.9067166 ], [ 77.6386662, 12.9066699 ] ] } },
{ "type": "Feature", "properties": { "full_id": "w737445474", "osm_id": "737445474", "osm_type": "way", "highway": "residential" }, "geometry": { "type": "LineString", "coordinates": [ [ 77.6303515, 12.9064397 ], [ 77.6303892, 12.9060967 ], [ 77.6297808, 12.9060608 ], [ 77.6297364, 12.9060367 ] ] } },
{ "type": "Feature", "properties": { "full_id": "w737487049", "osm_id": "737487049", "osm_type": "way", "highway": "residential" }, "geometry": { "type": "LineString", "coordinates": [ [ 77.6298178, 12.9058953 ], [ 77.6299135, 12.9059105 ], [ 77.6304164, 12.9059275 ], [ 77.6303892, 12.9060967 ] ] } },
{ "type": "Feature", "properties": { "full_id": "w741213312", "osm_id": "741213312", "osm_type": "way", "highway": "path" }, "geometry": { "type": "LineString", "coordinates": [ [ 77.6424254, 12.9082566 ], [ 77.6429243, 12.9082566 ], [ 77.6429368, 12.9079343 ], [ 77.643074, 12.9079161 ], [ 77.643074, 12.9078735 ], [ 77.6429462, 12.9078644 ], [ 77.6429493, 12.9074936 ], [ 77.6423786, 12.9074966 ], [ 77.6424035, 12.9079007 ], [ 77.6424254, 12.9082566 ] ] } },
{ "type": "Feature", "properties": { "full_id": "w741213361", "osm_id": "741213361", "osm_type": "way", "highway": "path" }, "geometry": { "type": "LineString", "coordinates": [ [ 77.6424035, 12.9079007 ], [ 77.6429399, 12.9079009 ], [ 77.6429462, 12.9078644 ], [ 77.6429368, 12.9079343 ], [ 77.6429399, 12.9079009 ] ] } },
{ "type": "Feature", "properties": { "full_id": "w741214480", "osm_id": "741214480", "osm_type": "way", "highway": "footway" }, "geometry": { "type": "LineString", "coordinates": [ [ 77.6393915, 12.9109317 ], [ 77.6396285, 12.9113741 ], [ 77.6396365, 12.911389 ], [ 77.6396397, 12.9116333 ], [ 77.6401559, 12.911609 ], [ 77.6407157, 12.9115941 ], [ 77.6409211, 12.9115891 ], [ 77.6415702, 12.9115734 ] ] } },
{ "type": "Feature", "properties": { "full_id": "w741214814", "osm_id": "741214814", "osm_type": "way", "highway": "footway" }, "geometry": { "type": "LineString", "coordinates": [ [ 77.6396365, 12.911389 ], [ 77.6398604, 12.9113865 ], [ 77.6401474, 12.911382 ], [ 77.6409182, 12.9113696 ], [ 77.6415573, 12.911362 ] ] } },
{ "type": "Feature", "properties": { "full_id": "w741214815", "osm_id": "741214815", "osm_type": "way", "highway": "footway" }, "geometry": { "type": "LineString", "coordinates": [ [ 77.6401559, 12.911609 ], [ 77.6401474, 12.911382 ], [ 77.6401414, 12.9112201 ], [ 77.6401383, 12.9111358 ], [ 77.6401342, 12.9110254 ], [ 77.6401257, 12.9107973 ], [ 77.6401248, 12.9107726 ], [ 77.6401235, 12.9107373 ], [ 77.640115, 12.9105085 ], [ 77.6401125, 12.9104414 ] ] } },
{ "type": "Feature", "properties": { "full_id": "w741214816", "osm_id": "741214816", "osm_type": "way", "highway": "footway" }, "geometry": { "type": "LineString", "coordinates": [ [ 77.6401257, 12.9107973 ], [ 77.6405568, 12.9107858 ], [ 77.6409122, 12.9107764 ], [ 77.6415256, 12.9107454 ] ] } },
{ "type": "Feature", "properties": { "full_id": "w741214817", "osm_id": "741214817", "osm_type": "way", "highway": "footway" }, "geometry": { "type": "LineString", "coordinates": [ [ 77.6409211, 12.9115891 ], [ 77.6409182, 12.9113696 ], [ 77.6409139, 12.9110529 ], [ 77.6409122, 12.9107764 ], [ 77.6409054, 12.9104229 ] ] } },
{ "type": "Feature", "properties": { "full_id": "w744561215", "osm_id": "744561215", "osm_type": "way", "highway": "tertiary" }, "geometry": { "type": "LineString", "coordinates": [ [ 77.6270938, 12.9103261 ], [ 77.627136, 12.9103552 ], [ 77.6271596, 12.9103712 ], [ 77.6271896, 12.9103916 ] ] } },
{ "type": "Feature", "properties": { "full_id": "w744561216", "osm_id": "744561216", "osm_type": "way", "highway": "tertiary" }, "geometry": { "type": "LineString", "coordinates": [ [ 77.6246624, 12.9143606 ], [ 77.6247184, 12.9142548 ], [ 77.6247742, 12.9141495 ], [ 77.6248164, 12.9140768 ], [ 77.624869, 12.9139861 ], [ 77.625272, 12.9132917 ], [ 77.6253805, 12.9131047 ], [ 77.6254247, 12.9130333 ], [ 77.6256544, 12.9126626 ], [ 77.6257763, 12.9124658 ], [ 77.6258342, 12.9123723 ], [ 77.6258659, 12.9123212 ], [ 77.6259188, 12.9122579 ], [ 77.6261219, 12.9120151 ], [ 77.6261525, 12.9119624 ], [ 77.6261921, 12.9118944 ], [ 77.6263033, 12.9116454 ], [ 77.6263591, 12.9115309 ], [ 77.6265139, 12.9112778 ], [ 77.6266566, 12.9110446 ], [ 77.6266893, 12.9109912 ], [ 77.6267462, 12.9108981 ], [ 77.626881, 12.9106762 ], [ 77.6270938, 12.9103261 ], [ 77.6282062, 12.9085539 ], [ 77.6287456, 12.9076795 ], [ 77.6289933, 12.907276 ], [ 77.6290416, 12.9071974 ], [ 77.6290535, 12.9071781 ], [ 77.6291586, 12.9069982 ], [ 77.6292497, 12.9068477 ], [ 77.6293441, 12.9066919 ], [ 77.6295435, 12.9063625 ] ] } },
{ "type": "Feature", "properties": { "full_id": "w755390844", "osm_id": "755390844", "osm_type": "way", "highway": "tertiary" }, "geometry": { "type": "LineString", "coordinates": [ [ 77.6382597, 12.9157863 ], [ 77.6381586, 12.9157758 ] ] } },
{ "type": "Feature", "properties": { "full_id": "w755390845", "osm_id": "755390845", "osm_type": "way", "highway": "secondary" }, "geometry": { "type": "LineString", "coordinates": [ [ 77.6382596, 12.9157508 ], [ 77.6382595, 12.9157429 ] ] } },
{ "type": "Feature", "properties": { "full_id": "w755390846", "osm_id": "755390846", "osm_type": "way", "highway": "secondary" }, "geometry": { "type": "LineString", "coordinates": [ [ 77.6381586, 12.9157758 ], [ 77.6381602, 12.9159263 ], [ 77.638160410624963, 12.915944540121778 ] ] } },
{ "type": "Feature", "properties": { "full_id": "w758706019", "osm_id": "758706019", "osm_type": "way", "highway": "residential" }, "geometry": { "type": "LineString", "coordinates": [ [ 77.6419977, 12.9074174 ], [ 77.6420209, 12.9083295 ] ] } },
{ "type": "Feature", "properties": { "full_id": "w758706020", "osm_id": "758706020", "osm_type": "way", "highway": "residential" }, "geometry": { "type": "LineString", "coordinates": [ [ 77.6417962, 12.9083315 ], [ 77.6420209, 12.9083295 ], [ 77.6421923, 12.9083205 ], [ 77.6422205, 12.9083079 ] ] } },
{ "type": "Feature", "properties": { "full_id": "w758846579", "osm_id": "758846579", "osm_type": "way", "highway": "service" }, "geometry": { "type": "LineString", "coordinates": [ [ 77.6640402, 12.9236503 ], [ 77.6639798, 12.9236342 ], [ 77.6638164, 12.9235948 ], [ 77.6636688, 12.9235732 ], [ 77.6634964, 12.9235581 ], [ 77.6634035, 12.9235637 ], [ 77.66327, 12.9235954 ], [ 77.6631737, 12.923652 ], [ 77.66314, 12.9236848 ], [ 77.6630898, 12.9238055 ], [ 77.663069, 12.9239604 ], [ 77.6630117, 12.9241991 ], [ 77.6629674, 12.9242752 ], [ 77.6629231, 12.9243083 ], [ 77.6628518, 12.9243184 ], [ 77.6622419, 12.9243395 ] ] } },
{ "type": "Feature", "properties": { "full_id": "w760125907", "osm_id": "760125907", "osm_type": "way", "highway": "tertiary" }, "geometry": { "type": "LineString", "coordinates": [ [ 77.6475748, 12.9242942 ], [ 77.6476038, 12.9243062 ], [ 77.6478593, 12.9244121 ], [ 77.6480915, 12.9244725 ], [ 77.6484568, 12.9245301 ], [ 77.6492166, 12.9245886 ], [ 77.6492503, 12.9246014 ], [ 77.6492643, 12.9246259 ], [ 77.6492644, 12.9246573 ] ] } },
{ "type": "Feature", "properties": { "full_id": "w776042540", "osm_id": "776042540", "osm_type": "way", "highway": "residential" }, "geometry": { "type": "LineString", "coordinates": [ [ 77.6637888, 12.9223268 ], [ 77.6640603, 12.9222968 ], [ 77.6643045, 12.9222966 ] ] } },
{ "type": "Feature", "properties": { "full_id": "w778183033", "osm_id": "778183033", "osm_type": "way", "highway": "service" }, "geometry": { "type": "LineString", "coordinates": [ [ 77.6690059, 12.9293889 ], [ 77.6690604, 12.9293806 ], [ 77.6690798, 12.9293656 ], [ 77.6690912, 12.9293349 ], [ 77.6690577, 12.9291015 ], [ 77.6690524, 12.9290413 ], [ 77.6690499, 12.9290128 ] ] } },
{ "type": "Feature", "properties": { "full_id": "w778183034", "osm_id": "778183034", "osm_type": "way", "highway": "service" }, "geometry": { "type": "LineString", "coordinates": [ [ 77.6689085, 12.9288383 ], [ 77.6689072, 12.9288955 ], [ 77.6689061, 12.9289446 ], [ 77.6689046, 12.9290083 ] ] } },
{ "type": "Feature", "properties": { "full_id": "w778183036", "osm_id": "778183036", "osm_type": "way", "highway": "residential" }, "geometry": { "type": "LineString", "coordinates": [ [ 77.6654083, 12.9258425 ], [ 77.6654757, 12.9258413 ], [ 77.6655048, 12.9258408 ], [ 77.6655934, 12.9258392 ], [ 77.6658775, 12.9258341 ], [ 77.6661857, 12.9258341 ], [ 77.666207, 12.9258338 ], [ 77.6662218, 12.9258237 ], [ 77.6662273, 12.9258114 ] ] } },
{ "type": "Feature", "properties": { "full_id": "w778183038", "osm_id": "778183038", "osm_type": "way", "highway": "residential" }, "geometry": { "type": "LineString", "coordinates": [ [ 77.663379556389089, 12.927730347274803 ], [ 77.6634948, 12.9277814 ], [ 77.663535, 12.9277814 ], [ 77.66358, 12.9277689 ], [ 77.6636061, 12.9277448 ], [ 77.663875, 12.9269866 ], [ 77.6638723, 12.9269481 ], [ 77.6638529, 12.9269121 ], [ 77.662964542300003, 12.926795721262009 ] ] } },
{ "type": "Feature", "properties": { "full_id": "w778183039", "osm_id": "778183039", "osm_type": "way", "highway": "residential" }, "geometry": { "type": "LineString", "coordinates": [ [ 77.6680519, 12.9256894 ], [ 77.6677478, 12.925695 ], [ 77.6663502, 12.925726 ] ] } },
{ "type": "Feature", "properties": { "full_id": "w778183040", "osm_id": "778183040", "osm_type": "way", "highway": "residential" }, "geometry": { "type": "LineString", "coordinates": [ [ 77.6677478, 12.925695 ], [ 77.6677521, 12.9262788 ], [ 77.6677146, 12.9263089 ], [ 77.6676547, 12.9263273 ], [ 77.6671184, 12.9262998 ], [ 77.6670044, 12.9262856 ], [ 77.6663479, 12.9261346 ], [ 77.6663352, 12.9260828 ], [ 77.6663303, 12.9259988 ], [ 77.6663247, 12.9259456 ], [ 77.6663502, 12.925726 ] ] } },
{ "type": "Feature", "properties": { "full_id": "w778188314", "osm_id": "778188314", "osm_type": "way", "highway": "service" }, "geometry": { "type": "LineString", "coordinates": [ [ 77.6690499, 12.9290128 ], [ 77.6689046, 12.9290083 ] ] } },
{ "type": "Feature", "properties": { "full_id": "w778188315", "osm_id": "778188315", "osm_type": "way", "highway": "service" }, "geometry": { "type": "LineString", "coordinates": [ [ 77.6690499, 12.9290128 ], [ 77.6690515, 12.9289466 ], [ 77.6690526, 12.9288997 ], [ 77.669054, 12.9288443 ] ] } },
{ "type": "Feature", "properties": { "full_id": "w778188316", "osm_id": "778188316", "osm_type": "way", "highway": "service" }, "geometry": { "type": "LineString", "coordinates": [ [ 77.6689718, 12.9300812 ], [ 77.6688645, 12.9300883 ], [ 77.6688351, 12.9297951 ], [ 77.6687581, 12.9297469 ], [ 77.6680355, 12.9297908 ], [ 77.6680165, 12.9295598 ], [ 77.6689048, 12.929493 ], [ 77.6689665, 12.929527 ], [ 77.668992, 12.9295688 ], [ 77.6690116, 12.9296044 ], [ 77.6690443, 12.9300348 ], [ 77.6690372, 12.9300476 ], [ 77.6690198, 12.930058 ], [ 77.6689718, 12.9300812 ] ] } },
{ "type": "Feature", "properties": { "full_id": "w778221921", "osm_id": "778221921", "osm_type": "way", "highway": "residential" }, "geometry": { "type": "LineString", "coordinates": [ [ 77.6686763, 12.9273154 ], [ 77.6686783, 12.9272836 ], [ 77.6686796, 12.9272636 ] ] } },
{ "type": "Feature", "properties": { "full_id": "w778231510", "osm_id": "778231510", "osm_type": "way", "highway": "track" }, "geometry": { "type": "LineString", "coordinates": [ [ 77.6666781, 12.9299922 ], [ 77.6674148, 12.9299204 ] ] } },
{ "type": "Feature", "properties": { "full_id": "w778231511", "osm_id": "778231511", "osm_type": "way", "highway": "track" }, "geometry": { "type": "LineString", "coordinates": [ [ 77.6665839, 12.9293552 ], [ 77.6659946, 12.9294407 ] ] } },
{ "type": "Feature", "properties": { "full_id": "w778231512", "osm_id": "778231512", "osm_type": "way", "highway": "residential" }, "geometry": { "type": "LineString", "coordinates": [ [ 77.6665272, 12.9289386 ], [ 77.667635, 12.9288303 ] ] } },
{ "type": "Feature", "properties": { "full_id": "w778231513", "osm_id": "778231513", "osm_type": "way", "highway": "footway" }, "geometry": { "type": "LineString", "coordinates": [ [ 77.6654055, 12.9255598 ], [ 77.6653479, 12.9255608 ], [ 77.6653211, 12.9255608 ], [ 77.6649773, 12.9255614 ], [ 77.6646279, 12.9255738 ] ] } },
{ "type": "Feature", "properties": { "full_id": "w778234822", "osm_id": "778234822", "osm_type": "way", "highway": "residential" }, "geometry": { "type": "LineString", "coordinates": [ [ 77.6496569, 12.8999963 ], [ 77.6497825, 12.900969 ] ] } },
{ "type": "Feature", "properties": { "full_id": "w778505021", "osm_id": "778505021", "osm_type": "way", "highway": "residential" }, "geometry": { "type": "LineString", "coordinates": [ [ 77.6654394, 12.9277503 ], [ 77.6655184, 12.9277414 ], [ 77.6663175, 12.9276513 ] ] } },
{ "type": "Feature", "properties": { "full_id": "w778505023", "osm_id": "778505023", "osm_type": "way", "highway": "service" }, "geometry": { "type": "LineString", "coordinates": [ [ 77.6650963, 12.9270024 ], [ 77.6650465, 12.9272278 ], [ 77.6650465, 12.9272572 ], [ 77.6652022, 12.9273059 ], [ 77.6651569, 12.9275008 ], [ 77.6650962, 12.9275346 ], [ 77.6650689, 12.9277036 ], [ 77.6650594, 12.9277194 ], [ 77.6650411, 12.9277343 ], [ 77.6648533, 12.9277448 ] ] } },
{ "type": "Feature", "properties": { "full_id": "w778746905", "osm_id": "778746905", "osm_type": "way", "highway": "service" }, "geometry": { "type": "LineString", "coordinates": [ [ 77.6637151, 12.9267791 ], [ 77.6637174, 12.9267121 ], [ 77.6637147, 12.9266899 ], [ 77.6637087, 12.9266657 ], [ 77.6636758, 12.9266161 ], [ 77.6633211, 12.9263292 ], [ 77.6632963, 12.9263239 ], [ 77.6631676, 12.9263011 ] ] } },
{ "type": "Feature", "properties": { "full_id": "w781732033", "osm_id": "781732033", "osm_type": "way", "highway": "service" }, "geometry": { "type": "LineString", "coordinates": [ [ 77.6630847, 12.9233751 ], [ 77.6630898, 12.9238055 ] ] } },
{ "type": "Feature", "properties": { "full_id": "w781732034", "osm_id": "781732034", "osm_type": "way", "highway": "tertiary" }, "geometry": { "type": "LineString", "coordinates": [ [ 77.6653639, 12.9236764 ], [ 77.6653947, 12.9235873 ], [ 77.6653669, 12.9231006 ], [ 77.6653371, 12.9230562 ] ] } },
{ "type": "Feature", "properties": { "full_id": "w781732035", "osm_id": "781732035", "osm_type": "way", "highway": "tertiary" }, "geometry": { "type": "LineString", "coordinates": [ [ 77.6653371, 12.9230562 ], [ 77.6653047, 12.9231096 ], [ 77.6653178, 12.923587 ], [ 77.6653639, 12.9236764 ] ] } },
{ "type": "Feature", "properties": { "full_id": "w781732036", "osm_id": "781732036", "osm_type": "way", "highway": "tertiary" }, "geometry": { "type": "LineString", "coordinates": [ [ 77.6653371, 12.9230562 ], [ 77.6653306, 12.9230168 ] ] } },
{ "type": "Feature", "properties": { "full_id": "w784451775", "osm_id": "784451775", "osm_type": "way", "highway": "service" }, "geometry": { "type": "LineString", "coordinates": [ [ 77.6688133, 12.9280395 ], [ 77.6691297, 12.9280271 ], [ 77.6692834, 12.9280226 ], [ 77.669302062423526, 12.928022033462144 ] ] } },
{ "type": "Feature", "properties": { "full_id": "w794381855", "osm_id": "794381855", "osm_type": "way", "highway": "residential" }, "geometry": { "type": "LineString", "coordinates": [ [ 77.6475725, 12.9208279 ], [ 77.6480896, 12.9207846 ] ] } },
{ "type": "Feature", "properties": { "full_id": "w794381856", "osm_id": "794381856", "osm_type": "way", "highway": "residential" }, "geometry": { "type": "LineString", "coordinates": [ [ 77.6480138, 12.9232898 ], [ 77.6483774, 12.9232821 ], [ 77.648439, 12.9232759 ], [ 77.6484762, 12.9232655 ], [ 77.6487208, 12.9231639 ] ] } },
{ "type": "Feature", "properties": { "full_id": "w794624012", "osm_id": "794624012", "osm_type": "way", "highway": "residential" }, "geometry": { "type": "LineString", "coordinates": [ [ 77.639152, 12.9091009 ], [ 77.6390511, 12.9086589 ], [ 77.6389993, 12.9083908 ] ] } },
{ "type": "Feature", "properties": { "full_id": "w794624013", "osm_id": "794624013", "osm_type": "way", "highway": "residential" }, "geometry": { "type": "LineString", "coordinates": [ [ 77.6386935, 12.9069799 ], [ 77.6391399, 12.9069699 ] ] } },
{ "type": "Feature", "properties": { "full_id": "w794624014", "osm_id": "794624014", "osm_type": "way", "highway": "residential" }, "geometry": { "type": "LineString", "coordinates": [ [ 77.6401638, 12.9070787 ], [ 77.6408962, 12.907016 ] ] } },
{ "type": "Feature", "properties": { "full_id": "w794624015", "osm_id": "794624015", "osm_type": "way", "highway": "residential" }, "geometry": { "type": "LineString", "coordinates": [ [ 77.6409355, 12.9082369 ], [ 77.6402268, 12.908265 ] ] } },
{ "type": "Feature", "properties": { "full_id": "w794624016", "osm_id": "794624016", "osm_type": "way", "highway": "residential" }, "geometry": { "type": "LineString", "coordinates": [ [ 77.6409521, 12.9085486 ], [ 77.6402425, 12.9085725 ] ] } },
{ "type": "Feature", "properties": { "full_id": "w794624017", "osm_id": "794624017", "osm_type": "way", "highway": "residential" }, "geometry": { "type": "LineString", "coordinates": [ [ 77.6431406, 12.9062401 ], [ 77.6430796, 12.9050859 ] ] } },
{ "type": "Feature", "properties": { "full_id": "w794624018", "osm_id": "794624018", "osm_type": "way", "highway": "residential" }, "geometry": { "type": "LineString", "coordinates": [ [ 77.6430899, 12.9071943 ], [ 77.6417528, 12.9071696 ] ] } },
{ "type": "Feature", "properties": { "full_id": "w794624019", "osm_id": "794624019", "osm_type": "way", "highway": "residential" }, "geometry": { "type": "LineString", "coordinates": [ [ 77.6420225, 12.9114027 ], [ 77.6420169, 12.9104141 ], [ 77.6419996, 12.9097146 ] ] } },
{ "type": "Feature", "properties": { "full_id": "w794624020", "osm_id": "794624020", "osm_type": "way", "highway": "residential" }, "geometry": { "type": "LineString", "coordinates": [ [ 77.6438594, 12.90849 ], [ 77.6438342, 12.907818 ] ] } },
{ "type": "Feature", "properties": { "full_id": "w794624022", "osm_id": "794624022", "osm_type": "way", "highway": "residential" }, "geometry": { "type": "LineString", "coordinates": [ [ 77.6470421, 12.9226282 ], [ 77.6475371, 12.9227221 ] ] } },
{ "type": "Feature", "properties": { "full_id": "w794624023", "osm_id": "794624023", "osm_type": "way", "highway": "service" }, "geometry": { "type": "LineString", "coordinates": [ [ 77.6511794, 12.922595 ], [ 77.6511458, 12.9227871 ] ] } },
{ "type": "Feature", "properties": { "full_id": "w794624024", "osm_id": "794624024", "osm_type": "way", "highway": "service" }, "geometry": { "type": "LineString", "coordinates": [ [ 77.6504079, 12.923464 ], [ 77.6504565, 12.9234658 ], [ 77.6509166, 12.9234848 ] ] } },
{ "type": "Feature", "properties": { "full_id": "w794624025", "osm_id": "794624025", "osm_type": "way", "highway": "residential" }, "geometry": { "type": "LineString", "coordinates": [ [ 77.649973, 12.9221308 ], [ 77.6501817, 12.9221047 ], [ 77.6505906, 12.9220456 ] ] } },
{ "type": "Feature", "properties": { "full_id": "w794624026", "osm_id": "794624026", "osm_type": "way", "highway": "residential" }, "geometry": { "type": "LineString", "coordinates": [ [ 77.6506093, 12.9218318 ], [ 77.6501539, 12.9219038 ] ] } },
{ "type": "Feature", "properties": { "full_id": "w794624028", "osm_id": "794624028", "osm_type": "way", "highway": "residential" }, "geometry": { "type": "LineString", "coordinates": [ [ 77.6485384, 12.9210772 ], [ 77.6485507, 12.9219937 ] ] } },
{ "type": "Feature", "properties": { "full_id": "w794624029", "osm_id": "794624029", "osm_type": "way", "highway": "residential" }, "geometry": { "type": "LineString", "coordinates": [ [ 77.6476693, 12.9199055 ], [ 77.6477153, 12.9204315 ] ] } },
{ "type": "Feature", "properties": { "full_id": "w794624030", "osm_id": "794624030", "osm_type": "way", "highway": "residential" }, "geometry": { "type": "LineString", "coordinates": [ [ 77.6473591, 12.9187335 ], [ 77.6474251, 12.9192182 ] ] } },
{ "type": "Feature", "properties": { "full_id": "w794624031", "osm_id": "794624031", "osm_type": "way", "highway": "residential" }, "geometry": { "type": "LineString", "coordinates": [ [ 77.6490742, 12.9185237 ], [ 77.6487667, 12.9185608 ] ] } },
{ "type": "Feature", "properties": { "full_id": "w794624033", "osm_id": "794624033", "osm_type": "way", "highway": "residential" }, "geometry": { "type": "LineString", "coordinates": [ [ 77.649151, 12.9109926 ], [ 77.6496989, 12.9110175 ], [ 77.6503606, 12.9110535 ] ] } },
{ "type": "Feature", "properties": { "full_id": "w794624034", "osm_id": "794624034", "osm_type": "way", "highway": "residential" }, "geometry": { "type": "LineString", "coordinates": [ [ 77.6537404, 12.9091061 ], [ 77.6538433, 12.9100883 ], [ 77.6539655, 12.9112903 ], [ 77.6539655, 12.911363 ], [ 77.6539266, 12.9114005 ] ] } },
{ "type": "Feature", "properties": { "full_id": "w794627568", "osm_id": "794627568", "osm_type": "way", "highway": "residential" }, "geometry": { "type": "LineString", "coordinates": [ [ 77.6422501, 12.9074304 ], [ 77.6422516, 12.908264 ], [ 77.6422441, 12.9082895 ], [ 77.6422205, 12.9083079 ] ] } },
{ "type": "Feature", "properties": { "full_id": "w794627569", "osm_id": "794627569", "osm_type": "way", "highway": "residential" }, "geometry": { "type": "LineString", "coordinates": [ [ 77.6441258, 12.9140794 ], [ 77.6441174, 12.9137173 ], [ 77.6441155, 12.9136585 ] ] } },
{ "type": "Feature", "properties": { "full_id": "w794634827", "osm_id": "794634827", "osm_type": "way", "highway": "secondary" }, "geometry": { "type": "LineString", "coordinates": [ [ 77.6380802, 12.9130148 ], [ 77.6380871, 12.9133852 ], [ 77.6380883, 12.913741 ], [ 77.6380983, 12.9139786 ], [ 77.6380993, 12.9140331 ], [ 77.6381004, 12.9140935 ], [ 77.6381024, 12.9143945 ] ] } },
{ "type": "Feature", "properties": { "full_id": "w794634828", "osm_id": "794634828", "osm_type": "way", "highway": "tertiary" }, "geometry": { "type": "LineString", "coordinates": [ [ 77.6380403, 12.9092823 ], [ 77.638047, 12.9097988 ], [ 77.6380543, 12.9103561 ], [ 77.6380617, 12.9108987 ], [ 77.6380684, 12.9114426 ], [ 77.638082, 12.911628 ] ] } },
{ "type": "Feature", "properties": { "full_id": "w794634829", "osm_id": "794634829", "osm_type": "way", "highway": "secondary" }, "geometry": { "type": "LineString", "coordinates": [ [ 77.6442773, 12.9120995 ], [ 77.6441956, 12.9121257 ], [ 77.6440762, 12.9121343 ], [ 77.6426889, 12.9121681 ], [ 77.6420474, 12.9121815 ], [ 77.6417476, 12.9121878 ], [ 77.6417111, 12.9121886 ], [ 77.6407358, 12.912216 ], [ 77.639998, 12.9122368 ], [ 77.639937, 12.9122374 ], [ 77.6384457, 12.9122627 ] ] } },
{ "type": "Feature", "properties": { "full_id": "w794634830", "osm_id": "794634830", "osm_type": "way", "highway": "tertiary" }, "geometry": { "type": "LineString", "coordinates": [ [ 77.6376123, 12.9123223 ], [ 77.6367826, 12.912354 ], [ 77.636186, 12.91237 ], [ 77.63578, 12.9123808 ], [ 77.6353181, 12.912393 ], [ 77.6352259, 12.9123954 ], [ 77.6351411, 12.9123984 ], [ 77.6351305, 12.9123981 ], [ 77.6340643, 12.9124265 ], [ 77.6329377, 12.9124492 ], [ 77.6328921, 12.9124485 ] ] } },
{ "type": "Feature", "properties": { "full_id": "w794634831", "osm_id": "794634831", "osm_type": "way", "highway": "tertiary" }, "geometry": { "type": "LineString", "coordinates": [ [ 77.638082, 12.911628 ], [ 77.6380447, 12.9117202 ], [ 77.6380449, 12.9117269 ], [ 77.6380516, 12.9119243 ], [ 77.6380532, 12.9121928 ], [ 77.6380533, 12.9122108 ], [ 77.6380548, 12.9122726 ] ] } },
{ "type": "Feature", "properties": { "full_id": "w794634832", "osm_id": "794634832", "osm_type": "way", "highway": "secondary" }, "geometry": { "type": "LineString", "coordinates": [ [ 77.6384457, 12.9122627 ], [ 77.6382142, 12.9122644 ], [ 77.6381878, 12.9122651 ], [ 77.6381266, 12.9122688 ] ] } },
{ "type": "Feature", "properties": { "full_id": "w794634833", "osm_id": "794634833", "osm_type": "way", "highway": "secondary" }, "geometry": { "type": "LineString", "coordinates": [ [ 77.6444765, 12.9091051 ], [ 77.6445088, 12.9096347 ], [ 77.6445494, 12.9097482 ] ] } },
{ "type": "Feature", "properties": { "full_id": "w794634834", "osm_id": "794634834", "osm_type": "way", "highway": "secondary" }, "geometry": { "type": "LineString", "coordinates": [ [ 77.6445516, 12.9091016 ], [ 77.6445396, 12.9087798 ], [ 77.6445091, 12.9086863 ] ] } },
{ "type": "Feature", "properties": { "full_id": "w794634835", "osm_id": "794634835", "osm_type": "way", "highway": "secondary" }, "geometry": { "type": "LineString", "coordinates": [ [ 77.6445494, 12.9097482 ], [ 77.6445798, 12.9096412 ], [ 77.6445603, 12.9092587 ], [ 77.6445579, 12.9092149 ], [ 77.6445516, 12.9091016 ] ] } },
{ "type": "Feature", "properties": { "full_id": "w794634836", "osm_id": "794634836", "osm_type": "way", "highway": "secondary" }, "geometry": { "type": "LineString", "coordinates": [ [ 77.6445091, 12.9086863 ], [ 77.6444717, 12.9087968 ], [ 77.6444765, 12.9091051 ] ] } },
{ "type": "Feature", "properties": { "full_id": "w794634837", "osm_id": "794634837", "osm_type": "way", "highway": "secondary" }, "geometry": { "type": "LineString", "coordinates": [ [ 77.6517212, 12.9154667 ], [ 77.651714, 12.9156752 ], [ 77.6517126, 12.915712 ], [ 77.6517079, 12.9158503 ] ] } },
{ "type": "Feature", "properties": { "full_id": "w794634838", "osm_id": "794634838", "osm_type": "way", "highway": "secondary" }, "geometry": { "type": "LineString", "coordinates": [ [ 77.6518499, 12.9125057 ], [ 77.6518489, 12.9125414 ] ] } },
{ "type": "Feature", "properties": { "full_id": "w794634839", "osm_id": "794634839", "osm_type": "way", "highway": "secondary" }, "geometry": { "type": "LineString", "coordinates": [ [ 77.651791, 12.9158511 ], [ 77.651795, 12.9157109 ], [ 77.6518023, 12.915472 ], [ 77.6517675, 12.9154157 ] ] } },
{ "type": "Feature", "properties": { "full_id": "w794634840", "osm_id": "794634840", "osm_type": "way", "highway": "tertiary" }, "geometry": { "type": "LineString", "coordinates": [ [ 77.6518944, 12.9119916 ], [ 77.6518949, 12.9118601 ], [ 77.651901, 12.9114635 ], [ 77.6518706, 12.9113647 ] ] } },
{ "type": "Feature", "properties": { "full_id": "w794634841", "osm_id": "794634841", "osm_type": "way", "highway": "tertiary" }, "geometry": { "type": "LineString", "coordinates": [ [ 77.6506827, 12.9040473 ], [ 77.6507336, 12.9041206 ], [ 77.6508127, 12.9042852 ], [ 77.6509695, 12.9046595 ], [ 77.6511509, 12.9051563 ], [ 77.6512408, 12.9054404 ], [ 77.6513323, 12.9058791 ], [ 77.6513827, 12.9061976 ], [ 77.6514476, 12.9065684 ], [ 77.6515822, 12.9072395 ], [ 77.6516881, 12.9076708 ], [ 77.6517186, 12.9077871 ], [ 77.6517771, 12.9080701 ], [ 77.651801, 12.9082254 ], [ 77.6518214, 12.9083546 ], [ 77.6518487, 12.9085365 ], [ 77.6518784, 12.9089369 ], [ 77.6518811, 12.9092713 ], [ 77.6518826, 12.9094194 ], [ 77.6518788, 12.9097492 ], [ 77.6518706, 12.9113647 ] ] } },
{ "type": "Feature", "properties": { "full_id": "w794634842", "osm_id": "794634842", "osm_type": "way", "highway": "tertiary" }, "geometry": { "type": "LineString", "coordinates": [ [ 77.6518706, 12.9113647 ], [ 77.6518399, 12.911459 ], [ 77.6518333, 12.9117477 ], [ 77.6518311, 12.9118376 ], [ 77.65183, 12.9118587 ], [ 77.6518279, 12.911987 ] ] } },
{ "type": "Feature", "properties": { "full_id": "w798357341", "osm_id": "798357341", "osm_type": "way", "highway": "residential" }, "geometry": { "type": "LineString", "coordinates": [ [ 77.6510089, 12.8990155 ], [ 77.6512369, 12.9001647 ] ] } },
{ "type": "Feature", "properties": { "full_id": "w798357343", "osm_id": "798357343", "osm_type": "way", "highway": "service" }, "geometry": { "type": "LineString", "coordinates": [ [ 77.648991103181586, 12.899619328270949 ], [ 77.6489915, 12.89965 ] ] } },
{ "type": "Feature", "properties": { "full_id": "w798357346", "osm_id": "798357346", "osm_type": "way", "highway": "residential" }, "geometry": { "type": "LineString", "coordinates": [ [ 77.6487213, 12.9000357 ], [ 77.6492332, 12.9000774 ] ] } },
{ "type": "Feature", "properties": { "full_id": "w798357347", "osm_id": "798357347", "osm_type": "way", "highway": "residential" }, "geometry": { "type": "LineString", "coordinates": [ [ 77.6492761, 12.9009148 ], [ 77.6486089, 12.9007843 ] ] } },
{ "type": "Feature", "properties": { "full_id": "w798357348", "osm_id": "798357348", "osm_type": "way", "highway": "residential" }, "geometry": { "type": "LineString", "coordinates": [ [ 77.6486848, 12.900273 ], [ 77.6492345, 12.9003428 ] ] } },
{ "type": "Feature", "properties": { "full_id": "w798357349", "osm_id": "798357349", "osm_type": "way", "highway": "residential" }, "geometry": { "type": "LineString", "coordinates": [ [ 77.6486457, 12.9005195 ], [ 77.6492654, 12.9006265 ] ] } },
{ "type": "Feature", "properties": { "full_id": "w798357350", "osm_id": "798357350", "osm_type": "way", "highway": "service" }, "geometry": { "type": "LineString", "coordinates": [ [ 77.6488747, 12.9021586 ], [ 77.6500369, 12.9029758 ], [ 77.6503008, 12.9031613 ], [ 77.6503442, 12.9031919 ], [ 77.650423, 12.9032473 ] ] } },
{ "type": "Feature", "properties": { "full_id": "w798357351", "osm_id": "798357351", "osm_type": "way", "highway": "residential" }, "geometry": { "type": "LineString", "coordinates": [ [ 77.649733, 12.904695 ], [ 77.6503119, 12.9046408 ], [ 77.6504827, 12.9046214 ] ] } },
{ "type": "Feature", "properties": { "full_id": "w798357375", "osm_id": "798357375", "osm_type": "way", "highway": "residential" }, "geometry": { "type": "LineString", "coordinates": [ [ 77.656491252468825, 12.899747353772343 ], [ 77.6566177, 12.9004517 ] ] } },
{ "type": "Feature", "properties": { "full_id": "w799578796", "osm_id": "799578796", "osm_type": "way", "highway": "tertiary" }, "geometry": { "type": "LineString", "coordinates": [ [ 77.6249821, 12.9172556 ], [ 77.6249322, 12.9173444 ] ] } },
{ "type": "Feature", "properties": { "full_id": "w799578797", "osm_id": "799578797", "osm_type": "way", "highway": "tertiary" }, "geometry": { "type": "LineString", "coordinates": [ [ 77.6249322, 12.9173444 ], [ 77.6248704, 12.9174616 ] ] } },
{ "type": "Feature", "properties": { "full_id": "w799578800", "osm_id": "799578800", "osm_type": "way", "highway": "residential" }, "geometry": { "type": "LineString", "coordinates": [ [ 77.6307799, 12.9053219 ], [ 77.6311068, 12.905345 ] ] } },
{ "type": "Feature", "properties": { "full_id": "w799578801", "osm_id": "799578801", "osm_type": "way", "highway": "residential" }, "geometry": { "type": "LineString", "coordinates": [ [ 77.6332582, 12.908544 ], [ 77.6330732, 12.908565 ], [ 77.6330508, 12.9085759 ], [ 77.633033, 12.9085935 ], [ 77.6330184, 12.908622 ], [ 77.6329888, 12.9095955 ] ] } },
{ "type": "Feature", "properties": { "full_id": "w799578802", "osm_id": "799578802", "osm_type": "way", "highway": "residential" }, "geometry": { "type": "LineString", "coordinates": [ [ 77.6361649, 12.9098313 ], [ 77.6359897, 12.9099331 ], [ 77.6359749, 12.9099452 ], [ 77.635967, 12.9099563 ], [ 77.6359596, 12.9099693 ], [ 77.6359543, 12.9100038 ], [ 77.6359385, 12.9103238 ] ] } },
{ "type": "Feature", "properties": { "full_id": "w799581051", "osm_id": "799581051", "osm_type": "way", "highway": "residential" }, "geometry": { "type": "LineString", "coordinates": [ [ 77.635519968987168, 12.907166729491294 ], [ 77.6355167, 12.9072191 ] ] } },
{ "type": "Feature", "properties": { "full_id": "w799581052", "osm_id": "799581052", "osm_type": "way", "highway": "residential" }, "geometry": { "type": "LineString", "coordinates": [ [ 77.6330763, 12.9078734 ], [ 77.6330572, 12.9078793 ], [ 77.6330512, 12.9078874 ], [ 77.6330459, 12.9078988 ], [ 77.6330508, 12.9085759 ] ] } },
{ "type": "Feature", "properties": { "full_id": "w799752775", "osm_id": "799752775", "osm_type": "way", "highway": "secondary" }, "geometry": { "type": "LineString", "coordinates": [ [ 77.6295435, 12.9063625 ], [ 77.6296615, 12.9063859 ], [ 77.6297244, 12.9063983 ], [ 77.6304348, 12.9065049 ], [ 77.6304861, 12.9064887 ] ] } },
{ "type": "Feature", "properties": { "full_id": "w799752776", "osm_id": "799752776", "osm_type": "way", "highway": "secondary" }, "geometry": { "type": "LineString", "coordinates": [ [ 77.6304861, 12.9064887 ], [ 77.6304496, 12.9064546 ], [ 77.6303515, 12.9064397 ], [ 77.6297376, 12.9063467 ], [ 77.6296856, 12.9063361 ], [ 77.6295728, 12.9063131 ] ] } },
{ "type": "Feature", "properties": { "full_id": "w800380390", "osm_id": "800380390", "osm_type": "way", "highway": "residential" }, "geometry": { "type": "LineString", "coordinates": [ [ 77.631753127896957, 12.903750770055593 ], [ 77.6313891, 12.9037162 ], [ 77.6311962, 12.9036784 ] ] } },
{ "type": "Feature", "properties": { "full_id": "w839092210", "osm_id": "839092210", "osm_type": "way", "highway": "secondary" }, "geometry": { "type": "LineString", "coordinates": [ [ 77.6398943, 12.9235844 ], [ 77.6397562, 12.9232901 ] ] } },
{ "type": "Feature", "properties": { "full_id": "w839092211", "osm_id": "839092211", "osm_type": "way", "highway": "secondary" }, "geometry": { "type": "LineString", "coordinates": [ [ 77.640000907303659, 12.923825827055646 ], [ 77.6399982, 12.9238197 ], [ 77.6399452, 12.9236996 ], [ 77.6398943, 12.9235844 ] ] } },
{ "type": "Feature", "properties": { "full_id": "w908970480", "osm_id": "908970480", "osm_type": "way", "highway": "residential" }, "geometry": { "type": "LineString", "coordinates": [ [ 77.6525529, 12.900272 ], [ 77.6525704, 12.9002863 ], [ 77.6526254, 12.9005553 ] ] } },
{ "type": "Feature", "properties": { "full_id": "w916909920", "osm_id": "916909920", "osm_type": "way", "highway": "secondary" }, "geometry": { "type": "LineString", "coordinates": [ [ 77.6442772, 12.9121964 ], [ 77.6444776, 12.9121874 ], [ 77.644524, 12.9121847 ], [ 77.6445878, 12.912181 ], [ 77.6446647, 12.9121747 ] ] } },
{ "type": "Feature", "properties": { "full_id": "w970276328", "osm_id": "970276328", "osm_type": "way", "highway": "residential" }, "geometry": { "type": "LineString", "coordinates": [ [ 77.6380229, 12.9072695 ], [ 77.6379933, 12.906919 ] ] } },
{ "type": "Feature", "properties": { "full_id": "w970276329", "osm_id": "970276329", "osm_type": "way", "highway": "residential" }, "geometry": { "type": "LineString", "coordinates": [ [ 77.6377714, 12.9073228 ], [ 77.6377279, 12.9069007 ] ] } },
{ "type": "Feature", "properties": { "full_id": "w970812528", "osm_id": "970812528", "osm_type": "way", "highway": "secondary" }, "geometry": { "type": "LineString", "coordinates": [ [ 77.6389368, 12.9057627 ], [ 77.638818650860884, 12.905796519102472 ] ] } },
{ "type": "Feature", "properties": { "full_id": "w970812529", "osm_id": "970812529", "osm_type": "way", "highway": "residential" }, "geometry": { "type": "LineString", "coordinates": [ [ 77.6367934, 12.9066482 ], [ 77.636783026141515, 12.906617953193145 ] ] } },
{ "type": "Feature", "properties": { "full_id": "w970812531", "osm_id": "970812531", "osm_type": "way", "highway": "residential" }, "geometry": { "type": "LineString", "coordinates": [ [ 77.6355645, 12.9075409 ], [ 77.635904, 12.9074992 ] ] } },
{ "type": "Feature", "properties": { "full_id": "w995122850", "osm_id": "995122850", "osm_type": "way", "highway": "residential" }, "geometry": { "type": "LineString", "coordinates": [ [ 77.6457291, 12.9203101 ], [ 77.6458579, 12.9209469 ], [ 77.6458954, 12.9210033 ] ] } },
{ "type": "Feature", "properties": { "full_id": "w995198087", "osm_id": "995198087", "osm_type": "way", "highway": "service" }, "geometry": { "type": "LineString", "coordinates": [ [ 77.6446321, 12.9196261 ], [ 77.6446294, 12.9195679 ], [ 77.6444984, 12.9192285 ], [ 77.6443422, 12.9192818 ] ] } },
{ "type": "Feature", "properties": { "full_id": "w995198092", "osm_id": "995198092", "osm_type": "way", "highway": "residential" }, "geometry": { "type": "LineString", "coordinates": [ [ 77.6448477, 12.9059001 ], [ 77.6448616, 12.9063906 ] ] } },
{ "type": "Feature", "properties": { "full_id": "w995198093", "osm_id": "995198093", "osm_type": "way", "highway": "residential" }, "geometry": { "type": "LineString", "coordinates": [ [ 77.6451317, 12.9060671 ], [ 77.6451997, 12.906343 ] ] } },
{ "type": "Feature", "properties": { "full_id": "w995198105", "osm_id": "995198105", "osm_type": "way", "highway": "residential" }, "geometry": { "type": "LineString", "coordinates": [ [ 77.6391172, 12.9144686 ], [ 77.6391171, 12.9145209 ], [ 77.6391162, 12.9151213 ] ] } },
{ "type": "Feature", "properties": { "full_id": "w1037911803", "osm_id": "1037911803", "osm_type": "way", "highway": "tertiary" }, "geometry": { "type": "LineString", "coordinates": [ [ 77.6295435, 12.9063625 ], [ 77.6295728, 12.9063131 ] ] } },
{ "type": "Feature", "properties": { "full_id": "w1042112410", "osm_id": "1042112410", "osm_type": "way", "highway": "trunk_link" }, "geometry": { "type": "LineString", "coordinates": [ [ 77.6256544, 12.9126626 ], [ 77.6255442, 12.9126289 ] ] } },
{ "type": "Feature", "properties": { "full_id": "w1043383138", "osm_id": "1043383138", "osm_type": "way", "highway": "service" }, "geometry": { "type": "LineString", "coordinates": [ [ 77.6381024, 12.9143945 ], [ 77.6380455, 12.914393 ], [ 77.6379664, 12.9143942 ], [ 77.6378873, 12.9143954 ] ] } },
{ "type": "Feature", "properties": { "full_id": "w1055298017", "osm_id": "1055298017", "osm_type": "way", "highway": "footway" }, "geometry": { "type": "LineString", "coordinates": [ [ 77.6492446, 12.9185031 ], [ 77.6490742, 12.9185237 ] ] } },
{ "type": "Feature", "properties": { "full_id": "w1055330319", "osm_id": "1055330319", "osm_type": "way", "highway": "secondary" }, "geometry": { "type": "LineString", "coordinates": [ [ 77.6380548, 12.9122726 ], [ 77.6380565, 12.912341 ] ] } },
{ "type": "Feature", "properties": { "full_id": "w1055330320", "osm_id": "1055330320", "osm_type": "way", "highway": "tertiary" }, "geometry": { "type": "LineString", "coordinates": [ [ 77.6380548, 12.9122726 ], [ 77.638007, 12.9122741 ], [ 77.6378539, 12.9122792 ], [ 77.6376686, 12.9122853 ], [ 77.6376123, 12.9123223 ] ] } },
{ "type": "Feature", "properties": { "full_id": "w1055330321", "osm_id": "1055330321", "osm_type": "way", "highway": "secondary" }, "geometry": { "type": "LineString", "coordinates": [ [ 77.6381266, 12.9122688 ], [ 77.6380548, 12.9122726 ] ] } },
{ "type": "Feature", "properties": { "full_id": "w1055330322", "osm_id": "1055330322", "osm_type": "way", "highway": "tertiary" }, "geometry": { "type": "LineString", "coordinates": [ [ 77.6381266, 12.9122688 ], [ 77.6381248, 12.9122096 ], [ 77.6381184, 12.9120704 ] ] } },
{ "type": "Feature", "properties": { "full_id": "w1055330323", "osm_id": "1055330323", "osm_type": "way", "highway": "tertiary" }, "geometry": { "type": "LineString", "coordinates": [ [ 77.6381184, 12.9120704 ], [ 77.6381157, 12.9119228 ], [ 77.6381068, 12.9117109 ], [ 77.638082, 12.911628 ] ] } },
{ "type": "Feature", "properties": { "full_id": "w1055330324", "osm_id": "1055330324", "osm_type": "way", "highway": "secondary" }, "geometry": { "type": "LineString", "coordinates": [ [ 77.6381278, 12.9123391 ], [ 77.6381266, 12.9122688 ] ] } },
{ "type": "Feature", "properties": { "full_id": "w1055330325", "osm_id": "1055330325", "osm_type": "way", "highway": "secondary" }, "geometry": { "type": "LineString", "coordinates": [ [ 77.6381278, 12.9123391 ], [ 77.6381902, 12.9123377 ], [ 77.6384478, 12.9123321 ], [ 77.6399378, 12.9122942 ], [ 77.6399989, 12.9122925 ], [ 77.640736, 12.9122717 ], [ 77.6417098, 12.9122443 ], [ 77.6417219, 12.912244 ], [ 77.6417455, 12.9122436 ], [ 77.6420472, 12.9122384 ], [ 77.6441984, 12.9122042 ], [ 77.6442772, 12.9121964 ] ] } },
{ "type": "Feature", "properties": { "full_id": "w1055330326", "osm_id": "1055330326", "osm_type": "way", "highway": "secondary" }, "geometry": { "type": "LineString", "coordinates": [ [ 77.6380565, 12.912341 ], [ 77.6381278, 12.9123391 ] ] } },
{ "type": "Feature", "properties": { "full_id": "w1055330327", "osm_id": "1055330327", "osm_type": "way", "highway": "secondary" }, "geometry": { "type": "LineString", "coordinates": [ [ 77.6380565, 12.912341 ], [ 77.6380588, 12.9124397 ], [ 77.6380802, 12.9130148 ] ] } },
{ "type": "Feature", "properties": { "full_id": "w1055657462", "osm_id": "1055657462", "osm_type": "way", "highway": "residential" }, "geometry": { "type": "LineString", "coordinates": [ [ 77.6415588, 12.9096868 ], [ 77.641533, 12.9092446 ] ] } },
{ "type": "Feature", "properties": { "full_id": "w1056820216", "osm_id": "1056820216", "osm_type": "way", "highway": "residential" }, "geometry": { "type": "LineString", "coordinates": [ [ 77.6680291, 12.9259024 ], [ 77.6679585, 12.9259216 ], [ 77.6679279, 12.9259446 ], [ 77.6679066, 12.9259998 ], [ 77.6679522, 12.9270517 ], [ 77.6679861, 12.9270881 ], [ 77.668053, 12.9271105 ], [ 77.6681167, 12.9271198 ], [ 77.668695, 12.9271687 ] ] } },
{ "type": "Feature", "properties": { "full_id": "w1057573399", "osm_id": "1057573399", "osm_type": "way", "highway": "secondary" }, "geometry": { "type": "LineString", "coordinates": [ [ 77.628835751912376, 12.907168753169143 ], [ 77.628929, 12.9072305 ] ] } },
{ "type": "Feature", "properties": { "full_id": "w1065865481", "osm_id": "1065865481", "osm_type": "way", "highway": "residential" }, "geometry": { "type": "LineString", "coordinates": [ [ 77.648606960129968, 12.900666668099063 ], [ 77.6486233, 12.9006687 ] ] } },
{ "type": "Feature", "properties": { "full_id": "w1066405076", "osm_id": "1066405076", "osm_type": "way", "highway": "residential" }, "geometry": { "type": "LineString", "coordinates": [ [ 77.6296669, 12.9118283 ], [ 77.6297555, 12.9116849 ] ] } },
{ "type": "Feature", "properties": { "full_id": "w1066915260", "osm_id": "1066915260", "osm_type": "way", "highway": "footway" }, "geometry": { "type": "LineString", "coordinates": [ [ 77.6415542, 12.9112761 ], [ 77.641602, 12.9112757 ], [ 77.6416891, 12.911275 ] ] } },
{ "type": "Feature", "properties": { "full_id": "w1066915263", "osm_id": "1066915263", "osm_type": "way", "highway": "residential" }, "geometry": { "type": "LineString", "coordinates": [ [ 77.6417111, 12.9121886 ], [ 77.6417133, 12.9121371 ], [ 77.641713, 12.9121109 ] ] } },
{ "type": "Feature", "properties": { "full_id": "w1066915264", "osm_id": "1066915264", "osm_type": "way", "highway": "residential" }, "geometry": { "type": "LineString", "coordinates": [ [ 77.641713, 12.9121109 ], [ 77.641713, 12.9120591 ] ] } },
{ "type": "Feature", "properties": { "full_id": "w1071044458", "osm_id": "1071044458", "osm_type": "way", "highway": "footway" }, "geometry": { "type": "LineString", "coordinates": [ [ 77.664732259544323, 12.920511025791587 ], [ 77.6633768, 12.9208835 ], [ 77.662840836923621, 12.921030207221367 ] ] } },
{ "type": "Feature", "properties": { "full_id": "w1071044459", "osm_id": "1071044459", "osm_type": "way", "highway": "footway" }, "geometry": { "type": "LineString", "coordinates": [ [ 77.665440299760022, 12.921259160494937 ], [ 77.6653952, 12.9216654 ], [ 77.665374, 12.9218586 ], [ 77.665342, 12.9220943 ], [ 77.6652843, 12.922699 ], [ 77.6652503, 12.9229966 ] ] } },
{ "type": "Feature", "properties": { "full_id": "w1071044460", "osm_id": "1071044460", "osm_type": "way", "highway": "footway" }, "geometry": { "type": "MultiLineString", "coordinates": [ [ [ 77.6659984, 12.9224048 ], [ 77.6659125, 12.9224689 ], [ 77.6658463, 12.9224924 ], [ 77.6657324, 12.922506 ], [ 77.6656861, 12.9225146 ], [ 77.6656347, 12.9225241 ], [ 77.66551, 12.9225392 ], [ 77.6654614, 12.9226106 ], [ 77.665442, 12.9227425 ], [ 77.6654664, 12.922835 ], [ 77.6655438, 12.9228954 ], [ 77.6656324, 12.9229298 ], [ 77.6657925, 12.922947 ], [ 77.6660672, 12.9229797 ], [ 77.6664393, 12.9229865 ], [ 77.666737, 12.9229706 ], [ 77.6668951, 12.9229638 ], [ 77.66717995065018, 12.922983792466747 ] ], [ [ 77.666120227103519, 12.921940087731583 ], [ 77.666105, 12.922052 ], [ 77.6660791, 12.9222539 ], [ 77.6659984, 12.9224048 ] ] ] } },
{ "type": "Feature", "properties": { "full_id": "w1071044461", "osm_id": "1071044461", "osm_type": "way", "highway": "footway" }, "geometry": { "type": "LineString", "coordinates": [ [ 77.66556816299898, 12.921387211768067 ], [ 77.6655463, 12.9215405 ], [ 77.6654369, 12.92244 ], [ 77.6653971, 12.922858 ], [ 77.6653919, 12.9229427 ], [ 77.6653855, 12.9229718 ] ] } },
{ "type": "Feature", "properties": { "full_id": "w1071044462", "osm_id": "1071044462", "osm_type": "way", "highway": "footway" }, "geometry": { "type": "LineString", "coordinates": [ [ 77.6654369, 12.92244 ], [ 77.6654708, 12.9224435 ], [ 77.6656861, 12.9225146 ] ] } },
{ "type": "Feature", "properties": { "full_id": "w1071442315", "osm_id": "1071442315", "osm_type": "way", "highway": "footway" }, "geometry": { "type": "LineString", "coordinates": [ [ 77.6382371, 12.9124101 ], [ 77.6381933, 12.9124349 ], [ 77.6382016, 12.9128348 ] ] } },
{ "type": "Feature", "properties": { "full_id": "w1071442319", "osm_id": "1071442319", "osm_type": "way", "highway": "service" }, "geometry": { "type": "LineString", "coordinates": [ [ 77.6380871, 12.9133852 ], [ 77.638023, 12.9133887 ], [ 77.6379715, 12.9133888 ], [ 77.6378631, 12.9133889 ] ] } },
{ "type": "Feature", "properties": { "full_id": "w1071442320", "osm_id": "1071442320", "osm_type": "way", "highway": "service" }, "geometry": { "type": "LineString", "coordinates": [ [ 77.6368187, 12.9134165 ], [ 77.6369376, 12.9134139 ], [ 77.6370565, 12.9134112 ] ] } },
{ "type": "Feature", "properties": { "full_id": "w1071442322", "osm_id": "1071442322", "osm_type": "way", "highway": "footway" }, "geometry": { "type": "LineString", "coordinates": [ [ 77.6380056, 12.9123896 ], [ 77.6380053, 12.9124082 ], [ 77.6380056, 12.9124409 ], [ 77.6380183, 12.912939 ], [ 77.6380232, 12.9130193 ], [ 77.638023, 12.9133887 ], [ 77.6380323, 12.9137432 ], [ 77.6380383, 12.9139701 ], [ 77.63804, 12.9140341 ], [ 77.6380455, 12.914393 ], [ 77.6380904, 12.9154648 ] ] } },
{ "type": "Feature", "properties": { "full_id": "w1071442340", "osm_id": "1071442340", "osm_type": "way", "highway": "footway" }, "geometry": { "type": "LineString", "coordinates": [ [ 77.6445524, 12.9122966 ], [ 77.6445535, 12.9122589 ], [ 77.6445431, 12.9122502 ], [ 77.6445234, 12.9122496 ], [ 77.6441992, 12.9122553 ], [ 77.6426802, 12.9122728 ], [ 77.6421188, 12.9122903 ] ] } },
{ "type": "Feature", "properties": { "full_id": "w1071630506", "osm_id": "1071630506", "osm_type": "way", "highway": "service" }, "geometry": { "type": "LineString", "coordinates": [ [ 77.6472508, 12.9117909 ], [ 77.6472637, 12.9116621 ], [ 77.6472812, 12.9115315 ], [ 77.6472925, 12.9114258 ], [ 77.6477278, 12.9114274 ], [ 77.6477963, 12.9114227 ], [ 77.6478214, 12.9114158 ], [ 77.6478394, 12.9113963 ], [ 77.6478569, 12.9111061 ], [ 77.6478551, 12.9110787 ], [ 77.6478394, 12.911059 ], [ 77.6472534, 12.9110596 ], [ 77.6472171, 12.9110669 ] ] } },
{ "type": "Feature", "properties": { "full_id": "w1071630508", "osm_id": "1071630508", "osm_type": "way", "highway": "footway" }, "geometry": { "type": "LineString", "coordinates": [ [ 77.6445659, 12.912296 ], [ 77.6445906, 12.9122947 ], [ 77.6446563, 12.912291 ], [ 77.6446945, 12.9122889 ] ] } },
{ "type": "Feature", "properties": { "full_id": "w1071630509", "osm_id": "1071630509", "osm_type": "way", "highway": "footway" }, "geometry": { "type": "LineString", "coordinates": [ [ 77.6445524, 12.9122966 ], [ 77.6445783, 12.9128987 ] ] } },
{ "type": "Feature", "properties": { "full_id": "w1089884376", "osm_id": "1089884376", "osm_type": "way", "highway": "footway" }, "geometry": { "type": "LineString", "coordinates": [ [ 77.6446486, 12.9114436 ], [ 77.6447092, 12.911441 ], [ 77.6447294, 12.9114389 ], [ 77.6447549, 12.911439 ], [ 77.6452066, 12.9114198 ] ] } },
{ "type": "Feature", "properties": { "full_id": "w1092089912", "osm_id": "1092089912", "osm_type": "way", "highway": "service" }, "geometry": { "type": "LineString", "coordinates": [ [ 77.637858, 12.9130234 ], [ 77.6379753, 12.9130205 ], [ 77.6380232, 12.9130193 ], [ 77.6380802, 12.9130148 ] ] } },
{ "type": "Feature", "properties": { "full_id": "w1092092565", "osm_id": "1092092565", "osm_type": "way", "highway": "residential" }, "geometry": { "type": "LineString", "coordinates": [ [ 77.6538433, 12.9100883 ], [ 77.6534179, 12.9101284 ] ] } },
{ "type": "Feature", "properties": { "full_id": "w1092422215", "osm_id": "1092422215", "osm_type": "way", "highway": "residential" }, "geometry": { "type": "LineString", "coordinates": [ [ 77.6476706, 12.904053 ], [ 77.647671037164898, 12.903924680597841 ] ] } },
{ "type": "Feature", "properties": { "full_id": "w1097279785", "osm_id": "1097279785", "osm_type": "way", "highway": "residential" }, "geometry": { "type": "LineString", "coordinates": [ [ 77.6663175, 12.9276513 ], [ 77.6665272, 12.9289386 ] ] } },
{ "type": "Feature", "properties": { "full_id": "w1097516141", "osm_id": "1097516141", "osm_type": "way", "highway": "footway" }, "geometry": { "type": "LineString", "coordinates": [ [ 77.6380292, 12.9122112 ], [ 77.6380071, 12.9122115 ], [ 77.6370578, 12.9122431 ], [ 77.6353161, 12.912301 ], [ 77.6352633, 12.9123027 ] ] } },
{ "type": "Feature", "properties": { "full_id": "w1097516142", "osm_id": "1097516142", "osm_type": "way", "highway": "footway" }, "geometry": { "type": "LineString", "coordinates": [ [ 77.6517796, 12.9119023 ], [ 77.6517655, 12.9119018 ], [ 77.650308, 12.9118675 ], [ 77.6490535, 12.9118437 ], [ 77.6488798, 12.9118393 ], [ 77.6482484, 12.9118123 ], [ 77.6479683, 12.9118003 ], [ 77.6477555, 12.911804 ], [ 77.6472439, 12.9118274 ], [ 77.6470482, 12.9118521 ], [ 77.6469451, 12.9118781 ], [ 77.64609, 12.9119662 ], [ 77.6449731, 12.9120419 ], [ 77.6447979, 12.9120516 ], [ 77.644741, 12.912049 ] ] } },
{ "type": "Feature", "properties": { "full_id": "w1097516143", "osm_id": "1097516143", "osm_type": "way", "highway": "footway" }, "geometry": { "type": "LineString", "coordinates": [ [ 77.6448024, 12.9121939 ], [ 77.6448017, 12.9121712 ], [ 77.6447995, 12.9121029 ], [ 77.6447985, 12.9120698 ] ] } },
{ "type": "Feature", "properties": { "full_id": "w1097516144", "osm_id": "1097516144", "osm_type": "way", "highway": "footway" }, "geometry": { "type": "LineString", "coordinates": [ [ 77.6445236, 12.9122319 ], [ 77.644524, 12.9121847 ], [ 77.6445244, 12.9121366 ] ] } },
{ "type": "Feature", "properties": { "full_id": "w1097516145", "osm_id": "1097516145", "osm_type": "way", "highway": "footway" }, "geometry": { "type": "LineString", "coordinates": [ [ 77.6445322, 12.9120832 ], [ 77.6445314, 12.9120381 ], [ 77.6445296, 12.9119297 ], [ 77.6445282, 12.9118437 ] ] } },
{ "type": "Feature", "properties": { "full_id": "w1097519313", "osm_id": "1097519313", "osm_type": "way", "highway": "footway" }, "geometry": { "type": "LineString", "coordinates": [ [ 77.6518, 12.911858 ], [ 77.65183, 12.9118587 ], [ 77.6518949, 12.9118601 ], [ 77.6519293, 12.9118609 ] ] } },
{ "type": "Feature", "properties": { "full_id": "w1097519314", "osm_id": "1097519314", "osm_type": "way", "highway": "footway" }, "geometry": { "type": "LineString", "coordinates": [ [ 77.651923, 12.9125435 ], [ 77.6519484, 12.9118613 ] ] } },
{ "type": "Feature", "properties": { "full_id": "w1097519315", "osm_id": "1097519315", "osm_type": "way", "highway": "footway" }, "geometry": { "type": "LineString", "coordinates": [ [ 77.6489761, 12.9119954 ], [ 77.6488788, 12.9119951 ], [ 77.6477519, 12.9119738 ], [ 77.647324, 12.9119909 ], [ 77.646099, 12.9121196 ], [ 77.6457304, 12.9121468 ], [ 77.6448031, 12.9122167 ] ] } },
{ "type": "Feature", "properties": { "full_id": "w1097519316", "osm_id": "1097519316", "osm_type": "way", "highway": "footway" }, "geometry": { "type": "LineString", "coordinates": [ [ 77.648879, 12.9119776 ], [ 77.6488798, 12.9119093 ], [ 77.6488798, 12.9118683 ] ] } },
{ "type": "Feature", "properties": { "full_id": "w1097526503", "osm_id": "1097526503", "osm_type": "way", "highway": "footway" }, "geometry": { "type": "LineString", "coordinates": [ [ 77.6448901, 12.9196102 ], [ 77.6448824, 12.9194733 ], [ 77.6448656, 12.9191013 ], [ 77.6448614, 12.9189003 ], [ 77.6448125, 12.9180926 ], [ 77.6447898, 12.9175225 ], [ 77.644784, 12.9173783 ], [ 77.6447823, 12.9173357 ], [ 77.6447744, 12.9171787 ], [ 77.6447604, 12.9168998 ], [ 77.6447216, 12.916129 ], [ 77.6446777, 12.9152858 ], [ 77.6446717, 12.9151999 ], [ 77.6446697, 12.9151697 ] ] } },
{ "type": "Feature", "properties": { "full_id": "w1097526507", "osm_id": "1097526507", "osm_type": "way", "highway": "footway" }, "geometry": { "type": "LineString", "coordinates": [ [ 77.6446664, 12.9150969 ], [ 77.6446642, 12.9150421 ], [ 77.6446091, 12.913667 ], [ 77.6446065, 12.9136028 ], [ 77.6446047, 12.9135582 ], [ 77.6445783, 12.9128987 ] ] } },
{ "type": "Feature", "properties": { "full_id": "w1097526508", "osm_id": "1097526508", "osm_type": "way", "highway": "footway" }, "geometry": { "type": "LineString", "coordinates": [ [ 77.6446697, 12.9151697 ], [ 77.6446664, 12.9150969 ] ] } },
{ "type": "Feature", "properties": { "full_id": "w1097526509", "osm_id": "1097526509", "osm_type": "way", "highway": "footway" }, "geometry": { "type": "LineString", "coordinates": [ [ 77.6448485, 12.9151478 ], [ 77.6448504, 12.9151828 ], [ 77.6448603, 12.91537 ], [ 77.6448749, 12.9156429 ], [ 77.6449381, 12.9171774 ], [ 77.6449453, 12.917329 ], [ 77.6450256, 12.918984 ], [ 77.645062, 12.9194623 ], [ 77.6450672, 12.9195315 ] ] } },
{ "type": "Feature", "properties": { "full_id": "w1097526510", "osm_id": "1097526510", "osm_type": "way", "highway": "footway" }, "geometry": { "type": "LineString", "coordinates": [ [ 77.6447167, 12.9122885 ], [ 77.6447311, 12.912879 ], [ 77.6447518, 12.9133532 ], [ 77.6448453, 12.9150894 ] ] } },
{ "type": "Feature", "properties": { "full_id": "w1097526511", "osm_id": "1097526511", "osm_type": "way", "highway": "footway" }, "geometry": { "type": "LineString", "coordinates": [ [ 77.6448453, 12.9150894 ], [ 77.6448485, 12.9151478 ] ] } },
{ "type": "Feature", "properties": { "full_id": "w1097526512", "osm_id": "1097526512", "osm_type": "way", "highway": "footway" }, "geometry": { "type": "LineString", "coordinates": [ [ 77.6447167, 12.9122885 ], [ 77.6447309, 12.9122527 ], [ 77.6447535, 12.9122352 ], [ 77.6448031, 12.9122167 ] ] } },
{ "type": "Feature", "properties": { "full_id": "w1097526513", "osm_id": "1097526513", "osm_type": "way", "highway": "footway" }, "geometry": { "type": "LineString", "coordinates": [ [ 77.644741, 12.912049 ], [ 77.6447297, 12.9118127 ], [ 77.6447092, 12.911441 ], [ 77.6446765, 12.9107321 ] ] } },
{ "type": "Feature", "properties": { "full_id": "w1099659543", "osm_id": "1099659543", "osm_type": "way", "highway": "steps" }, "geometry": { "type": "LineString", "coordinates": [ [ 77.6409139, 12.9110529 ], [ 77.6410818, 12.9110252 ] ] } },
{ "type": "Feature", "properties": { "full_id": "w1099659547", "osm_id": "1099659547", "osm_type": "way", "highway": "footway" }, "geometry": { "type": "LineString", "coordinates": [ [ 77.638224, 12.9122231 ], [ 77.639949, 12.9121768 ], [ 77.6399969, 12.9121761 ], [ 77.6407355, 12.9121593 ], [ 77.6417133, 12.9121371 ], [ 77.6417496, 12.9121368 ], [ 77.6420498, 12.9121342 ], [ 77.6426883, 12.9121232 ], [ 77.6441942, 12.9120854 ], [ 77.6442728, 12.9120018 ] ] } },
{ "type": "Feature", "properties": { "full_id": "w1099659548", "osm_id": "1099659548", "osm_type": "way", "highway": "footway" }, "geometry": { "type": "LineString", "coordinates": [ [ 77.6399997, 12.9123377 ], [ 77.6399989, 12.9122925 ], [ 77.6399984, 12.912262 ], [ 77.639998, 12.9122368 ], [ 77.6399973, 12.9121967 ] ] } },
{ "type": "Feature", "properties": { "full_id": "w1099659597", "osm_id": "1099659597", "osm_type": "way", "highway": "footway" }, "geometry": { "type": "LineString", "coordinates": [ [ 77.6380011, 12.9117279 ], [ 77.6379877, 12.9106545 ], [ 77.637975, 12.9096256 ], [ 77.637964, 12.9087444 ] ] } },
{ "type": "Feature", "properties": { "full_id": "w1099665396", "osm_id": "1099665396", "osm_type": "way", "highway": "residential" }, "geometry": { "type": "LineString", "coordinates": [ [ 77.6448922, 12.9069503 ], [ 77.6448556, 12.9067571 ], [ 77.6448538, 12.9067266 ], [ 77.6448605, 12.9066996 ], [ 77.6449024, 12.9065924 ], [ 77.6449182, 12.9065747 ], [ 77.6449493, 12.9065559 ], [ 77.6452056, 12.9064631 ], [ 77.645235, 12.9064594 ], [ 77.6452553, 12.9064736 ], [ 77.6453455, 12.9067397 ], [ 77.645343, 12.9067729 ], [ 77.6453297, 12.9067956 ], [ 77.645303, 12.9068081 ], [ 77.6448922, 12.9069503 ], [ 77.6446719, 12.9070181 ], [ 77.6445211, 12.9070334 ], [ 77.6444446, 12.9070411 ] ] } },
{ "type": "Feature", "properties": { "full_id": "w1099665398", "osm_id": "1099665398", "osm_type": "way", "highway": "residential" }, "geometry": { "type": "LineString", "coordinates": [ [ 77.6446719, 12.9070181 ], [ 77.6447009, 12.9071189 ], [ 77.6447252, 12.9071568 ] ] } },
{ "type": "Feature", "properties": { "full_id": "w1099665420", "osm_id": "1099665420", "osm_type": "way", "highway": "residential" }, "geometry": { "type": "MultiLineString", "coordinates": [ [ [ 77.6438629, 12.9048619 ], [ 77.643859769481963, 12.904850755761014 ] ], [ [ 77.643713243686307, 12.904880896764954 ], [ 77.6437174, 12.9048982 ] ] ] } },
{ "type": "Feature", "properties": { "full_id": "w1100988968", "osm_id": "1100988968", "osm_type": "way", "highway": "trunk" }, "geometry": { "type": "LineString", "coordinates": [ [ 77.6470719, 12.9237689 ], [ 77.6468667, 12.9236504 ], [ 77.6466165, 12.9234869 ] ] } },
{ "type": "Feature", "properties": { "full_id": "w1101690271", "osm_id": "1101690271", "osm_type": "way", "highway": "path" }, "geometry": { "type": "LineString", "coordinates": [ [ 77.6386778, 12.9151191 ], [ 77.6386824, 12.9152077 ], [ 77.6386801, 12.9156417 ], [ 77.6389932, 12.9156372 ], [ 77.6392975, 12.9156372 ], [ 77.6393411, 12.9156372 ] ] } },
{ "type": "Feature", "properties": { "full_id": "w1101690272", "osm_id": "1101690272", "osm_type": "way", "highway": "path" }, "geometry": { "type": "LineString", "coordinates": [ [ 77.6389932, 12.9156372 ], [ 77.638977, 12.9152145 ], [ 77.6386824, 12.9152077 ] ] } },
{ "type": "Feature", "properties": { "full_id": "w1101690273", "osm_id": "1101690273", "osm_type": "way", "highway": "path" }, "geometry": { "type": "LineString", "coordinates": [ [ 77.6392615, 12.9138571 ], [ 77.6392723, 12.9136436 ], [ 77.6392776, 12.9135395 ], [ 77.6392791, 12.9134256 ], [ 77.6390174, 12.9134306 ], [ 77.6387712, 12.9134356 ] ] } },
{ "type": "Feature", "properties": { "full_id": "w1101690274", "osm_id": "1101690274", "osm_type": "way", "highway": "path" }, "geometry": { "type": "LineString", "coordinates": [ [ 77.6392615, 12.9138571 ], [ 77.6393351, 12.9138514 ] ] } },
{ "type": "Feature", "properties": { "full_id": "w1101690275", "osm_id": "1101690275", "osm_type": "way", "highway": "path" }, "geometry": { "type": "LineString", "coordinates": [ [ 77.6387753, 12.9136431 ], [ 77.6390256, 12.9136483 ], [ 77.6392723, 12.9136436 ] ] } },
{ "type": "Feature", "properties": { "full_id": "w1101690276", "osm_id": "1101690276", "osm_type": "way", "highway": "path" }, "geometry": { "type": "LineString", "coordinates": [ [ 77.6390336, 12.9138602 ], [ 77.6390256, 12.9136483 ], [ 77.6390174, 12.9134306 ] ] } },
{ "type": "Feature", "properties": { "full_id": "w1101690277", "osm_id": "1101690277", "osm_type": "way", "highway": "service" }, "geometry": { "type": "LineString", "coordinates": [ [ 77.6368306, 12.9137675 ], [ 77.6369271, 12.9137658 ], [ 77.6370633, 12.9137633 ] ] } },
{ "type": "Feature", "properties": { "full_id": "w1101690278", "osm_id": "1101690278", "osm_type": "way", "highway": "footway" }, "geometry": { "type": "LineString", "coordinates": [ [ 77.6344029, 12.9140459 ], [ 77.6343998, 12.9139575 ] ] } },
{ "type": "Feature", "properties": { "full_id": "w1101690279", "osm_id": "1101690279", "osm_type": "way", "highway": "footway" }, "geometry": { "type": "LineString", "coordinates": [ [ 77.6343998, 12.9139575 ], [ 77.6341596, 12.9139655 ], [ 77.6338552, 12.9139757 ], [ 77.6335521, 12.9139859 ], [ 77.6335389, 12.9136107 ], [ 77.633842, 12.9136006 ], [ 77.6341463, 12.9135904 ], [ 77.6346973, 12.9135719 ], [ 77.6347105, 12.913947 ], [ 77.6343998, 12.9139575 ] ] } },
{ "type": "Feature", "properties": { "full_id": "w1101690280", "osm_id": "1101690280", "osm_type": "way", "highway": "footway" }, "geometry": { "type": "LineString", "coordinates": [ [ 77.6341596, 12.9139655 ], [ 77.6341463, 12.9135904 ] ] } },
{ "type": "Feature", "properties": { "full_id": "w1101690281", "osm_id": "1101690281", "osm_type": "way", "highway": "footway" }, "geometry": { "type": "LineString", "coordinates": [ [ 77.6338552, 12.9139757 ], [ 77.633842, 12.9136006 ] ] } },
{ "type": "Feature", "properties": { "full_id": "w1101690282", "osm_id": "1101690282", "osm_type": "way", "highway": "footway" }, "geometry": { "type": "LineString", "coordinates": [ [ 77.6345475, 12.9149563 ], [ 77.6345447, 12.9148963 ], [ 77.6340014, 12.9149201 ], [ 77.6339872, 12.9146126 ], [ 77.6345306, 12.9145888 ], [ 77.6345447, 12.9148963 ] ] } },
{ "type": "Feature", "properties": { "full_id": "w1101690283", "osm_id": "1101690283", "osm_type": "way", "highway": "footway" }, "geometry": { "type": "LineString", "coordinates": [ [ 77.6345306, 12.9145888 ], [ 77.6349675, 12.9145697 ], [ 77.6349816, 12.9148772 ], [ 77.6345447, 12.9148963 ] ] } },
{ "type": "Feature", "properties": { "full_id": "w1101690284", "osm_id": "1101690284", "osm_type": "way", "highway": "path" }, "geometry": { "type": "LineString", "coordinates": [ [ 77.6334849, 12.9107484 ], [ 77.6334891, 12.9108172 ], [ 77.633504, 12.9110586 ], [ 77.6335191, 12.9113031 ], [ 77.6335205, 12.9113819 ] ] } },
{ "type": "Feature", "properties": { "full_id": "w1101690285", "osm_id": "1101690285", "osm_type": "way", "highway": "path" }, "geometry": { "type": "LineString", "coordinates": [ [ 77.6334694, 12.9113017 ], [ 77.6335191, 12.9113031 ], [ 77.6338332, 12.9112918 ], [ 77.6338887, 12.9112818 ], [ 77.6338828, 12.9110354 ], [ 77.633504, 12.9110586 ], [ 77.6331158, 12.9110824 ], [ 77.6331202, 12.9112035 ], [ 77.6331509, 12.9112633 ], [ 77.6332254, 12.9112989 ], [ 77.6334694, 12.9113017 ] ] } },
{ "type": "Feature", "properties": { "full_id": "w1101690286", "osm_id": "1101690286", "osm_type": "way", "highway": "path" }, "geometry": { "type": "LineString", "coordinates": [ [ 77.6331158, 12.9110824 ], [ 77.6331056, 12.9109101 ], [ 77.6331012, 12.9108532 ], [ 77.6334891, 12.9108172 ], [ 77.6335001, 12.9108161 ], [ 77.6338112, 12.9108076 ], [ 77.6338799, 12.9108532 ], [ 77.6338828, 12.9110354 ] ] } },
{ "type": "Feature", "properties": { "full_id": "w1101690288", "osm_id": "1101690288", "osm_type": "way", "highway": "construction" }, "geometry": { "type": "LineString", "coordinates": [ [ 77.6241525, 12.9153499 ], [ 77.6242854, 12.9154047 ], [ 77.6243146, 12.9157151 ], [ 77.624356, 12.9160007 ], [ 77.6243016, 12.916147 ] ] } },
{ "type": "Feature", "properties": { "full_id": "w1101690289", "osm_id": "1101690289", "osm_type": "way", "highway": "residential" }, "geometry": { "type": "LineString", "coordinates": [ [ 77.6243016, 12.916147 ], [ 77.6240636, 12.9166756 ] ] } },
{ "type": "Feature", "properties": { "full_id": "w1101690290", "osm_id": "1101690290", "osm_type": "way", "highway": "residential" }, "geometry": { "type": "LineString", "coordinates": [ [ 77.6271381, 12.9136207 ], [ 77.6272759, 12.9141389 ] ] } },
{ "type": "Feature", "properties": { "full_id": "w1101690292", "osm_id": "1101690292", "osm_type": "way", "highway": "footway" }, "geometry": { "type": "LineString", "coordinates": [ [ 77.6300288, 12.9151594 ], [ 77.6304788, 12.9151365 ], [ 77.6304519, 12.9146363 ], [ 77.6299263, 12.9146631 ], [ 77.6299531, 12.9151633 ], [ 77.6300288, 12.9151594 ] ] } },
{ "type": "Feature", "properties": { "full_id": "w1101690293", "osm_id": "1101690293", "osm_type": "way", "highway": "service" }, "geometry": { "type": "LineString", "coordinates": [ [ 77.6261219, 12.9120151 ], [ 77.6268065, 12.9120655 ] ] } },
{ "type": "Feature", "properties": { "full_id": "w1101690297", "osm_id": "1101690297", "osm_type": "way", "highway": "footway" }, "geometry": { "type": "LineString", "coordinates": [ [ 77.625847905459992, 12.912027500404998 ], [ 77.625992, 12.9121168 ] ] } },
{ "type": "Feature", "properties": { "full_id": "w1101690298", "osm_id": "1101690298", "osm_type": "way", "highway": "residential" }, "geometry": { "type": "LineString", "coordinates": [ [ 77.6296681, 12.9104099 ], [ 77.6296812, 12.9102884 ], [ 77.6296875, 12.9102304 ], [ 77.6297122, 12.9100269 ], [ 77.6297293, 12.9098815 ] ] } },
{ "type": "Feature", "properties": { "full_id": "w1101690299", "osm_id": "1101690299", "osm_type": "way", "highway": "residential" }, "geometry": { "type": "LineString", "coordinates": [ [ 77.6297122, 12.9100269 ], [ 77.6302992, 12.9100595 ] ] } },
{ "type": "Feature", "properties": { "full_id": "w1101690300", "osm_id": "1101690300", "osm_type": "way", "highway": "residential" }, "geometry": { "type": "LineString", "coordinates": [ [ 77.6282584, 12.908916 ], [ 77.6287994, 12.9090134 ] ] } },
{ "type": "Feature", "properties": { "full_id": "w1101690301", "osm_id": "1101690301", "osm_type": "way", "highway": "residential" }, "geometry": { "type": "LineString", "coordinates": [ [ 77.6294937, 12.9085421 ], [ 77.6297786, 12.9085288 ] ] } },
{ "type": "Feature", "properties": { "full_id": "w1101696060", "osm_id": "1101696060", "osm_type": "way", "highway": "residential" }, "geometry": { "type": "LineString", "coordinates": [ [ 77.6306445, 12.9083208 ], [ 77.6307609, 12.9077397 ] ] } },
{ "type": "Feature", "properties": { "full_id": "w1101696061", "osm_id": "1101696061", "osm_type": "way", "highway": "residential" }, "geometry": { "type": "LineString", "coordinates": [ [ 77.6308143, 12.9087761 ], [ 77.6308908, 12.908558 ] ] } },
{ "type": "Feature", "properties": { "full_id": "w1101696062", "osm_id": "1101696062", "osm_type": "way", "highway": "residential" }, "geometry": { "type": "LineString", "coordinates": [ [ 77.6291586, 12.9069982 ], [ 77.6293522, 12.9070526 ], [ 77.6298234, 12.9070077 ] ] } },
{ "type": "Feature", "properties": { "full_id": "w1101696063", "osm_id": "1101696063", "osm_type": "way", "highway": "living_street" }, "geometry": { "type": "LineString", "coordinates": [ [ 77.6292497, 12.9068477 ], [ 77.629424, 12.9068875 ], [ 77.6299541, 12.9068696 ] ] } },
{ "type": "Feature", "properties": { "full_id": "w1101696064", "osm_id": "1101696064", "osm_type": "way", "highway": "residential" }, "geometry": { "type": "LineString", "coordinates": [ [ 77.6293441, 12.9066919 ], [ 77.6294534, 12.9067189 ], [ 77.6297903, 12.9067153 ] ] } },
{ "type": "Feature", "properties": { "full_id": "w1101696065", "osm_id": "1101696065", "osm_type": "way", "highway": "residential" }, "geometry": { "type": "LineString", "coordinates": [ [ 77.6304164, 12.9059275 ], [ 77.6306175, 12.9059377 ], [ 77.6312461, 12.90596 ] ] } },
{ "type": "Feature", "properties": { "full_id": "w1101696066", "osm_id": "1101696066", "osm_type": "way", "highway": "residential" }, "geometry": { "type": "LineString", "coordinates": [ [ 77.6306175, 12.9059377 ], [ 77.6306262, 12.9056597 ], [ 77.6306365, 12.9054819 ] ] } },
{ "type": "Feature", "properties": { "full_id": "w1101696067", "osm_id": "1101696067", "osm_type": "way", "highway": "residential" }, "geometry": { "type": "LineString", "coordinates": [ [ 77.6306262, 12.9056597 ], [ 77.6309678, 12.9056797 ] ] } },
{ "type": "Feature", "properties": { "full_id": "w1101696068", "osm_id": "1101696068", "osm_type": "way", "highway": "residential" }, "geometry": { "type": "LineString", "coordinates": [ [ 77.6303892, 12.9060967 ], [ 77.6313834, 12.9061339 ] ] } },
{ "type": "Feature", "properties": { "full_id": "w1101696069", "osm_id": "1101696069", "osm_type": "way", "highway": "residential" }, "geometry": { "type": "LineString", "coordinates": [ [ 77.6309769, 12.9050737 ], [ 77.6311255, 12.9050813 ] ] } },
{ "type": "Feature", "properties": { "full_id": "w1101696070", "osm_id": "1101696070", "osm_type": "way", "highway": "residential" }, "geometry": { "type": "LineString", "coordinates": [ [ 77.6311353, 12.9047931 ], [ 77.6314038, 12.9048139 ] ] } },
{ "type": "Feature", "properties": { "full_id": "w1101696071", "osm_id": "1101696071", "osm_type": "way", "highway": "residential" }, "geometry": { "type": "LineString", "coordinates": [ [ 77.6318662, 12.9051162 ], [ 77.6318355, 12.9053647 ] ] } },
{ "type": "Feature", "properties": { "full_id": "w1101696072", "osm_id": "1101696072", "osm_type": "way", "highway": "residential" }, "geometry": { "type": "LineString", "coordinates": [ [ 77.6318907, 12.9047396 ], [ 77.6322615, 12.9047535 ] ] } },
{ "type": "Feature", "properties": { "full_id": "w1101696073", "osm_id": "1101696073", "osm_type": "way", "highway": "residential" }, "geometry": { "type": "LineString", "coordinates": [ [ 77.6322668, 12.905141 ], [ 77.6322794, 12.9056301 ] ] } },
{ "type": "Feature", "properties": { "full_id": "w1101696074", "osm_id": "1101696074", "osm_type": "way", "highway": "residential" }, "geometry": { "type": "LineString", "coordinates": [ [ 77.6313891, 12.9037162 ], [ 77.6313609, 12.9039405 ] ] } },
{ "type": "Feature", "properties": { "full_id": "w1101696075", "osm_id": "1101696075", "osm_type": "way", "highway": "residential" }, "geometry": { "type": "LineString", "coordinates": [ [ 77.6319103, 12.9043843 ], [ 77.6318357, 12.9043856 ], [ 77.631825, 12.9043711 ], [ 77.6318131, 12.9041836 ], [ 77.6318195, 12.904168 ], [ 77.6323367, 12.9041414 ], [ 77.6323779, 12.9041392 ], [ 77.632387368557062, 12.904137842306127 ] ] } },
{ "type": "Feature", "properties": { "full_id": "w1101696076", "osm_id": "1101696076", "osm_type": "way", "highway": "residential" }, "geometry": { "type": "LineString", "coordinates": [ [ 77.6325252, 12.9043824 ], [ 77.6323779, 12.9041392 ], [ 77.6323003, 12.9039706 ], [ 77.632289660617289, 12.903947576150637 ] ] } },
{ "type": "Feature", "properties": { "full_id": "w1101696077", "osm_id": "1101696077", "osm_type": "way", "highway": "residential" }, "geometry": { "type": "LineString", "coordinates": [ [ 77.6323003, 12.9039706 ], [ 77.632323737383956, 12.903969646497659 ] ] } },
{ "type": "Feature", "properties": { "full_id": "w1101696096", "osm_id": "1101696096", "osm_type": "way", "highway": "residential" }, "geometry": { "type": "LineString", "coordinates": [ [ 77.6390583, 12.9057448 ], [ 77.6391005, 12.90594 ] ] } },
{ "type": "Feature", "properties": { "full_id": "w1101696105", "osm_id": "1101696105", "osm_type": "way", "highway": "residential" }, "geometry": { "type": "LineString", "coordinates": [ [ 77.6362037, 12.9077271 ], [ 77.6367608, 12.9076525 ] ] } },
{ "type": "Feature", "properties": { "full_id": "w1101696106", "osm_id": "1101696106", "osm_type": "way", "highway": "path" }, "geometry": { "type": "LineString", "coordinates": [ [ 77.6360385, 12.9083043 ], [ 77.6364103, 12.9083079 ], [ 77.6366386, 12.9083115 ], [ 77.6366938, 12.9083007 ], [ 77.6367196, 12.9082612 ], [ 77.6367269, 12.908028 ], [ 77.6367159, 12.9079239 ], [ 77.6366938, 12.9078881 ], [ 77.6361121, 12.9079419 ], [ 77.6359943, 12.9079527 ], [ 77.6359649, 12.9079742 ], [ 77.6359686, 12.9082828 ], [ 77.6360385, 12.9083043 ] ] } },
{ "type": "Feature", "properties": { "full_id": "w1101696107", "osm_id": "1101696107", "osm_type": "way", "highway": "path" }, "geometry": { "type": "LineString", "coordinates": [ [ 77.6359686, 12.9082828 ], [ 77.6359162, 12.9082968 ] ] } },
{ "type": "Feature", "properties": { "full_id": "w1101696108", "osm_id": "1101696108", "osm_type": "way", "highway": "residential" }, "geometry": { "type": "LineString", "coordinates": [ [ 77.6342392, 12.9074818 ], [ 77.6345034, 12.907479 ] ] } },
{ "type": "Feature", "properties": { "full_id": "w1101696109", "osm_id": "1101696109", "osm_type": "way", "highway": "residential" }, "geometry": { "type": "LineString", "coordinates": [ [ 77.6386696, 12.9087033 ], [ 77.6388615, 12.9086809 ], [ 77.6390511, 12.9086589 ] ] } },
{ "type": "Feature", "properties": { "full_id": "w1101696110", "osm_id": "1101696110", "osm_type": "way", "highway": "residential" }, "geometry": { "type": "LineString", "coordinates": [ [ 77.6388615, 12.9086809 ], [ 77.6389312, 12.9089667 ], [ 77.6387042, 12.9090654 ] ] } },
{ "type": "Feature", "properties": { "full_id": "w1101696111", "osm_id": "1101696111", "osm_type": "way", "highway": "residential" }, "geometry": { "type": "LineString", "coordinates": [ [ 77.6365683, 12.9099679 ], [ 77.6365553, 12.9098197 ], [ 77.6365222, 12.9097444 ] ] } },
{ "type": "Feature", "properties": { "full_id": "w1102572811", "osm_id": "1102572811", "osm_type": "way", "highway": "residential" }, "geometry": { "type": "LineString", "coordinates": [ [ 77.6516975, 12.9009464 ], [ 77.6523279, 12.9007748 ] ] } },
{ "type": "Feature", "properties": { "full_id": "w1102572812", "osm_id": "1102572812", "osm_type": "way", "highway": "residential" }, "geometry": { "type": "LineString", "coordinates": [ [ 77.652337, 12.9009157 ], [ 77.6531849, 12.9006018 ] ] } },
{ "type": "Feature", "properties": { "full_id": "w1102572813", "osm_id": "1102572813", "osm_type": "way", "highway": "service" }, "geometry": { "type": "LineString", "coordinates": [ [ 77.6527323, 12.8992843 ], [ 77.6524413, 12.8993653 ], [ 77.6517135, 12.8995682 ] ] } },
{ "type": "Feature", "properties": { "full_id": "w1102572814", "osm_id": "1102572814", "osm_type": "way", "highway": "residential" }, "geometry": { "type": "LineString", "coordinates": [ [ 77.6540584, 12.8994239 ], [ 77.6539022, 12.8994624 ] ] } },
{ "type": "Feature", "properties": { "full_id": "w1102572815", "osm_id": "1102572815", "osm_type": "way", "highway": "residential" }, "geometry": { "type": "MultiLineString", "coordinates": [ [ [ 77.6552544, 12.8984135 ], [ 77.655431799564425, 12.898364023932659 ] ], [ [ 77.655552048396132, 12.898330486988446 ], [ 77.6558306, 12.8982528 ] ] ] } },
{ "type": "Feature", "properties": { "full_id": "w1102572816", "osm_id": "1102572816", "osm_type": "way", "highway": "track" }, "geometry": { "type": "LineString", "coordinates": [ [ 77.655955282039301, 12.901677881057598 ], [ 77.655654, 12.9017193 ], [ 77.65515, 12.9018055 ], [ 77.6548858, 12.90182 ], [ 77.654591, 12.9018362 ], [ 77.6534481, 12.9020418 ], [ 77.652572, 12.9021986 ], [ 77.6523188, 12.902272 ], [ 77.652124, 12.9023946 ], [ 77.652003, 12.9025126 ], [ 77.6519086, 12.9027626 ], [ 77.6516138, 12.9030609 ], [ 77.6515607, 12.9031476 ], [ 77.6515826, 12.9032551 ], [ 77.6515898, 12.9033448 ], [ 77.6515429, 12.9037036 ], [ 77.651588, 12.9038777 ], [ 77.651698, 12.9041186 ], [ 77.6518534, 12.9044768 ], [ 77.6518281, 12.9046052 ], [ 77.6518227, 12.9046932 ], [ 77.6518604, 12.904917 ], [ 77.6519673, 12.9053808 ], [ 77.6520142, 12.9055408 ], [ 77.6520467, 12.9056903 ], [ 77.6521363, 12.9059057 ], [ 77.6522843, 12.9061395 ], [ 77.6526313, 12.9063907 ], [ 77.6533943, 12.9069976 ], [ 77.6535372, 12.9070971 ], [ 77.6536852, 12.9073657 ] ] } },
{ "type": "Feature", "properties": { "full_id": "w1103085971", "osm_id": "1103085971", "osm_type": "way", "highway": "service" }, "geometry": { "type": "LineString", "coordinates": [ [ 77.644769, 12.9208169 ], [ 77.6447379, 12.9199584 ], [ 77.6446125, 12.9199524 ] ] } },
{ "type": "Feature", "properties": { "full_id": "w1103085972", "osm_id": "1103085972", "osm_type": "way", "highway": "service" }, "geometry": { "type": "LineString", "coordinates": [ [ 77.6441125, 12.9191118 ], [ 77.6443239, 12.9196406 ] ] } },
{ "type": "Feature", "properties": { "full_id": "w1103085973", "osm_id": "1103085973", "osm_type": "way", "highway": "residential" }, "geometry": { "type": "LineString", "coordinates": [ [ 77.6480284, 12.9196913 ], [ 77.6475068, 12.9197221 ] ] } },
{ "type": "Feature", "properties": { "full_id": "w1103085974", "osm_id": "1103085974", "osm_type": "way", "highway": "residential" }, "geometry": { "type": "LineString", "coordinates": [ [ 77.6479903, 12.91908 ], [ 77.6479692, 12.9189175 ] ] } },
{ "type": "Feature", "properties": { "full_id": "w1103085975", "osm_id": "1103085975", "osm_type": "way", "highway": "residential" }, "geometry": { "type": "LineString", "coordinates": [ [ 77.6503153, 12.9196697 ], [ 77.6503619, 12.9195124 ], [ 77.6505324, 12.9194878 ], [ 77.6506243, 12.919475 ], [ 77.6508478, 12.9194365 ], [ 77.6511414, 12.9194045 ] ] } },
{ "type": "Feature", "properties": { "full_id": "w1103085976", "osm_id": "1103085976", "osm_type": "way", "highway": "residential" }, "geometry": { "type": "LineString", "coordinates": [ [ 77.6511414, 12.9194045 ], [ 77.651559, 12.9193775 ], [ 77.6516422, 12.9193736 ] ] } },
{ "type": "Feature", "properties": { "full_id": "w1103085977", "osm_id": "1103085977", "osm_type": "way", "highway": "residential" }, "geometry": { "type": "LineString", "coordinates": [ [ 77.6500894, 12.9180072 ], [ 77.6500867, 12.9183335 ] ] } },
{ "type": "Feature", "properties": { "full_id": "w1103085978", "osm_id": "1103085978", "osm_type": "way", "highway": "track" }, "geometry": { "type": "LineString", "coordinates": [ [ 77.6536852, 12.9073657 ], [ 77.6537954, 12.9079843 ], [ 77.6538781, 12.9084009 ], [ 77.6539057, 12.9087638 ], [ 77.6538667, 12.9091165 ], [ 77.6538667, 12.9095466 ], [ 77.6539031, 12.9099456 ], [ 77.6540168, 12.9103889 ], [ 77.6540805, 12.9105485 ], [ 77.6540577, 12.9107924 ], [ 77.6540532, 12.9110539 ], [ 77.6541123, 12.9113199 ], [ 77.6541293, 12.9114579 ], [ 77.6541396, 12.9115416 ], [ 77.6541714, 12.9119406 ], [ 77.6540714, 12.9123352 ], [ 77.6539702, 12.9126742 ], [ 77.6539536, 12.9127363 ], [ 77.6539187, 12.9128672 ], [ 77.6539385, 12.9130679 ], [ 77.6539781, 12.913338 ], [ 77.65399, 12.9136777 ], [ 77.6539759, 12.9140365 ], [ 77.6540098, 12.9142218 ], [ 77.6541721, 12.9145615 ], [ 77.6545008, 12.9151558 ], [ 77.6545681, 12.9160782 ], [ 77.6545404, 12.9162365 ], [ 77.654477, 12.916688 ], [ 77.6544453, 12.9169852 ], [ 77.6544928, 12.9172824 ], [ 77.654648, 12.9180386 ], [ 77.6547146, 12.918363 ], [ 77.6547977, 12.9189805 ], [ 77.6548215, 12.9195864 ], [ 77.6548651, 12.9198296 ], [ 77.6549799, 12.9203892 ], [ 77.654990136967939, 12.920485868076947 ] ] } },
{ "type": "Feature", "properties": { "full_id": "w1103085979", "osm_id": "1103085979", "osm_type": "way", "highway": "track" }, "geometry": { "type": "LineString", "coordinates": [ [ 77.654648, 12.9180386 ], [ 77.6547141, 12.918068 ], [ 77.6548244, 12.9180915 ], [ 77.654945, 12.9180748 ], [ 77.6552656, 12.9179269 ], [ 77.6554276, 12.9178631 ], [ 77.6556482, 12.9177858 ], [ 77.6557086, 12.9177555 ], [ 77.6557689, 12.9177253 ], [ 77.6560102, 12.9176749 ], [ 77.6562859, 12.9175741 ], [ 77.6565789, 12.9175036 ], [ 77.6568133, 12.9175002 ], [ 77.6571615, 12.917517 ], [ 77.6574476, 12.9175069 ], [ 77.6576992, 12.9174532 ], [ 77.6579691, 12.9173693 ] ] } },
{ "type": "Feature", "properties": { "full_id": "w1103085980", "osm_id": "1103085980", "osm_type": "way", "highway": "track" }, "geometry": { "type": "LineString", "coordinates": [ [ 77.6557086, 12.9177555 ], [ 77.6554862, 12.9176077 ], [ 77.6553552, 12.9174599 ], [ 77.6552139, 12.9172986 ], [ 77.6550588, 12.9170668 ], [ 77.6550036, 12.916882 ], [ 77.6549795, 12.9167375 ], [ 77.6549967, 12.9164688 ], [ 77.6550071, 12.9162672 ], [ 77.6549933, 12.9161193 ], [ 77.6549623, 12.9160185 ], [ 77.654945, 12.915911 ], [ 77.6549347, 12.91578 ], [ 77.6549554, 12.915612 ], [ 77.6549657, 12.9154104 ], [ 77.6549485, 12.9152727 ], [ 77.6549209, 12.9152223 ], [ 77.6548657, 12.9151987 ], [ 77.6547712, 12.9151793 ], [ 77.6547347, 12.9151719 ], [ 77.6545008, 12.9151558 ] ] } },
{ "type": "Feature", "properties": { "full_id": "w1103085981", "osm_id": "1103085981", "osm_type": "way", "highway": "track" }, "geometry": { "type": "LineString", "coordinates": [ [ 77.6547712, 12.9151793 ], [ 77.6548278, 12.9148728 ], [ 77.6548382, 12.914174 ], [ 77.6548209, 12.9140732 ], [ 77.6547899, 12.9140161 ], [ 77.6547313, 12.9139825 ], [ 77.654652, 12.9139422 ], [ 77.6545831, 12.9138682 ], [ 77.6545245, 12.9137775 ], [ 77.6545038, 12.9136162 ], [ 77.6544176, 12.9134113 ], [ 77.6543556, 12.9132567 ], [ 77.6542832, 12.913166 ], [ 77.6541694, 12.9131022 ], [ 77.6539385, 12.9130679 ] ] } },
{ "type": "Feature", "properties": { "full_id": "w1103085982", "osm_id": "1103085982", "osm_type": "way", "highway": "track" }, "geometry": { "type": "LineString", "coordinates": [ [ 77.6543556, 12.9132567 ], [ 77.6545348, 12.9127796 ], [ 77.6545619, 12.912718 ], [ 77.6546486, 12.9125209 ], [ 77.6547623, 12.9123765 ], [ 77.6548864, 12.9122958 ], [ 77.6550588, 12.9122085 ], [ 77.6551863, 12.9121715 ], [ 77.6552553, 12.9121413 ], [ 77.6552759, 12.9120976 ], [ 77.655238, 12.9120102 ], [ 77.6551656, 12.911943 ], [ 77.655076, 12.9118825 ], [ 77.6544969, 12.9117784 ], [ 77.6543728, 12.9116742 ], [ 77.6542142, 12.9115062 ], [ 77.6541293, 12.9114579 ] ] } },
{ "type": "Feature", "properties": { "full_id": "w1103085985", "osm_id": "1103085985", "osm_type": "way", "highway": "track" }, "geometry": { "type": "MultiLineString", "coordinates": [ [ [ 77.655076, 12.9118825 ], [ 77.6552828, 12.9117818 ], [ 77.6554379, 12.9117246 ], [ 77.655562, 12.9117045 ], [ 77.6556482, 12.911644 ], [ 77.6557826, 12.9115768 ], [ 77.6559481, 12.9115634 ], [ 77.6561377, 12.91156 ], [ 77.6564169, 12.9114794 ], [ 77.6566479, 12.9114054 ], [ 77.6568443, 12.9112576 ], [ 77.6569098, 12.9112139 ], [ 77.6569617804617, 12.911226581223749 ] ], [ [ 77.657121131578165, 12.911449169530279 ], [ 77.657127, 12.9114659 ], [ 77.6572683, 12.911859 ], [ 77.6573338, 12.9119968 ], [ 77.6574372, 12.9121782 ], [ 77.6574889, 12.912316 ], [ 77.6575269, 12.9125579 ], [ 77.6575338, 12.912783 ], [ 77.6575579, 12.9129006 ], [ 77.6576234, 12.9130014 ], [ 77.6577061, 12.9130921 ], [ 77.6577509, 12.9132265 ], [ 77.657775, 12.913455 ], [ 77.6579819, 12.9139254 ], [ 77.6581197, 12.9143991 ], [ 77.6581542, 12.9147183 ], [ 77.658137, 12.9150711 ], [ 77.6581404, 12.9151887 ], [ 77.6581749, 12.9153399 ], [ 77.6581937, 12.9155594 ], [ 77.6581658, 12.9156884 ], [ 77.6581476, 12.915855 ], [ 77.6581256, 12.9160465 ], [ 77.6581461, 12.9162267 ], [ 77.6582011, 12.9163384 ] ] ] } },
{ "type": "Feature", "properties": { "full_id": "w1103085986", "osm_id": "1103085986", "osm_type": "way", "highway": "track" }, "geometry": { "type": "LineString", "coordinates": [ [ 77.6569098, 12.9112139 ], [ 77.6567743, 12.9110617 ], [ 77.6566833, 12.910861 ], [ 77.6565526, 12.910506 ], [ 77.6565011, 12.9102783 ], [ 77.6565209, 12.9100428 ], [ 77.656524854445195, 12.909703212018014 ] ] } },
{ "type": "Feature", "properties": { "full_id": "w1103085987", "osm_id": "1103085987", "osm_type": "way", "highway": "track" }, "geometry": { "type": "LineString", "coordinates": [ [ 77.6536852, 12.9073657 ], [ 77.6540026, 12.907345 ], [ 77.6542877, 12.9073257 ], [ 77.6543986, 12.9072871 ], [ 77.6545332, 12.9072138 ], [ 77.6546678, 12.907152 ], [ 77.6547668, 12.9071327 ], [ 77.6548539, 12.9071559 ], [ 77.655044, 12.9072485 ], [ 77.6553211, 12.9073527 ], [ 77.6557488, 12.9074685 ], [ 77.655892111651227, 12.907497115674255 ] ] } },
{ "type": "Feature", "properties": { "full_id": "w1103087810", "osm_id": "1103087810", "osm_type": "way", "highway": "residential" }, "geometry": { "type": "LineString", "coordinates": [ [ 77.6525937, 12.9157797 ], [ 77.6518855, 12.9157676 ], [ 77.6519407, 12.9147677 ] ] } },
{ "type": "Feature", "properties": { "full_id": "w1103087811", "osm_id": "1103087811", "osm_type": "way", "highway": "residential" }, "geometry": { "type": "LineString", "coordinates": [ [ 77.6526045, 12.9150688 ], [ 77.6538178, 12.9151085 ] ] } },
{ "type": "Feature", "properties": { "full_id": "w1103087812", "osm_id": "1103087812", "osm_type": "way", "highway": "footway" }, "geometry": { "type": "LineString", "coordinates": [ [ 77.6519486, 12.9143345 ], [ 77.6520416, 12.9143359 ], [ 77.6522149, 12.9143384 ] ] } },
{ "type": "Feature", "properties": { "full_id": "w1103087813", "osm_id": "1103087813", "osm_type": "way", "highway": "footway" }, "geometry": { "type": "LineString", "coordinates": [ [ 77.6519432, 12.9146817 ], [ 77.6522095, 12.9146856 ] ] } },
{ "type": "Feature", "properties": { "full_id": "w1103087814", "osm_id": "1103087814", "osm_type": "way", "highway": "residential" }, "geometry": { "type": "LineString", "coordinates": [ [ 77.6537223, 12.9146993 ], [ 77.6535955, 12.9141616 ] ] } },
{ "type": "Feature", "properties": { "full_id": "w1103087815", "osm_id": "1103087815", "osm_type": "way", "highway": "service" }, "geometry": { "type": "LineString", "coordinates": [ [ 77.6521078, 12.9125471 ], [ 77.6521083, 12.9124791 ], [ 77.6521094, 12.9123406 ], [ 77.6521118, 12.9120374 ], [ 77.6520325, 12.9119978 ], [ 77.6520072, 12.9119676 ], [ 77.6519948, 12.9119031 ], [ 77.6520006, 12.9114615 ], [ 77.653427, 12.9114767 ], [ 77.6534188, 12.9123762 ], [ 77.6533985, 12.912398 ], [ 77.6533517, 12.9124198 ], [ 77.6521094, 12.9123406 ] ] } },
{ "type": "Feature", "properties": { "full_id": "w1103087816", "osm_id": "1103087816", "osm_type": "way", "highway": "service" }, "geometry": { "type": "LineString", "coordinates": [ [ 77.6521094, 12.9123406 ], [ 77.6520244, 12.9123386 ], [ 77.6520325, 12.9119978 ] ] } },
{ "type": "Feature", "properties": { "full_id": "w1103087817", "osm_id": "1103087817", "osm_type": "way", "highway": "service" }, "geometry": { "type": "LineString", "coordinates": [ [ 77.6533985, 12.912398 ], [ 77.653503, 12.9124031 ], [ 77.6535447, 12.9124014 ] ] } },
{ "type": "Feature", "properties": { "full_id": "w1103087818", "osm_id": "1103087818", "osm_type": "way", "highway": "footway" }, "geometry": { "type": "LineString", "coordinates": [ [ 77.6511182, 12.9093467 ], [ 77.6510988, 12.9087085 ], [ 77.6512775, 12.9087034 ], [ 77.6512793, 12.9087482 ], [ 77.6513832, 12.908743 ] ] } },
{ "type": "Feature", "properties": { "full_id": "w1103087819", "osm_id": "1103087819", "osm_type": "way", "highway": "footway" }, "geometry": { "type": "LineString", "coordinates": [ [ 77.6511182, 12.9093467 ], [ 77.6512775, 12.909345 ], [ 77.6512793, 12.9087482 ] ] } },
{ "type": "Feature", "properties": { "full_id": "w1103087821", "osm_id": "1103087821", "osm_type": "way", "highway": "residential" }, "geometry": { "type": "LineString", "coordinates": [ [ 77.649858, 12.9076924 ], [ 77.6498565, 12.9079768 ] ] } },
{ "type": "Feature", "properties": { "full_id": "w1103087822", "osm_id": "1103087822", "osm_type": "way", "highway": "residential" }, "geometry": { "type": "LineString", "coordinates": [ [ 77.6491167, 12.9074685 ], [ 77.6503262, 12.9074092 ] ] } },
{ "type": "Feature", "properties": { "full_id": "w1103087823", "osm_id": "1103087823", "osm_type": "way", "highway": "footway" }, "geometry": { "type": "LineString", "coordinates": [ [ 77.6473613, 12.907802 ], [ 77.647342, 12.9077172 ], [ 77.6473391, 12.9077048 ], [ 77.6472772, 12.9073753 ], [ 77.6472523, 12.9070382 ] ] } },
{ "type": "Feature", "properties": { "full_id": "w1103087824", "osm_id": "1103087824", "osm_type": "way", "highway": "footway" }, "geometry": { "type": "LineString", "coordinates": [ [ 77.6471074, 12.907744 ], [ 77.647342, 12.9077172 ], [ 77.6475234, 12.9076975 ], [ 77.6474848, 12.9073533 ], [ 77.6474464, 12.9070097 ] ] } },
{ "type": "Feature", "properties": { "full_id": "w1103087825", "osm_id": "1103087825", "osm_type": "way", "highway": "footway" }, "geometry": { "type": "LineString", "coordinates": [ [ 77.6474848, 12.9073533 ], [ 77.6472772, 12.9073753 ], [ 77.6470782, 12.9073971 ] ] } },
{ "type": "Feature", "properties": { "full_id": "w1103087826", "osm_id": "1103087826", "osm_type": "way", "highway": "residential" }, "geometry": { "type": "LineString", "coordinates": [ [ 77.6466261, 12.9070011 ], [ 77.6465951, 12.9066414 ], [ 77.6461635, 12.9067092 ], [ 77.645602, 12.9067674 ] ] } },
{ "type": "Feature", "properties": { "full_id": "w1103089110", "osm_id": "1103089110", "osm_type": "way", "highway": "residential" }, "geometry": { "type": "LineString", "coordinates": [ [ 77.6453899, 12.9059696 ], [ 77.6455073, 12.9062297 ] ] } },
{ "type": "Feature", "properties": { "full_id": "w1103089111", "osm_id": "1103089111", "osm_type": "way", "highway": "residential" }, "geometry": { "type": "LineString", "coordinates": [ [ 77.6456544, 12.9058538 ], [ 77.6457602, 12.9061 ] ] } },
{ "type": "Feature", "properties": { "full_id": "w1103089112", "osm_id": "1103089112", "osm_type": "way", "highway": "residential" }, "geometry": { "type": "LineString", "coordinates": [ [ 77.6459682, 12.905713 ], [ 77.6460812, 12.9059726 ] ] } },
{ "type": "Feature", "properties": { "full_id": "w1103089113", "osm_id": "1103089113", "osm_type": "way", "highway": "residential" }, "geometry": { "type": "LineString", "coordinates": [ [ 77.6462683, 12.9055729 ], [ 77.6463694, 12.9058262 ] ] } },
{ "type": "Feature", "properties": { "full_id": "w1103089114", "osm_id": "1103089114", "osm_type": "way", "highway": "residential" }, "geometry": { "type": "LineString", "coordinates": [ [ 77.6465597, 12.9054476 ], [ 77.6466178, 12.9057126 ] ] } },
{ "type": "Feature", "properties": { "full_id": "w1103089115", "osm_id": "1103089115", "osm_type": "way", "highway": "residential" }, "geometry": { "type": "LineString", "coordinates": [ [ 77.6469194, 12.9054002 ], [ 77.6469446, 12.9056589 ] ] } },
{ "type": "Feature", "properties": { "full_id": "w1103089116", "osm_id": "1103089116", "osm_type": "way", "highway": "residential" }, "geometry": { "type": "LineString", "coordinates": [ [ 77.6473164, 12.9053592 ], [ 77.6473294, 12.9055726 ] ] } },
{ "type": "Feature", "properties": { "full_id": "w1103089117", "osm_id": "1103089117", "osm_type": "way", "highway": "residential" }, "geometry": { "type": "LineString", "coordinates": [ [ 77.6476917, 12.9049931 ], [ 77.6477486, 12.9053092 ], [ 77.647781, 12.9055843 ] ] } },
{ "type": "Feature", "properties": { "full_id": "w1103089119", "osm_id": "1103089119", "osm_type": "way", "highway": "residential" }, "geometry": { "type": "LineString", "coordinates": [ [ 77.6481181, 12.9052527 ], [ 77.6480907, 12.9049785 ] ] } },
{ "type": "Feature", "properties": { "full_id": "w1103089120", "osm_id": "1103089120", "osm_type": "way", "highway": "residential" }, "geometry": { "type": "LineString", "coordinates": [ [ 77.6485017, 12.9049592 ], [ 77.6485307, 12.9051964 ], [ 77.648566, 12.9054846 ] ] } },
{ "type": "Feature", "properties": { "full_id": "w1103089122", "osm_id": "1103089122", "osm_type": "way", "highway": "residential" }, "geometry": { "type": "LineString", "coordinates": [ [ 77.6477216, 12.9040485 ], [ 77.6477666, 12.9049022 ] ] } },
{ "type": "Feature", "properties": { "full_id": "w1103089123", "osm_id": "1103089123", "osm_type": "way", "highway": "service" }, "geometry": { "type": "LineString", "coordinates": [ [ 77.6478731, 12.9040435 ], [ 77.6478727, 12.903968 ], [ 77.647872410728567, 12.90391277140859 ] ] } },
{ "type": "Feature", "properties": { "full_id": "w1103089124", "osm_id": "1103089124", "osm_type": "way", "highway": "residential" }, "geometry": { "type": "LineString", "coordinates": [ [ 77.6465522, 12.904292 ], [ 77.646554530488956, 12.904259265261564 ] ] } },
{ "type": "Feature", "properties": { "full_id": "w1103089126", "osm_id": "1103089126", "osm_type": "way", "highway": "residential" }, "geometry": { "type": "LineString", "coordinates": [ [ 77.6469355, 12.9041966 ], [ 77.646935670323799, 12.90419415477662 ] ] } },
{ "type": "Feature", "properties": { "full_id": "w1103093303", "osm_id": "1103093303", "osm_type": "way", "highway": "residential" }, "geometry": { "type": "LineString", "coordinates": [ [ 77.6394293, 12.9072476 ], [ 77.6391055, 12.9072658 ] ] } },
{ "type": "Feature", "properties": { "full_id": "w1103093304", "osm_id": "1103093304", "osm_type": "way", "highway": "footway" }, "geometry": { "type": "LineString", "coordinates": [ [ 77.6405222, 12.9078431 ], [ 77.6405184, 12.9077988 ], [ 77.6405121, 12.907727 ], [ 77.6404996, 12.9075572 ], [ 77.6404818, 12.9073637 ], [ 77.6407516, 12.9073421 ], [ 77.6407603, 12.9075399 ], [ 77.6407691, 12.9077195 ], [ 77.6405121, 12.907727 ] ] } },
{ "type": "Feature", "properties": { "full_id": "w1103093305", "osm_id": "1103093305", "osm_type": "way", "highway": "footway" }, "geometry": { "type": "LineString", "coordinates": [ [ 77.6405121, 12.907727 ], [ 77.6402578, 12.9077343 ], [ 77.6402478, 12.9075752 ], [ 77.6402372, 12.9074006 ], [ 77.6402554, 12.9073945 ], [ 77.6402635, 12.9073811 ], [ 77.6404818, 12.9073637 ] ] } },
{ "type": "Feature", "properties": { "full_id": "w1103093306", "osm_id": "1103093306", "osm_type": "way", "highway": "footway" }, "geometry": { "type": "LineString", "coordinates": [ [ 77.6402478, 12.9075752 ], [ 77.6404996, 12.9075572 ], [ 77.6407603, 12.9075399 ], [ 77.6408159, 12.9075362 ], [ 77.6408963, 12.9075308 ] ] } },
{ "type": "Feature", "properties": { "full_id": "w1103093307", "osm_id": "1103093307", "osm_type": "way", "highway": "footway" }, "geometry": { "type": "LineString", "coordinates": [ [ 77.6402683, 12.9082024 ], [ 77.6402602, 12.9080808 ], [ 77.6402519, 12.9079555 ], [ 77.6405134, 12.9079405 ], [ 77.640789, 12.9079247 ], [ 77.6407948, 12.9080556 ], [ 77.6409254, 12.9080488 ] ] } },
{ "type": "Feature", "properties": { "full_id": "w1103093308", "osm_id": "1103093308", "osm_type": "way", "highway": "footway" }, "geometry": { "type": "LineString", "coordinates": [ [ 77.6402683, 12.9082024 ], [ 77.6405263, 12.9081902 ], [ 77.640796, 12.9081774 ], [ 77.6407948, 12.9080556 ] ] } },
{ "type": "Feature", "properties": { "full_id": "w1103093309", "osm_id": "1103093309", "osm_type": "way", "highway": "footway" }, "geometry": { "type": "LineString", "coordinates": [ [ 77.6405263, 12.9081902 ], [ 77.6405199, 12.9080661 ], [ 77.6405134, 12.9079405 ] ] } },
{ "type": "Feature", "properties": { "full_id": "w1103093310", "osm_id": "1103093310", "osm_type": "way", "highway": "footway" }, "geometry": { "type": "LineString", "coordinates": [ [ 77.6402602, 12.9080808 ], [ 77.6405199, 12.9080661 ], [ 77.6407948, 12.9080556 ] ] } },
{ "type": "Feature", "properties": { "full_id": "w1103093311", "osm_id": "1103093311", "osm_type": "way", "highway": "residential" }, "geometry": { "type": "LineString", "coordinates": [ [ 77.6394713, 12.9086454 ], [ 77.6392248, 12.9086596 ] ] } },
{ "type": "Feature", "properties": { "full_id": "w1103093312", "osm_id": "1103093312", "osm_type": "way", "highway": "residential" }, "geometry": { "type": "LineString", "coordinates": [ [ 77.6394915, 12.9089154 ], [ 77.6392637, 12.9089315 ] ] } },
{ "type": "Feature", "properties": { "full_id": "w1103093313", "osm_id": "1103093313", "osm_type": "way", "highway": "footway" }, "geometry": { "type": "LineString", "coordinates": [ [ 77.6497301, 12.9046086 ], [ 77.6503041, 12.9045812 ], [ 77.6502579, 12.9044295 ], [ 77.6501901, 12.9043079 ], [ 77.6501408, 12.9042569 ], [ 77.6499837, 12.9042043 ], [ 77.6497726, 12.9041367 ], [ 77.6497145, 12.9041347 ] ] } },
{ "type": "Feature", "properties": { "full_id": "w1103093314", "osm_id": "1103093314", "osm_type": "way", "highway": "footway" }, "geometry": { "type": "LineString", "coordinates": [ [ 77.6497241, 12.9044267 ], [ 77.6502579, 12.9044295 ] ] } },
{ "type": "Feature", "properties": { "full_id": "w1103093315", "osm_id": "1103093315", "osm_type": "way", "highway": "footway" }, "geometry": { "type": "LineString", "coordinates": [ [ 77.6503119, 12.9046408 ], [ 77.6503041, 12.9045812 ] ] } },
{ "type": "Feature", "properties": { "full_id": "w1103093316", "osm_id": "1103093316", "osm_type": "way", "highway": "service" }, "geometry": { "type": "LineString", "coordinates": [ [ 77.6498265, 12.9056909 ], [ 77.6497988, 12.9053575 ], [ 77.6501827, 12.9053371 ], [ 77.650204, 12.905669 ], [ 77.650209, 12.9057211 ], [ 77.6502133, 12.9057504 ] ] } },
{ "type": "Feature", "properties": { "full_id": "w1103093317", "osm_id": "1103093317", "osm_type": "way", "highway": "service" }, "geometry": { "type": "LineString", "coordinates": [ [ 77.6498265, 12.9056909 ], [ 77.650204, 12.905669 ] ] } },
{ "type": "Feature", "properties": { "full_id": "w1103093318", "osm_id": "1103093318", "osm_type": "way", "highway": "residential" }, "geometry": { "type": "LineString", "coordinates": [ [ 77.6451794, 12.9049523 ], [ 77.6452702, 12.9049283 ] ] } },
{ "type": "Feature", "properties": { "full_id": "w1103093319", "osm_id": "1103093319", "osm_type": "way", "highway": "footway" }, "geometry": { "type": "LineString", "coordinates": [ [ 77.6401125, 12.9104414 ], [ 77.640115, 12.9103736 ], [ 77.6401171, 12.910317 ] ] } },
{ "type": "Feature", "properties": { "full_id": "w1103093320", "osm_id": "1103093320", "osm_type": "way", "highway": "footway" }, "geometry": { "type": "LineString", "coordinates": [ [ 77.6415607, 12.911416 ], [ 77.6416102, 12.9114157 ], [ 77.6416964, 12.9114151 ] ] } },
{ "type": "Feature", "properties": { "full_id": "w1103093321", "osm_id": "1103093321", "osm_type": "way", "highway": "footway" }, "geometry": { "type": "LineString", "coordinates": [ [ 77.6426513, 12.913885 ], [ 77.6426456, 12.9138263 ], [ 77.6426366, 12.9137326 ], [ 77.642618, 12.913539 ], [ 77.6425969, 12.9133203 ] ] } },
{ "type": "Feature", "properties": { "full_id": "w1103093322", "osm_id": "1103093322", "osm_type": "way", "highway": "footway" }, "geometry": { "type": "LineString", "coordinates": [ [ 77.642328, 12.9137791 ], [ 77.6426366, 12.9137326 ], [ 77.6430004, 12.9136738 ], [ 77.6429813, 12.9135067 ], [ 77.6429579, 12.913303 ], [ 77.6425969, 12.9133203 ] ] } },
{ "type": "Feature", "properties": { "full_id": "w1103093323", "osm_id": "1103093323", "osm_type": "way", "highway": "footway" }, "geometry": { "type": "LineString", "coordinates": [ [ 77.642328, 12.9137791 ], [ 77.6423021, 12.9135722 ], [ 77.6422731, 12.9133409 ], [ 77.6425969, 12.9133203 ] ] } },
{ "type": "Feature", "properties": { "full_id": "w1103093324", "osm_id": "1103093324", "osm_type": "way", "highway": "footway" }, "geometry": { "type": "LineString", "coordinates": [ [ 77.6423021, 12.9135722 ], [ 77.642618, 12.913539 ], [ 77.6429813, 12.9135067 ] ] } },
{ "type": "Feature", "properties": { "full_id": "w1103093325", "osm_id": "1103093325", "osm_type": "way", "highway": "residential" }, "geometry": { "type": "LineString", "coordinates": [ [ 77.6461539, 12.9129974 ], [ 77.6456351, 12.9129974 ] ] } },
{ "type": "Feature", "properties": { "full_id": "w1103093326", "osm_id": "1103093326", "osm_type": "way", "highway": "residential" }, "geometry": { "type": "LineString", "coordinates": [ [ 77.6464966, 12.9149108 ], [ 77.6464863, 12.9145074 ] ] } },
{ "type": "Feature", "properties": { "full_id": "w1103093327", "osm_id": "1103093327", "osm_type": "way", "highway": "residential" }, "geometry": { "type": "LineString", "coordinates": [ [ 77.6506449, 12.9124994 ], [ 77.6506042, 12.9132665 ] ] } },
{ "type": "Feature", "properties": { "full_id": "w1103095661", "osm_id": "1103095661", "osm_type": "way", "highway": "service" }, "geometry": { "type": "LineString", "coordinates": [ [ 77.642376, 12.9162936 ], [ 77.6424063, 12.9162909 ], [ 77.6424571, 12.9162864 ], [ 77.6432604, 12.9162149 ], [ 77.6433372, 12.916208 ], [ 77.6433808, 12.9162041 ] ] } },
{ "type": "Feature", "properties": { "full_id": "w1103095662", "osm_id": "1103095662", "osm_type": "way", "highway": "service" }, "geometry": { "type": "LineString", "coordinates": [ [ 77.6424571, 12.9162864 ], [ 77.6424227, 12.9156536 ], [ 77.6432297, 12.9155823 ], [ 77.6432449, 12.9158951 ], [ 77.6432604, 12.9162149 ] ] } },
{ "type": "Feature", "properties": { "full_id": "w1103095663", "osm_id": "1103095663", "osm_type": "way", "highway": "service" }, "geometry": { "type": "LineString", "coordinates": [ [ 77.6432449, 12.9158951 ], [ 77.6433052, 12.9158913 ], [ 77.6433654, 12.9158876 ] ] } },
{ "type": "Feature", "properties": { "full_id": "w1103095664", "osm_id": "1103095664", "osm_type": "way", "highway": "footway" }, "geometry": { "type": "LineString", "coordinates": [ [ 77.6393411, 12.9156372 ], [ 77.6396024, 12.9156377 ], [ 77.6396329, 12.9151998 ], [ 77.6393199, 12.9152068 ], [ 77.638977, 12.9152145 ] ] } },
{ "type": "Feature", "properties": { "full_id": "w1103095665", "osm_id": "1103095665", "osm_type": "way", "highway": "footway" }, "geometry": { "type": "LineString", "coordinates": [ [ 77.6392975, 12.9156372 ], [ 77.6393199, 12.9152068 ] ] } },
{ "type": "Feature", "properties": { "full_id": "w1103095666", "osm_id": "1103095666", "osm_type": "way", "highway": "service" }, "geometry": { "type": "LineString", "coordinates": [ [ 77.6472925, 12.9114258 ], [ 77.6471902, 12.9113597 ], [ 77.6471516, 12.9113005 ], [ 77.6471552, 12.9112004 ], [ 77.6471782, 12.911092 ], [ 77.6472171, 12.9110669 ] ] } },
{ "type": "Feature", "properties": { "full_id": "w1103095667", "osm_id": "1103095667", "osm_type": "way", "highway": "service" }, "geometry": { "type": "LineString", "coordinates": [ [ 77.6470738, 12.9116263 ], [ 77.647011, 12.9116207 ], [ 77.6468913, 12.9116101 ], [ 77.6468574, 12.9115406 ], [ 77.6468318, 12.9114803 ], [ 77.6468142, 12.9114223 ], [ 77.6468271, 12.9113529 ], [ 77.6468621, 12.9113389 ] ] } },
{ "type": "Feature", "properties": { "full_id": "w1103095668", "osm_id": "1103095668", "osm_type": "way", "highway": "service" }, "geometry": { "type": "LineString", "coordinates": [ [ 77.6478394, 12.911059 ], [ 77.6478447, 12.9109872 ], [ 77.6478499, 12.9109154 ] ] } },
{ "type": "Feature", "properties": { "full_id": "w1105437335", "osm_id": "1105437335", "osm_type": "way", "highway": "secondary" }, "geometry": { "type": "LineString", "coordinates": [ [ 77.6447712, 12.9151 ], [ 77.6447685, 12.9150343 ], [ 77.6446686, 12.9136013 ] ] } },
{ "type": "Feature", "properties": { "full_id": "w1105437336", "osm_id": "1105437336", "osm_type": "way", "highway": "secondary" }, "geometry": { "type": "LineString", "coordinates": [ [ 77.6447737, 12.9151585 ], [ 77.6447712, 12.9151 ] ] } },
{ "type": "Feature", "properties": { "full_id": "w1108911115", "osm_id": "1108911115", "osm_type": "way", "highway": "residential" }, "geometry": { "type": "LineString", "coordinates": [ [ 77.652597, 12.8988391 ], [ 77.6527418, 12.8988038 ], [ 77.6528869, 12.8987645 ], [ 77.6530352, 12.8987243 ], [ 77.6536296, 12.8985846 ], [ 77.6538331, 12.8985497 ] ] } },
{ "type": "Feature", "properties": { "full_id": "w1108911116", "osm_id": "1108911116", "osm_type": "way", "highway": "residential" }, "geometry": { "type": "LineString", "coordinates": [ [ 77.6524535, 12.8981574 ], [ 77.6525104, 12.8984278 ], [ 77.6525462, 12.8985976 ], [ 77.652597, 12.8988391 ] ] } },
{ "type": "Feature", "properties": { "full_id": "w1108965758", "osm_id": "1108965758", "osm_type": "way", "highway": "secondary" }, "geometry": { "type": "LineString", "coordinates": [ [ 77.6518944, 12.9119916 ], [ 77.6518279, 12.911987 ] ] } },
{ "type": "Feature", "properties": { "full_id": "w1108965759", "osm_id": "1108965759", "osm_type": "way", "highway": "secondary" }, "geometry": { "type": "LineString", "coordinates": [ [ 77.6506473, 12.9119548 ], [ 77.6505818, 12.9119536 ] ] } },
{ "type": "Feature", "properties": { "full_id": "w1109938621", "osm_id": "1109938621", "osm_type": "way", "highway": "footway" }, "geometry": { "type": "LineString", "coordinates": [ [ 77.6643171, 12.9210013 ], [ 77.6646428, 12.9209117 ], [ 77.6649695, 12.9209132 ], [ 77.665117198122218, 12.920935583707669 ] ] } },
{ "type": "Feature", "properties": { "full_id": "w1109945658", "osm_id": "1109945658", "osm_type": "way", "highway": "tertiary" }, "geometry": { "type": "LineString", "coordinates": [ [ 77.6451242, 12.9090699 ], [ 77.6445516, 12.9091016 ] ] } },
{ "type": "Feature", "properties": { "full_id": "w1109948513", "osm_id": "1109948513", "osm_type": "way", "highway": "trunk" }, "geometry": { "type": "LineString", "coordinates": [ [ 77.62293779800315, 12.917345809494689 ], [ 77.6229515, 12.9172887 ] ] } },
{ "type": "Feature", "properties": { "full_id": "w1109948700", "osm_id": "1109948700", "osm_type": "way", "highway": "trunk_link" }, "geometry": { "type": "LineString", "coordinates": [ [ 77.6229515, 12.9172887 ], [ 77.6230347, 12.9172151 ], [ 77.623375, 12.9164764 ], [ 77.623439, 12.9163628 ], [ 77.6234858, 12.9162914 ] ] } },
{ "type": "Feature", "properties": { "full_id": "w1109948890", "osm_id": "1109948890", "osm_type": "way", "highway": "trunk" }, "geometry": { "type": "LineString", "coordinates": [ [ 77.6233051, 12.9173496 ], [ 77.6231104, 12.9173081 ], [ 77.6229515, 12.9172887 ] ] } },
{ "type": "Feature", "properties": { "full_id": "w1110162822", "osm_id": "1110162822", "osm_type": "way", "highway": "construction" }, "geometry": { "type": "LineString", "coordinates": [ [ 77.6384592, 12.916007 ], [ 77.6385932, 12.9160431 ] ] } },
{ "type": "Feature", "properties": { "full_id": "w1110163659", "osm_id": "1110163659", "osm_type": "way", "highway": "secondary" }, "geometry": { "type": "LineString", "coordinates": [ [ 77.6381505, 12.9155442 ], [ 77.6381569, 12.9157274 ], [ 77.6381576, 12.915747 ] ] } },
{ "type": "Feature", "properties": { "full_id": "w1110163861", "osm_id": "1110163861", "osm_type": "way", "highway": "tertiary" }, "geometry": { "type": "LineString", "coordinates": [ [ 77.6382588, 12.9161262 ], [ 77.638348, 12.9161381 ], [ 77.6384121, 12.9161467 ], [ 77.6386036, 12.9161903 ], [ 77.6389516, 12.9162976 ], [ 77.6390023, 12.9163155 ], [ 77.6392989, 12.9164281 ], [ 77.6394692, 12.9164895 ], [ 77.6398279, 12.9166706 ], [ 77.6399466, 12.916748 ], [ 77.6401377, 12.9168879 ], [ 77.6405214, 12.9172106 ], [ 77.6407077, 12.9173647 ] ] } },
{ "type": "Feature", "properties": { "full_id": "w1110163862", "osm_id": "1110163862", "osm_type": "way", "highway": "tertiary" }, "geometry": { "type": "LineString", "coordinates": [ [ 77.6407077, 12.9173647 ], [ 77.6408327, 12.9174775 ], [ 77.6409333, 12.917581 ], [ 77.6409999, 12.9176479 ], [ 77.6415501, 12.9182004 ], [ 77.6418936, 12.9185849 ], [ 77.6421473, 12.9189034 ], [ 77.6423898, 12.9192258 ], [ 77.6423945, 12.9192322 ], [ 77.6430228, 12.9200632 ] ] } },
{ "type": "Feature", "properties": { "full_id": "w1110163863", "osm_id": "1110163863", "osm_type": "way", "highway": "tertiary" }, "geometry": { "type": "LineString", "coordinates": [ [ 77.6430228, 12.9200632 ], [ 77.643097, 12.9201354 ], [ 77.6434358, 12.9205583 ], [ 77.6440755, 12.9213201 ] ] } },
{ "type": "Feature", "properties": { "full_id": "w1110164238", "osm_id": "1110164238", "osm_type": "way", "highway": "tertiary" }, "geometry": { "type": "LineString", "coordinates": [ [ 77.6242922, 12.9174544 ], [ 77.623901, 12.917403 ], [ 77.6238123, 12.9173827 ], [ 77.6237354, 12.9173475 ], [ 77.6237122, 12.9173256 ], [ 77.6236899, 12.9173062 ] ] } },
{ "type": "Feature", "properties": { "full_id": "w1110166138", "osm_id": "1110166138", "osm_type": "way", "highway": "secondary" }, "geometry": { "type": "LineString", "coordinates": [ [ 77.6446647, 12.9121747 ], [ 77.6446635, 12.9120626 ] ] } },
{ "type": "Feature", "properties": { "full_id": "w1110166139", "osm_id": "1110166139", "osm_type": "way", "highway": "secondary" }, "geometry": { "type": "LineString", "coordinates": [ [ 77.6447995, 12.9121029 ], [ 77.6447555, 12.9120923 ], [ 77.6447092, 12.9120744 ], [ 77.6446635, 12.9120626 ] ] } },
{ "type": "Feature", "properties": { "full_id": "w1110166140", "osm_id": "1110166140", "osm_type": "way", "highway": "secondary" }, "geometry": { "type": "LineString", "coordinates": [ [ 77.6446635, 12.9120626 ], [ 77.6446599, 12.9119319 ], [ 77.644659, 12.9118959 ], [ 77.6446589, 12.9118121 ] ] } },
{ "type": "Feature", "properties": { "full_id": "w1111926703", "osm_id": "1111926703", "osm_type": "way", "highway": "residential" }, "geometry": { "type": "LineString", "coordinates": [ [ 77.6296681, 12.9104099 ], [ 77.6295114, 12.9103969 ], [ 77.629235, 12.9103448 ], [ 77.6286365, 12.9102249 ] ] } },
{ "type": "Feature", "properties": { "full_id": "w1112911162", "osm_id": "1112911162", "osm_type": "way", "highway": "service" }, "geometry": { "type": "LineString", "coordinates": [ [ 77.6638162, 12.9239408 ], [ 77.6636336, 12.9242403 ] ] } },
{ "type": "Feature", "properties": { "full_id": "w1112911552", "osm_id": "1112911552", "osm_type": "way", "highway": "residential" }, "geometry": { "type": "LineString", "coordinates": [ [ 77.6666629, 12.9251332 ], [ 77.666417, 12.9251152 ], [ 77.6663976, 12.9251138 ], [ 77.6665949, 12.9248335 ], [ 77.6666946, 12.9248373 ], [ 77.6666852, 12.9249636 ], [ 77.6666629, 12.9251332 ] ] } },
{ "type": "Feature", "properties": { "full_id": "w1112912893", "osm_id": "1112912893", "osm_type": "way", "highway": "path" }, "geometry": { "type": "LineString", "coordinates": [ [ 77.6686405, 12.9266811 ], [ 77.6684825, 12.9266774 ] ] } },
{ "type": "Feature", "properties": { "full_id": "w1116430067", "osm_id": "1116430067", "osm_type": "way", "highway": "service" }, "geometry": { "type": "LineString", "coordinates": [ [ 77.6399452, 12.9236996 ], [ 77.640146, 12.9235827 ] ] } },
{ "type": "Feature", "properties": { "full_id": "w1116431560", "osm_id": "1116431560", "osm_type": "way", "highway": "residential" }, "geometry": { "type": "LineString", "coordinates": [ [ 77.6496931, 12.9219107 ], [ 77.6501394, 12.9218496 ] ] } },
{ "type": "Feature", "properties": { "full_id": "w1116733295", "osm_id": "1116733295", "osm_type": "way", "highway": "footway" }, "geometry": { "type": "LineString", "coordinates": [ [ 77.6448089, 12.9173327 ], [ 77.6448675, 12.9173309 ], [ 77.6449249, 12.9173295 ] ] } },
{ "type": "Feature", "properties": { "full_id": "w1116733297", "osm_id": "1116733297", "osm_type": "way", "highway": "residential" }, "geometry": { "type": "LineString", "coordinates": [ [ 77.6449686, 12.9190966 ], [ 77.6448656, 12.9191013 ], [ 77.6448246, 12.9191042 ], [ 77.6445228, 12.9191254 ], [ 77.6445057, 12.9191225 ], [ 77.6444947, 12.9191129 ], [ 77.6443902, 12.9188045 ], [ 77.6443919, 12.9187884 ], [ 77.6444057, 12.9187792 ], [ 77.644549, 12.9187736 ], [ 77.6445648, 12.9187756 ], [ 77.6445737, 12.918787 ], [ 77.6445767, 12.9188913 ], [ 77.6445834, 12.9189045 ], [ 77.6445959, 12.9189078 ], [ 77.6448137, 12.9189016 ], [ 77.6448614, 12.9189003 ], [ 77.6449581, 12.9188949 ] ] } },
{ "type": "Feature", "properties": { "full_id": "w1118421369", "osm_id": "1118421369", "osm_type": "way", "highway": "footway" }, "geometry": { "type": "LineString", "coordinates": [ [ 77.6300368, 12.9152821 ], [ 77.6300288, 12.9151594 ] ] } },
{ "type": "Feature", "properties": { "full_id": "w1118421375", "osm_id": "1118421375", "osm_type": "way", "highway": "footway" }, "geometry": { "type": "LineString", "coordinates": [ [ 77.6504372, 12.9125863 ], [ 77.6493939, 12.9125903 ] ] } },
{ "type": "Feature", "properties": { "full_id": "w1118421376", "osm_id": "1118421376", "osm_type": "way", "highway": "footway" }, "geometry": { "type": "LineString", "coordinates": [ [ 77.6493933, 12.9125084 ], [ 77.6493936, 12.9125544 ], [ 77.6493939, 12.9125903 ], [ 77.6493974, 12.9130911 ], [ 77.6504419, 12.9130818 ], [ 77.6504372, 12.9125863 ], [ 77.6504369, 12.91255 ], [ 77.6504364, 12.9125009 ] ] } },
{ "type": "Feature", "properties": { "full_id": "w1119284712", "osm_id": "1119284712", "osm_type": "way", "highway": "residential" }, "geometry": { "type": "LineString", "coordinates": [ [ 77.6539524, 12.8990147 ], [ 77.6546633, 12.8988803 ] ] } },
{ "type": "Feature", "properties": { "full_id": "w1124597754", "osm_id": "1124597754", "osm_type": "way", "highway": "service" }, "geometry": { "type": "LineString", "coordinates": [ [ 77.667881181344015, 12.924038273859988 ], [ 77.6678788, 12.9240744 ], [ 77.6674338, 12.9241013 ], [ 77.6672767, 12.9241182 ], [ 77.6671856, 12.9240652 ], [ 77.6671267, 12.9240326 ] ] } },
{ "type": "Feature", "properties": { "full_id": "w1124597755", "osm_id": "1124597755", "osm_type": "way", "highway": "service" }, "geometry": { "type": "LineString", "coordinates": [ [ 77.667482508083609, 12.923461591165607 ], [ 77.6674434, 12.9234601 ], [ 77.6674338, 12.9241013 ] ] } },
{ "type": "Feature", "properties": { "full_id": "w1133766068", "osm_id": "1133766068", "osm_type": "way", "highway": "primary" }, "geometry": { "type": "LineString", "coordinates": [ [ 77.649974, 12.9244696 ], [ 77.650261834941617, 12.924479662945519 ] ] } },
{ "type": "Feature", "properties": { "full_id": "w1152339355", "osm_id": "1152339355", "osm_type": "way", "highway": "steps" }, "geometry": { "type": "LineString", "coordinates": [ [ 77.6535025, 12.9115393 ], [ 77.6535861, 12.911522 ], [ 77.6536214, 12.9115215 ], [ 77.6536559, 12.9115551 ] ] } },
{ "type": "Feature", "properties": { "full_id": "w1157609914", "osm_id": "1157609914", "osm_type": "way", "highway": "tertiary" }, "geometry": { "type": "LineString", "coordinates": [ [ 77.649786, 12.9239957 ], [ 77.6498668, 12.9236687 ], [ 77.6498888, 12.9234947 ], [ 77.6498669, 12.9231287 ], [ 77.6498416, 12.9230209 ], [ 77.6497847, 12.9227785 ], [ 77.6497457, 12.9226124 ], [ 77.6497307, 12.9225543 ], [ 77.6496931, 12.9219107 ], [ 77.6496671, 12.9217152 ], [ 77.6496109, 12.921478 ], [ 77.6495347, 12.9212279 ], [ 77.6494243, 12.9208292 ], [ 77.6493922, 12.9207019 ], [ 77.6493623, 12.9205271 ], [ 77.6493059, 12.9201426 ], [ 77.6492981, 12.9200826 ], [ 77.6492606, 12.9197956 ], [ 77.6492385, 12.9195152 ], [ 77.6492598, 12.918953 ], [ 77.6492559, 12.9187226 ], [ 77.6492554, 12.9186942 ], [ 77.6492458, 12.9185245 ], [ 77.6492446, 12.9185031 ], [ 77.6492397, 12.9184172 ], [ 77.6491762, 12.917292 ], [ 77.6491709, 12.9171944 ], [ 77.6491376, 12.9167876 ], [ 77.6491085, 12.9165222 ], [ 77.6490253, 12.9159534 ], [ 77.6489989, 12.9157728 ], [ 77.6490002, 12.9153421 ], [ 77.6489991, 12.9152042 ], [ 77.6489932, 12.914428 ] ] } },
{ "type": "Feature", "properties": { "full_id": "w1157609915", "osm_id": "1157609915", "osm_type": "way", "highway": "tertiary" }, "geometry": { "type": "LineString", "coordinates": [ [ 77.6489932, 12.914428 ], [ 77.6489928, 12.9143696 ] ] } },
{ "type": "Feature", "properties": { "full_id": "w1158779080", "osm_id": "1158779080", "osm_type": "way", "highway": "tertiary" }, "geometry": { "type": "LineString", "coordinates": [ [ 77.6381586, 12.9157758 ], [ 77.6377381, 12.9157744 ], [ 77.6366438, 12.9159378 ], [ 77.6353972, 12.9160919 ] ] } },
{ "type": "Feature", "properties": { "full_id": "w1158779081", "osm_id": "1158779081", "osm_type": "way", "highway": "tertiary" }, "geometry": { "type": "LineString", "coordinates": [ [ 77.6354011, 12.9161603 ], [ 77.6353972, 12.9160919 ], [ 77.6353956, 12.9160625 ] ] } },
{ "type": "Feature", "properties": { "full_id": "w1165322734", "osm_id": "1165322734", "osm_type": "way", "highway": "track" }, "geometry": { "type": "MultiLineString", "coordinates": [ [ [ 77.665008842539621, 12.928071536212139 ], [ 77.6652556, 12.9280845 ], [ 77.6653352, 12.9281491 ], [ 77.6654049, 12.9283399 ], [ 77.6655774, 12.9291028 ], [ 77.665636960322303, 12.929451107753188 ] ], [ [ 77.666604652900915, 12.930946991893801 ], [ 77.6668787, 12.9309366 ], [ 77.6679642, 12.9309721 ], [ 77.66914823505212, 12.930988760653904 ] ] ] } },
{ "type": "Feature", "properties": { "full_id": "w1165322735", "osm_id": "1165322735", "osm_type": "way", "highway": "track" }, "geometry": { "type": "LineString", "coordinates": [ [ 77.6637587, 12.9280769 ], [ 77.663793791491628, 12.928099114781812 ] ] } },
{ "type": "Feature", "properties": { "full_id": "w1167253338", "osm_id": "1167253338", "osm_type": "way", "highway": "tertiary" }, "geometry": { "type": "LineString", "coordinates": [ [ 77.6504031, 12.9243021 ], [ 77.6502913, 12.9243028 ] ] } },
{ "type": "Feature", "properties": { "full_id": "w1167253342", "osm_id": "1167253342", "osm_type": "way", "highway": "tertiary" }, "geometry": { "type": "LineString", "coordinates": [ [ 77.6503611, 12.903648 ], [ 77.6503492, 12.9036586 ], [ 77.6503399, 12.9036716 ], [ 77.6503335, 12.903687 ], [ 77.6503309, 12.9037033 ], [ 77.6503322, 12.9037199 ], [ 77.6503373, 12.9037357 ], [ 77.650346, 12.9037499 ], [ 77.6503578, 12.9037618 ] ] } },
{ "type": "Feature", "properties": { "full_id": "w1167253343", "osm_id": "1167253343", "osm_type": "way", "highway": "tertiary" }, "geometry": { "type": "LineString", "coordinates": [ [ 77.6512558, 12.8988124 ], [ 77.6512277, 12.8988775 ] ] } },
{ "type": "Feature", "properties": { "full_id": "w1167293938", "osm_id": "1167293938", "osm_type": "way", "highway": "trunk" }, "geometry": { "type": "LineString", "coordinates": [ [ 77.6228033, 12.9172563 ], [ 77.622771485964648, 12.917246771053152 ] ] } },
{ "type": "Feature", "properties": { "full_id": "w1167293939", "osm_id": "1167293939", "osm_type": "way", "highway": "trunk_link" }, "geometry": { "type": "LineString", "coordinates": [ [ 77.622834783535694, 12.917313209979678 ], [ 77.6228346, 12.9172966 ], [ 77.6228033, 12.9172563 ] ] } },
{ "type": "Feature", "properties": { "full_id": "w1167761165", "osm_id": "1167761165", "osm_type": "way", "highway": "footway" }, "geometry": { "type": "LineString", "coordinates": [ [ 77.6477521, 12.9119563 ], [ 77.6477532, 12.9118814 ], [ 77.6477547, 12.9118252 ] ] } },
{ "type": "Feature", "properties": { "full_id": "w1182178610", "osm_id": "1182178610", "osm_type": "way", "highway": "tertiary" }, "geometry": { "type": "LineString", "coordinates": [ [ 77.6380199, 12.9077137 ], [ 77.6380306, 12.9085255 ] ] } },
{ "type": "Feature", "properties": { "full_id": "w1182178611", "osm_id": "1182178611", "osm_type": "way", "highway": "tertiary" }, "geometry": { "type": "LineString", "coordinates": [ [ 77.6380229, 12.9072695 ], [ 77.6380747, 12.9075828 ], [ 77.6380199, 12.9077137 ] ] } },
{ "type": "Feature", "properties": { "full_id": "w1182179244", "osm_id": "1182179244", "osm_type": "way", "highway": "tertiary" }, "geometry": { "type": "LineString", "coordinates": [ [ 77.6443035, 12.9091088 ], [ 77.6439096, 12.9091322 ], [ 77.6430578, 12.9091829 ], [ 77.6426089, 12.909212 ], [ 77.6423794, 12.9092252 ], [ 77.6422726, 12.9092314 ] ] } },
{ "type": "Feature", "properties": { "full_id": "w1182179245", "osm_id": "1182179245", "osm_type": "way", "highway": "secondary" }, "geometry": { "type": "LineString", "coordinates": [ [ 77.651614065867136, 12.923344052567163 ], [ 77.651615, 12.9233504 ], [ 77.6516294, 12.9234287 ], [ 77.6517361, 12.9240075 ], [ 77.6517439, 12.9240497 ], [ 77.651749487844583, 12.92407998865759 ] ] } },
{ "type": "Feature", "properties": { "full_id": "w1182179246", "osm_id": "1182179246", "osm_type": "way", "highway": "secondary" }, "geometry": { "type": "LineString", "coordinates": [ [ 77.651737, 12.9162058 ], [ 77.6517382, 12.9163447 ], [ 77.651712, 12.9173361 ], [ 77.6516868, 12.9180536 ], [ 77.6516548, 12.9189233 ] ] } },
{ "type": "Feature", "properties": { "full_id": "w1182406075", "osm_id": "1182406075", "osm_type": "way", "highway": "service" }, "geometry": { "type": "LineString", "coordinates": [ [ 77.6324379, 12.911614 ], [ 77.6323627, 12.9116133 ], [ 77.6323433, 12.9116126 ], [ 77.6322544, 12.9116113 ] ] } },
{ "type": "Feature", "properties": { "full_id": "w1183376593", "osm_id": "1183376593", "osm_type": "way", "highway": "residential" }, "geometry": { "type": "LineString", "coordinates": [ [ 77.632514122321737, 12.904684902575475 ], [ 77.6324776, 12.9046868 ] ] } },
{ "type": "Feature", "properties": { "full_id": "w1183377618", "osm_id": "1183377618", "osm_type": "way", "highway": "residential" }, "geometry": { "type": "LineString", "coordinates": [ [ 77.6301361, 12.907951 ], [ 77.6301798, 12.9075727 ] ] } },
{ "type": "Feature", "properties": { "full_id": "w1183377619", "osm_id": "1183377619", "osm_type": "way", "highway": "residential" }, "geometry": { "type": "LineString", "coordinates": [ [ 77.6301798, 12.9075727 ], [ 77.6302144, 12.9073348 ] ] } },
{ "type": "Feature", "properties": { "full_id": "w1183859587", "osm_id": "1183859587", "osm_type": "way", "highway": "residential" }, "geometry": { "type": "LineString", "coordinates": [ [ 77.6485827, 12.9010648 ], [ 77.6492274, 12.9011781 ] ] } },
{ "type": "Feature", "properties": { "full_id": "w1183861328", "osm_id": "1183861328", "osm_type": "way", "highway": "service" }, "geometry": { "type": "LineString", "coordinates": [ [ 77.6516204, 12.9006282 ], [ 77.6515728, 12.9006416 ], [ 77.6513245, 12.9007107 ], [ 77.6513103, 12.9007026 ], [ 77.6512557, 12.900515 ], [ 77.6512622, 12.9004995 ], [ 77.6513993, 12.9004663 ] ] } },
{ "type": "Feature", "properties": { "full_id": "w1183900163", "osm_id": "1183900163", "osm_type": "way", "highway": "service" }, "geometry": { "type": "LineString", "coordinates": [ [ 77.6670422, 12.9244875 ], [ 77.6670911, 12.9244885 ], [ 77.6671671, 12.92449 ] ] } },
{ "type": "Feature", "properties": { "full_id": "w1183900854", "osm_id": "1183900854", "osm_type": "way", "highway": "residential" }, "geometry": { "type": "LineString", "coordinates": [ [ 77.6627581, 12.9223596 ], [ 77.6627702, 12.9226543 ] ] } },
{ "type": "Feature", "properties": { "full_id": "w1183908615", "osm_id": "1183908615", "osm_type": "way", "highway": "residential" }, "geometry": { "type": "LineString", "coordinates": [ [ 77.6666852, 12.9249636 ], [ 77.6669501, 12.9249831 ], [ 77.6669926, 12.9249859 ] ] } },
{ "type": "Feature", "properties": { "full_id": "w1183912021", "osm_id": "1183912021", "osm_type": "way", "highway": "residential" }, "geometry": { "type": "LineString", "coordinates": [ [ 77.6461209, 12.9068917 ], [ 77.6461333, 12.9070627 ] ] } },
{ "type": "Feature", "properties": { "full_id": "w1183913264", "osm_id": "1183913264", "osm_type": "way", "highway": "residential" }, "geometry": { "type": "LineString", "coordinates": [ [ 77.6455614, 12.904692 ], [ 77.6455467, 12.9046103 ], [ 77.6455263, 12.9045033 ] ] } },
{ "type": "Feature", "properties": { "full_id": "w1184162491", "osm_id": "1184162491", "osm_type": "way", "highway": "residential" }, "geometry": { "type": "LineString", "coordinates": [ [ 77.6368207, 12.9083816 ], [ 77.6367798, 12.9078017 ] ] } },
{ "type": "Feature", "properties": { "full_id": "w1184573812", "osm_id": "1184573812", "osm_type": "way", "highway": "unclassified" }, "geometry": { "type": "LineString", "coordinates": [ [ 77.6654136, 12.9270487 ], [ 77.6654394, 12.9270526 ], [ 77.6658162, 12.9270757 ], [ 77.6662161, 12.9271001 ], [ 77.6662517, 12.9271023 ] ] } },
{ "type": "Feature", "properties": { "full_id": "w1184574375", "osm_id": "1184574375", "osm_type": "way", "highway": "residential" }, "geometry": { "type": "LineString", "coordinates": [ [ 77.6688342, 12.930256 ], [ 77.6688075, 12.9300563 ], [ 77.6687817, 12.9299986 ] ] } },
{ "type": "Feature", "properties": { "full_id": "w1184589799", "osm_id": "1184589799", "osm_type": "way", "highway": "service" }, "geometry": { "type": "LineString", "coordinates": [ [ 77.6491257, 12.9113051 ], [ 77.6490449, 12.9113009 ], [ 77.648915, 12.9112932 ], [ 77.6488815, 12.9112966 ], [ 77.6488567, 12.9113162 ], [ 77.6488421, 12.9113396 ], [ 77.6488102, 12.9115712 ] ] } },
{ "type": "Feature", "properties": { "full_id": "w1184597982", "osm_id": "1184597982", "osm_type": "way", "highway": "service" }, "geometry": { "type": "LineString", "coordinates": [ [ 77.6453082, 12.912261 ], [ 77.645686, 12.9122345 ], [ 77.6457129, 12.9122252 ], [ 77.6457267, 12.9122022 ], [ 77.6457312, 12.9121673 ], [ 77.6457304, 12.9121468 ], [ 77.6457243, 12.9120716 ] ] } },
{ "type": "Feature", "properties": { "full_id": "w1184597987", "osm_id": "1184597987", "osm_type": "way", "highway": "residential" }, "geometry": { "type": "LineString", "coordinates": [ [ 77.6506135, 12.9124996 ], [ 77.6506449, 12.9124994 ], [ 77.6510098, 12.912507 ], [ 77.6513682, 12.9125177 ], [ 77.6517591, 12.9125371 ], [ 77.6518489, 12.9125414 ] ] } },
{ "type": "Feature", "properties": { "full_id": "w1184597988", "osm_id": "1184597988", "osm_type": "way", "highway": "residential" }, "geometry": { "type": "LineString", "coordinates": [ [ 77.6505533, 12.9125001 ], [ 77.6506135, 12.9124996 ] ] } },
{ "type": "Feature", "properties": { "full_id": "w1184971129", "osm_id": "1184971129", "osm_type": "way", "highway": "service" }, "geometry": { "type": "LineString", "coordinates": [ [ 77.6511071, 12.9206146 ], [ 77.6511004, 12.9205566 ], [ 77.6510964, 12.920522 ], [ 77.6510917, 12.9204823 ], [ 77.6511333, 12.920339 ], [ 77.651133, 12.9201974 ], [ 77.6511363, 12.9199212 ], [ 77.6511342, 12.9199041 ], [ 77.6511265, 12.9198888 ], [ 77.6509167, 12.919923 ], [ 77.650908, 12.919938 ], [ 77.6509129, 12.9199753 ], [ 77.6510037, 12.9204497 ], [ 77.6510385, 12.9204904 ], [ 77.6510397, 12.9205221 ], [ 77.651041, 12.9205586 ], [ 77.651045, 12.9206181 ] ] } },
{ "type": "Feature", "properties": { "full_id": "w1184971661", "osm_id": "1184971661", "osm_type": "way", "highway": "service" }, "geometry": { "type": "LineString", "coordinates": [ [ 77.6501461, 12.9200093 ], [ 77.6501067, 12.920017 ], [ 77.6497322, 12.9200904 ] ] } },
{ "type": "Feature", "properties": { "full_id": "w1184973148", "osm_id": "1184973148", "osm_type": "way", "highway": "living_street" }, "geometry": { "type": "LineString", "coordinates": [ [ 77.6490645, 12.9220124 ], [ 77.6491231, 12.9219905 ], [ 77.6493066, 12.9219894 ] ] } },
{ "type": "Feature", "properties": { "full_id": "w1184973786", "osm_id": "1184973786", "osm_type": "way", "highway": "living_street" }, "geometry": { "type": "LineString", "coordinates": [ [ 77.6479498, 12.9223382 ], [ 77.6482957, 12.9223405 ] ] } },
{ "type": "Feature", "properties": { "full_id": "w1184975465", "osm_id": "1184975465", "osm_type": "way", "highway": "living_street" }, "geometry": { "type": "LineString", "coordinates": [ [ 77.6497847, 12.9227785 ], [ 77.649618, 12.9227798 ], [ 77.649499, 12.9227875 ], [ 77.6493606, 12.9227988 ], [ 77.6492783, 12.922861 ], [ 77.6491229, 12.9228747 ] ] } },
{ "type": "Feature", "properties": { "full_id": "w1184977846", "osm_id": "1184977846", "osm_type": "way", "highway": "service" }, "geometry": { "type": "LineString", "coordinates": [ [ 77.6472379, 12.9119104 ], [ 77.6472439, 12.9118274 ], [ 77.6472508, 12.9117909 ] ] } },
{ "type": "Feature", "properties": { "full_id": "w1184996922", "osm_id": "1184996922", "osm_type": "way", "highway": "residential" }, "geometry": { "type": "LineString", "coordinates": [ [ 77.6492559, 12.9187226 ], [ 77.6488914, 12.9187394 ] ] } },
{ "type": "Feature", "properties": { "full_id": "w1185469197", "osm_id": "1185469197", "osm_type": "way", "highway": "service" }, "geometry": { "type": "LineString", "coordinates": [ [ 77.6244002, 12.9148756 ], [ 77.6244518, 12.9148808 ] ] } },
{ "type": "Feature", "properties": { "full_id": "w1185469198", "osm_id": "1185469198", "osm_type": "way", "highway": "service" }, "geometry": { "type": "LineString", "coordinates": [ [ 77.6244747, 12.9149451 ], [ 77.6243665, 12.9149416 ] ] } },
{ "type": "Feature", "properties": { "full_id": "w1185469199", "osm_id": "1185469199", "osm_type": "way", "highway": "service" }, "geometry": { "type": "LineString", "coordinates": [ [ 77.6256911, 12.914985 ], [ 77.6256192, 12.9149826 ] ] } },
{ "type": "Feature", "properties": { "full_id": "w1185482388", "osm_id": "1185482388", "osm_type": "way", "highway": "secondary" }, "geometry": { "type": "LineString", "coordinates": [ [ 77.6444306, 12.9066405 ], [ 77.6444063, 12.905945 ], [ 77.6443712, 12.9051082 ], [ 77.644356130441679, 12.904750470354212 ] ] } },
{ "type": "Feature", "properties": { "full_id": "w1187587053", "osm_id": "1187587053", "osm_type": "way", "highway": "footway" }, "geometry": { "type": "LineString", "coordinates": [ [ 77.666105, 12.922052 ], [ 77.666203273855757, 12.9220232566114 ] ] } },
{ "type": "Feature", "properties": { "full_id": "w1188968054", "osm_id": "1188968054", "osm_type": "way", "highway": "tertiary" }, "geometry": { "type": "LineString", "coordinates": [ [ 77.6504513, 12.9036501 ], [ 77.6504584, 12.9035364 ] ] } },
{ "type": "Feature", "properties": { "full_id": "w1188968055", "osm_id": "1188968055", "osm_type": "way", "highway": "tertiary" }, "geometry": { "type": "LineString", "coordinates": [ [ 77.6503849, 12.9035091 ], [ 77.6503611, 12.903648 ] ] } },
{ "type": "Feature", "properties": { "full_id": "w1191387871", "osm_id": "1191387871", "osm_type": "way", "highway": "footway" }, "geometry": { "type": "LineString", "coordinates": [ [ 77.6441996, 12.9122388 ], [ 77.6441984, 12.9122042 ], [ 77.6441956, 12.9121257 ], [ 77.6441942, 12.9120854 ] ] } },
{ "type": "Feature", "properties": { "full_id": "w1191387872", "osm_id": "1191387872", "osm_type": "way", "highway": "footway" }, "geometry": { "type": "LineString", "coordinates": [ [ 77.6445438, 12.9118148 ], [ 77.6445858, 12.9118138 ], [ 77.6446589, 12.9118121 ], [ 77.6447297, 12.9118127 ] ] } },
{ "type": "Feature", "properties": { "full_id": "w1191622240", "osm_id": "1191622240", "osm_type": "way", "highway": "residential" }, "geometry": { "type": "LineString", "coordinates": [ [ 77.6462299, 12.9208911 ], [ 77.646305, 12.9211739 ] ] } },
{ "type": "Feature", "properties": { "full_id": "w1196120452", "osm_id": "1196120452", "osm_type": "way", "highway": "tertiary" }, "geometry": { "type": "LineString", "coordinates": [ [ 77.6468175, 12.9089354 ], [ 77.6458737, 12.9090104 ], [ 77.6451242, 12.9090699 ] ] } },
{ "type": "Feature", "properties": { "full_id": "w1196120453", "osm_id": "1196120453", "osm_type": "way", "highway": "tertiary" }, "geometry": { "type": "LineString", "coordinates": [ [ 77.6469048, 12.9089285 ], [ 77.6468175, 12.9089354 ] ] } },
{ "type": "Feature", "properties": { "full_id": "w1196120454", "osm_id": "1196120454", "osm_type": "way", "highway": "tertiary" }, "geometry": { "type": "LineString", "coordinates": [ [ 77.6472446, 12.9089015 ], [ 77.6469048, 12.9089285 ] ] } },
{ "type": "Feature", "properties": { "full_id": "w1196120455", "osm_id": "1196120455", "osm_type": "way", "highway": "tertiary" }, "geometry": { "type": "LineString", "coordinates": [ [ 77.6476177, 12.908872 ], [ 77.6472446, 12.9089015 ] ] } },
{ "type": "Feature", "properties": { "full_id": "w1196120456", "osm_id": "1196120456", "osm_type": "way", "highway": "tertiary" }, "geometry": { "type": "LineString", "coordinates": [ [ 77.6488196, 12.9087755 ], [ 77.6476177, 12.908872 ] ] } },
{ "type": "Feature", "properties": { "full_id": "w1196120457", "osm_id": "1196120457", "osm_type": "way", "highway": "tertiary" }, "geometry": { "type": "LineString", "coordinates": [ [ 77.649349, 12.9087347 ], [ 77.6488196, 12.9087755 ] ] } },
{ "type": "Feature", "properties": { "full_id": "w1196120460", "osm_id": "1196120460", "osm_type": "way", "highway": "tertiary" }, "geometry": { "type": "LineString", "coordinates": [ [ 77.6506703, 12.9086299 ], [ 77.649349, 12.9087347 ] ] } },
{ "type": "Feature", "properties": { "full_id": "w1196120461", "osm_id": "1196120461", "osm_type": "way", "highway": "tertiary" }, "geometry": { "type": "LineString", "coordinates": [ [ 77.6493033, 12.9092442 ], [ 77.6493264, 12.9089654 ], [ 77.649349, 12.9087347 ] ] } },
{ "type": "Feature", "properties": { "full_id": "w1196120462", "osm_id": "1196120462", "osm_type": "way", "highway": "tertiary" }, "geometry": { "type": "LineString", "coordinates": [ [ 77.6492732, 12.9095694 ], [ 77.6493033, 12.9092442 ] ] } },
{ "type": "Feature", "properties": { "full_id": "w1196120463", "osm_id": "1196120463", "osm_type": "way", "highway": "tertiary" }, "geometry": { "type": "LineString", "coordinates": [ [ 77.6492503, 12.9098682 ], [ 77.6492732, 12.9095694 ] ] } },
{ "type": "Feature", "properties": { "full_id": "w1196120464", "osm_id": "1196120464", "osm_type": "way", "highway": "tertiary" }, "geometry": { "type": "LineString", "coordinates": [ [ 77.6492291, 12.910138 ], [ 77.6492503, 12.9098682 ] ] } },
{ "type": "Feature", "properties": { "full_id": "w1196120465", "osm_id": "1196120465", "osm_type": "way", "highway": "tertiary" }, "geometry": { "type": "LineString", "coordinates": [ [ 77.6492139, 12.9103395 ], [ 77.6492291, 12.910138 ] ] } },
{ "type": "Feature", "properties": { "full_id": "w1196120466", "osm_id": "1196120466", "osm_type": "way", "highway": "tertiary" }, "geometry": { "type": "LineString", "coordinates": [ [ 77.649201, 12.9104429 ], [ 77.6492139, 12.9103395 ] ] } },
{ "type": "Feature", "properties": { "full_id": "w1196120467", "osm_id": "1196120467", "osm_type": "way", "highway": "tertiary" }, "geometry": { "type": "LineString", "coordinates": [ [ 77.6491658, 12.9107557 ], [ 77.6491687, 12.9107303 ], [ 77.649201, 12.9104429 ] ] } },
{ "type": "Feature", "properties": { "full_id": "w1196120468", "osm_id": "1196120468", "osm_type": "way", "highway": "tertiary" }, "geometry": { "type": "LineString", "coordinates": [ [ 77.649151, 12.9109926 ], [ 77.6491658, 12.9107557 ] ] } },
{ "type": "Feature", "properties": { "full_id": "w1196120469", "osm_id": "1196120469", "osm_type": "way", "highway": "tertiary" }, "geometry": { "type": "LineString", "coordinates": [ [ 77.6491257, 12.9113051 ], [ 77.649151, 12.9109926 ] ] } },
{ "type": "Feature", "properties": { "full_id": "w1196120470", "osm_id": "1196120470", "osm_type": "way", "highway": "tertiary" }, "geometry": { "type": "LineString", "coordinates": [ [ 77.6490502, 12.9118644 ], [ 77.6490535, 12.9118437 ], [ 77.6490545, 12.911834 ], [ 77.6490604, 12.9117901 ], [ 77.6491257, 12.9113051 ] ] } },
{ "type": "Feature", "properties": { "full_id": "w1196120471", "osm_id": "1196120471", "osm_type": "way", "highway": "tertiary" }, "geometry": { "type": "LineString", "coordinates": [ [ 77.6489902, 12.9140309 ], [ 77.648981, 12.9132391 ] ] } },
{ "type": "Feature", "properties": { "full_id": "w1196120472", "osm_id": "1196120472", "osm_type": "way", "highway": "tertiary" }, "geometry": { "type": "LineString", "coordinates": [ [ 77.648981, 12.9132391 ], [ 77.6489953, 12.9124885 ] ] } },
{ "type": "Feature", "properties": { "full_id": "w1196120473", "osm_id": "1196120473", "osm_type": "way", "highway": "tertiary" }, "geometry": { "type": "LineString", "coordinates": [ [ 77.6489953, 12.9124885 ], [ 77.6490297, 12.9120294 ], [ 77.6490322, 12.9119961 ], [ 77.6490427, 12.9119116 ] ] } },
{ "type": "Feature", "properties": { "full_id": "w1196120474", "osm_id": "1196120474", "osm_type": "way", "highway": "tertiary" }, "geometry": { "type": "LineString", "coordinates": [ [ 77.649349, 12.9087347 ], [ 77.6492858, 12.9083935 ] ] } },
{ "type": "Feature", "properties": { "full_id": "w1196120475", "osm_id": "1196120475", "osm_type": "way", "highway": "tertiary" }, "geometry": { "type": "LineString", "coordinates": [ [ 77.6492858, 12.9083935 ], [ 77.6491445, 12.9076732 ] ] } },
{ "type": "Feature", "properties": { "full_id": "w1196120476", "osm_id": "1196120476", "osm_type": "way", "highway": "tertiary" }, "geometry": { "type": "LineString", "coordinates": [ [ 77.6491445, 12.9076732 ], [ 77.6491167, 12.9074685 ] ] } },
{ "type": "Feature", "properties": { "full_id": "w1196120477", "osm_id": "1196120477", "osm_type": "way", "highway": "tertiary" }, "geometry": { "type": "LineString", "coordinates": [ [ 77.6491167, 12.9074685 ], [ 77.6490716, 12.9070899 ] ] } },
{ "type": "Feature", "properties": { "full_id": "w1196120478", "osm_id": "1196120478", "osm_type": "way", "highway": "tertiary" }, "geometry": { "type": "LineString", "coordinates": [ [ 77.6490716, 12.9070899 ], [ 77.6490505, 12.9066657 ] ] } },
{ "type": "Feature", "properties": { "full_id": "w1196120479", "osm_id": "1196120479", "osm_type": "way", "highway": "tertiary" }, "geometry": { "type": "LineString", "coordinates": [ [ 77.6490505, 12.9066657 ], [ 77.6490422, 12.9064867 ] ] } },
{ "type": "Feature", "properties": { "full_id": "w1196120480", "osm_id": "1196120480", "osm_type": "way", "highway": "tertiary" }, "geometry": { "type": "LineString", "coordinates": [ [ 77.6490422, 12.9064867 ], [ 77.6490277, 12.9061713 ] ] } },
{ "type": "Feature", "properties": { "full_id": "w1196120481", "osm_id": "1196120481", "osm_type": "way", "highway": "tertiary" }, "geometry": { "type": "LineString", "coordinates": [ [ 77.6490277, 12.9061713 ], [ 77.6490024, 12.9057146 ] ] } },
{ "type": "Feature", "properties": { "full_id": "w1196120482", "osm_id": "1196120482", "osm_type": "way", "highway": "tertiary" }, "geometry": { "type": "LineString", "coordinates": [ [ 77.6490024, 12.9057146 ], [ 77.6489707, 12.9053194 ] ] } },
{ "type": "Feature", "properties": { "full_id": "w1196120483", "osm_id": "1196120483", "osm_type": "way", "highway": "tertiary" }, "geometry": { "type": "LineString", "coordinates": [ [ 77.6489707, 12.9053194 ], [ 77.6489549, 12.9051429 ] ] } },
{ "type": "Feature", "properties": { "full_id": "w1196120484", "osm_id": "1196120484", "osm_type": "way", "highway": "tertiary" }, "geometry": { "type": "LineString", "coordinates": [ [ 77.6489549, 12.9051429 ], [ 77.6489281, 12.9046634 ], [ 77.6488697, 12.9040454 ], [ 77.6488488, 12.9038797 ], [ 77.6488375, 12.9037899 ], [ 77.6487992, 12.9035457 ] ] } },
{ "type": "Feature", "properties": { "full_id": "w1196120485", "osm_id": "1196120485", "osm_type": "way", "highway": "tertiary" }, "geometry": { "type": "LineString", "coordinates": [ [ 77.6350827, 12.9077495 ], [ 77.6350747, 12.9075273 ], [ 77.6350668, 12.9073099 ] ] } },
{ "type": "Feature", "properties": { "full_id": "w1196120486", "osm_id": "1196120486", "osm_type": "way", "highway": "tertiary" }, "geometry": { "type": "LineString", "coordinates": [ [ 77.6350947, 12.9080841 ], [ 77.6350827, 12.9077495 ] ] } },
{ "type": "Feature", "properties": { "full_id": "w1196120487", "osm_id": "1196120487", "osm_type": "way", "highway": "tertiary" }, "geometry": { "type": "LineString", "coordinates": [ [ 77.6351075, 12.9088222 ], [ 77.6350947, 12.9080841 ] ] } },
{ "type": "Feature", "properties": { "full_id": "w1196120488", "osm_id": "1196120488", "osm_type": "way", "highway": "tertiary" }, "geometry": { "type": "LineString", "coordinates": [ [ 77.6353851, 12.9158671 ], [ 77.6353468, 12.9153217 ], [ 77.6353405, 12.9148994 ], [ 77.6353261, 12.9144758 ], [ 77.6353143, 12.9141071 ], [ 77.6353078, 12.9140169 ], [ 77.6352963, 12.9137502 ], [ 77.6352866, 12.9135336 ], [ 77.635282, 12.9134484 ], [ 77.6352595, 12.9130036 ] ] } },
{ "type": "Feature", "properties": { "full_id": "w1196120495", "osm_id": "1196120495", "osm_type": "way", "highway": "tertiary" }, "geometry": { "type": "LineString", "coordinates": [ [ 77.6352595, 12.9130036 ], [ 77.6352332, 12.912528 ], [ 77.6352301, 12.912472 ], [ 77.6352259, 12.9123954 ] ] } },
{ "type": "Feature", "properties": { "full_id": "w1196120496", "osm_id": "1196120496", "osm_type": "way", "highway": "tertiary" }, "geometry": { "type": "LineString", "coordinates": [ [ 77.6352259, 12.9123954 ], [ 77.6352235, 12.9123079 ], [ 77.6352231, 12.9122985 ], [ 77.6352088, 12.9117974 ] ] } },
{ "type": "Feature", "properties": { "full_id": "w1196120497", "osm_id": "1196120497", "osm_type": "way", "highway": "tertiary" }, "geometry": { "type": "LineString", "coordinates": [ [ 77.6352088, 12.9117974 ], [ 77.6351586, 12.9106893 ] ] } },
{ "type": "Feature", "properties": { "full_id": "w1196120498", "osm_id": "1196120498", "osm_type": "way", "highway": "tertiary" }, "geometry": { "type": "LineString", "coordinates": [ [ 77.6351586, 12.9106893 ], [ 77.6351364, 12.9102511 ] ] } },
{ "type": "Feature", "properties": { "full_id": "w1196120499", "osm_id": "1196120499", "osm_type": "way", "highway": "tertiary" }, "geometry": { "type": "LineString", "coordinates": [ [ 77.6351364, 12.9102511 ], [ 77.6351273, 12.9098685 ] ] } },
{ "type": "Feature", "properties": { "full_id": "w1196120500", "osm_id": "1196120500", "osm_type": "way", "highway": "tertiary" }, "geometry": { "type": "LineString", "coordinates": [ [ 77.6351273, 12.9098685 ], [ 77.6351143, 12.9092832 ] ] } },
{ "type": "Feature", "properties": { "full_id": "w1196120501", "osm_id": "1196120501", "osm_type": "way", "highway": "tertiary" }, "geometry": { "type": "LineString", "coordinates": [ [ 77.6351143, 12.9092832 ], [ 77.6351075, 12.9088222 ] ] } },
{ "type": "Feature", "properties": { "full_id": "w1196120502", "osm_id": "1196120502", "osm_type": "way", "highway": "tertiary" }, "geometry": { "type": "LineString", "coordinates": [ [ 77.645531, 12.922413 ], [ 77.645129, 12.9220142 ], [ 77.6450403, 12.9219262 ] ] } },
{ "type": "Feature", "properties": { "full_id": "w1196120503", "osm_id": "1196120503", "osm_type": "way", "highway": "tertiary" }, "geometry": { "type": "LineString", "coordinates": [ [ 77.6450403, 12.9219262 ], [ 77.6450001, 12.9218904 ], [ 77.6448143, 12.9217005 ], [ 77.6447023, 12.9215737 ] ] } },
{ "type": "Feature", "properties": { "full_id": "w1196120504", "osm_id": "1196120504", "osm_type": "way", "highway": "tertiary" }, "geometry": { "type": "LineString", "coordinates": [ [ 77.6447023, 12.9215737 ], [ 77.6444944, 12.9213215 ], [ 77.6442082, 12.9209379 ], [ 77.6431776, 12.9197934 ] ] } },
{ "type": "Feature", "properties": { "full_id": "w1196120505", "osm_id": "1196120505", "osm_type": "way", "highway": "secondary" }, "geometry": { "type": "LineString", "coordinates": [ [ 77.6489842, 12.9119108 ], [ 77.6489485, 12.9119103 ], [ 77.6488798, 12.9119093 ], [ 77.6482418, 12.9118943 ], [ 77.6478689, 12.9118855 ], [ 77.6477532, 12.9118814 ], [ 77.6476694, 12.9118855 ], [ 77.6475412, 12.9118885 ], [ 77.647312, 12.9119029 ], [ 77.6472379, 12.9119104 ] ] } },
{ "type": "Feature", "properties": { "full_id": "w1196120506", "osm_id": "1196120506", "osm_type": "way", "highway": "secondary" }, "geometry": { "type": "LineString", "coordinates": [ [ 77.6472379, 12.9119104 ], [ 77.6470401, 12.9119303 ] ] } },
{ "type": "Feature", "properties": { "full_id": "w1196120507", "osm_id": "1196120507", "osm_type": "way", "highway": "secondary" }, "geometry": { "type": "LineString", "coordinates": [ [ 77.6470401, 12.9119303 ], [ 77.6460944, 12.9120416 ] ] } },
{ "type": "Feature", "properties": { "full_id": "w1196120508", "osm_id": "1196120508", "osm_type": "way", "highway": "secondary" }, "geometry": { "type": "LineString", "coordinates": [ [ 77.6460944, 12.9120416 ], [ 77.6457243, 12.9120716 ], [ 77.6454068, 12.9120989 ] ] } },
{ "type": "Feature", "properties": { "full_id": "w1196120509", "osm_id": "1196120509", "osm_type": "way", "highway": "secondary" }, "geometry": { "type": "LineString", "coordinates": [ [ 77.6450403, 12.9219262 ], [ 77.6450422, 12.9218716 ], [ 77.6450438, 12.9218005 ], [ 77.6450459, 12.9217025 ], [ 77.6450479, 12.9216111 ] ] } },
{ "type": "Feature", "properties": { "full_id": "w1196120510", "osm_id": "1196120510", "osm_type": "way", "highway": "secondary" }, "geometry": { "type": "LineString", "coordinates": [ [ 77.6450479, 12.9216111 ], [ 77.6450387, 12.9209373 ] ] } },
{ "type": "Feature", "properties": { "full_id": "w1196120511", "osm_id": "1196120511", "osm_type": "way", "highway": "secondary" }, "geometry": { "type": "LineString", "coordinates": [ [ 77.6450387, 12.9209373 ], [ 77.6449981, 12.9196036 ] ] } },
{ "type": "Feature", "properties": { "full_id": "w1196120512", "osm_id": "1196120512", "osm_type": "way", "highway": "secondary" }, "geometry": { "type": "LineString", "coordinates": [ [ 77.6449981, 12.9196036 ], [ 77.64499, 12.9194663 ], [ 77.6449892, 12.9194524 ], [ 77.6449686, 12.9190966 ] ] } },
{ "type": "Feature", "properties": { "full_id": "w1196120513", "osm_id": "1196120513", "osm_type": "way", "highway": "secondary" }, "geometry": { "type": "LineString", "coordinates": [ [ 77.6449686, 12.9190966 ], [ 77.6449634, 12.9189862 ] ] } },
{ "type": "Feature", "properties": { "full_id": "w1196120514", "osm_id": "1196120514", "osm_type": "way", "highway": "secondary" }, "geometry": { "type": "LineString", "coordinates": [ [ 77.6449634, 12.9189862 ], [ 77.6449581, 12.9188949 ] ] } },
{ "type": "Feature", "properties": { "full_id": "w1196120515", "osm_id": "1196120515", "osm_type": "way", "highway": "secondary" }, "geometry": { "type": "LineString", "coordinates": [ [ 77.6449581, 12.9188949 ], [ 77.6448784, 12.9175191 ], [ 77.64487, 12.9173746 ], [ 77.6448675, 12.9173309 ], [ 77.6448585, 12.9171778 ] ] } },
{ "type": "Feature", "properties": { "full_id": "w1196120516", "osm_id": "1196120516", "osm_type": "way", "highway": "secondary" }, "geometry": { "type": "LineString", "coordinates": [ [ 77.6448585, 12.9171778 ], [ 77.6448464, 12.9168971 ], [ 77.6448192, 12.9162628 ], [ 77.6448133, 12.9161255 ], [ 77.6447978, 12.9157649 ], [ 77.644793, 12.9156481 ] ] } },
{ "type": "Feature", "properties": { "full_id": "w1196120517", "osm_id": "1196120517", "osm_type": "way", "highway": "secondary" }, "geometry": { "type": "LineString", "coordinates": [ [ 77.644793, 12.9156481 ], [ 77.6447897, 12.915548 ], [ 77.6447826, 12.9153751 ], [ 77.6447785, 12.9152783 ], [ 77.6447749, 12.9151886 ] ] } },
{ "type": "Feature", "properties": { "full_id": "w1196120518", "osm_id": "1196120518", "osm_type": "way", "highway": "secondary" }, "geometry": { "type": "LineString", "coordinates": [ [ 77.6447749, 12.9151886 ], [ 77.6447737, 12.9151585 ] ] } },
{ "type": "Feature", "properties": { "full_id": "w1196120519", "osm_id": "1196120519", "osm_type": "way", "highway": "secondary" }, "geometry": { "type": "LineString", "coordinates": [ [ 77.6518279, 12.911987 ], [ 77.6518244, 12.9122121 ], [ 77.6518218, 12.91244 ], [ 77.6518499, 12.9125057 ] ] } },
{ "type": "Feature", "properties": { "full_id": "w1196120520", "osm_id": "1196120520", "osm_type": "way", "highway": "secondary" }, "geometry": { "type": "LineString", "coordinates": [ [ 77.6329845, 12.9066914 ], [ 77.6325586, 12.9066949 ] ] } },
{ "type": "Feature", "properties": { "full_id": "w1196120521", "osm_id": "1196120521", "osm_type": "way", "highway": "secondary" }, "geometry": { "type": "LineString", "coordinates": [ [ 77.6332731, 12.9067428 ], [ 77.633057, 12.9066909 ], [ 77.6329845, 12.9066914 ] ] } },
{ "type": "Feature", "properties": { "full_id": "w1196120522", "osm_id": "1196120522", "osm_type": "way", "highway": "secondary" }, "geometry": { "type": "LineString", "coordinates": [ [ 77.6333901, 12.9067715 ], [ 77.6332731, 12.9067428 ] ] } },
{ "type": "Feature", "properties": { "full_id": "w1196120523", "osm_id": "1196120523", "osm_type": "way", "highway": "secondary" }, "geometry": { "type": "LineString", "coordinates": [ [ 77.6335856, 12.9068195 ], [ 77.6333901, 12.9067715 ] ] } },
{ "type": "Feature", "properties": { "full_id": "w1196120524", "osm_id": "1196120524", "osm_type": "way", "highway": "secondary" }, "geometry": { "type": "LineString", "coordinates": [ [ 77.633658920259933, 12.906844549297015 ], [ 77.6335856, 12.9068195 ] ] } },
{ "type": "Feature", "properties": { "full_id": "w1196120526", "osm_id": "1196120526", "osm_type": "way", "highway": "secondary" }, "geometry": { "type": "LineString", "coordinates": [ [ 77.6350668, 12.9073099 ], [ 77.6345754, 12.9071792 ], [ 77.63448409626929, 12.907140846475274 ] ] } },
{ "type": "Feature", "properties": { "full_id": "w1196120529", "osm_id": "1196120529", "osm_type": "way", "highway": "secondary" }, "geometry": { "type": "LineString", "coordinates": [ [ 77.637963270543636, 12.90613208992994 ], [ 77.6377186, 12.906245 ] ] } },
{ "type": "Feature", "properties": { "full_id": "w1196120530", "osm_id": "1196120530", "osm_type": "way", "highway": "secondary" }, "geometry": { "type": "LineString", "coordinates": [ [ 77.6377186, 12.906245 ], [ 77.6371801, 12.9064807 ] ] } },
{ "type": "Feature", "properties": { "full_id": "w1196120531", "osm_id": "1196120531", "osm_type": "way", "highway": "secondary" }, "geometry": { "type": "LineString", "coordinates": [ [ 77.6371801, 12.9064807 ], [ 77.6367934, 12.9066482 ] ] } },
{ "type": "Feature", "properties": { "full_id": "w1196120532", "osm_id": "1196120532", "osm_type": "way", "highway": "secondary" }, "geometry": { "type": "LineString", "coordinates": [ [ 77.6367934, 12.9066482 ], [ 77.6362497, 12.9068473 ] ] } },
{ "type": "Feature", "properties": { "full_id": "w1196120533", "osm_id": "1196120533", "osm_type": "way", "highway": "secondary" }, "geometry": { "type": "LineString", "coordinates": [ [ 77.6362497, 12.9068473 ], [ 77.6358704, 12.9070505 ] ] } },
{ "type": "Feature", "properties": { "full_id": "w1196120534", "osm_id": "1196120534", "osm_type": "way", "highway": "secondary" }, "geometry": { "type": "LineString", "coordinates": [ [ 77.6358704, 12.9070505 ], [ 77.6357353, 12.9071157 ] ] } },
{ "type": "Feature", "properties": { "full_id": "w1196120535", "osm_id": "1196120535", "osm_type": "way", "highway": "secondary" }, "geometry": { "type": "LineString", "coordinates": [ [ 77.6357353, 12.9071157 ], [ 77.6355574, 12.9072109 ] ] } },
{ "type": "Feature", "properties": { "full_id": "w1196120536", "osm_id": "1196120536", "osm_type": "way", "highway": "secondary" }, "geometry": { "type": "LineString", "coordinates": [ [ 77.6355574, 12.9072109 ], [ 77.6355167, 12.9072191 ] ] } },
{ "type": "Feature", "properties": { "full_id": "w1196120537", "osm_id": "1196120537", "osm_type": "way", "highway": "secondary" }, "geometry": { "type": "MultiLineString", "coordinates": [ [ [ 77.6355167, 12.9072191 ], [ 77.635204329651685, 12.907282143404371 ] ], [ [ 77.63508616734066, 12.907305991232425 ], [ 77.6350668, 12.9073099 ] ] ] } },
{ "type": "Feature", "properties": { "full_id": "w1196120538", "osm_id": "1196120538", "osm_type": "way", "highway": "secondary" }, "geometry": { "type": "LineString", "coordinates": [ [ 77.6325586, 12.9066949 ], [ 77.6324811, 12.9066942 ] ] } },
{ "type": "Feature", "properties": { "full_id": "w1196120539", "osm_id": "1196120539", "osm_type": "way", "highway": "secondary" }, "geometry": { "type": "LineString", "coordinates": [ [ 77.6324811, 12.9066942 ], [ 77.6321009, 12.9066911 ] ] } },
{ "type": "Feature", "properties": { "full_id": "w1196120540", "osm_id": "1196120540", "osm_type": "way", "highway": "secondary" }, "geometry": { "type": "LineString", "coordinates": [ [ 77.6321009, 12.9066911 ], [ 77.6318391, 12.9066889 ], [ 77.6316376, 12.9066717 ], [ 77.6310252, 12.9065754 ] ] } },
{ "type": "Feature", "properties": { "full_id": "w1196120541", "osm_id": "1196120541", "osm_type": "way", "highway": "secondary" }, "geometry": { "type": "LineString", "coordinates": [ [ 77.6310252, 12.9065754 ], [ 77.6304861, 12.9064887 ] ] } },
{ "type": "Feature", "properties": { "full_id": "w1196120542", "osm_id": "1196120542", "osm_type": "way", "highway": "secondary" }, "geometry": { "type": "LineString", "coordinates": [ [ 77.6518279, 12.911987 ], [ 77.6517626, 12.9119852 ], [ 77.6506473, 12.9119548 ] ] } },
{ "type": "Feature", "properties": { "full_id": "w1196120543", "osm_id": "1196120543", "osm_type": "way", "highway": "tertiary" }, "geometry": { "type": "LineString", "coordinates": [ [ 77.6380356, 12.9089152 ], [ 77.6380365, 12.9089865 ], [ 77.6380403, 12.9092823 ] ] } },
{ "type": "Feature", "properties": { "full_id": "w1196514116", "osm_id": "1196514116", "osm_type": "way", "highway": "trunk" }, "geometry": { "type": "LineString", "coordinates": [ [ 77.6255442, 12.9126289 ], [ 77.6258542, 12.9121277 ], [ 77.6261085, 12.9117167 ], [ 77.6262768, 12.9114446 ], [ 77.6273567, 12.9096992 ] ] } },
{ "type": "Feature", "properties": { "full_id": "w1196514117", "osm_id": "1196514117", "osm_type": "way", "highway": "trunk" }, "geometry": { "type": "LineString", "coordinates": [ [ 77.6273567, 12.9096992 ], [ 77.6274519, 12.909603 ], [ 77.6281657, 12.9084947 ], [ 77.6282524, 12.908353 ], [ 77.6285309, 12.9078976 ], [ 77.6289105, 12.9072616 ], [ 77.6289241, 12.9072388 ], [ 77.628929, 12.9072305 ] ] } },
{ "type": "Feature", "properties": { "full_id": "w1196514118", "osm_id": "1196514118", "osm_type": "way", "highway": "trunk" }, "geometry": { "type": "LineString", "coordinates": [ [ 77.628929, 12.9072305 ], [ 77.6289631, 12.9071733 ] ] } },
{ "type": "Feature", "properties": { "full_id": "w1196514119", "osm_id": "1196514119", "osm_type": "way", "highway": "trunk" }, "geometry": { "type": "LineString", "coordinates": [ [ 77.6289631, 12.9071733 ], [ 77.6295779, 12.9061646 ], [ 77.6299033, 12.9056308 ], [ 77.6302568, 12.905054 ], [ 77.6303976, 12.9048243 ], [ 77.6304618, 12.9047195 ] ] } },
{ "type": "Feature", "properties": { "full_id": "w1196514120", "osm_id": "1196514120", "osm_type": "way", "highway": "trunk" }, "geometry": { "type": "LineString", "coordinates": [ [ 77.6304618, 12.9047195 ], [ 77.631096720680063, 12.903651908315345 ] ] } },
{ "type": "Feature", "properties": { "full_id": "w1198944119", "osm_id": "1198944119", "osm_type": "way", "highway": "residential" }, "geometry": { "type": "LineString", "coordinates": [ [ 77.6352088, 12.9117974 ], [ 77.6346802, 12.9118102 ], [ 77.6329626, 12.9118516 ] ] } },
{ "type": "Feature", "properties": { "full_id": "w1200850298", "osm_id": "1200850298", "osm_type": "way", "highway": "secondary" }, "geometry": { "type": "LineString", "coordinates": [ [ 77.6516548, 12.9189233 ], [ 77.6516519, 12.9190278 ], [ 77.6516422, 12.9193736 ] ] } },
{ "type": "Feature", "properties": { "full_id": "w1201065790", "osm_id": "1201065790", "osm_type": "way", "highway": "service" }, "geometry": { "type": "LineString", "coordinates": [ [ 77.664457, 12.9237367 ], [ 77.6644647, 12.9237386 ], [ 77.6647335, 12.9238055 ] ] } },
{ "type": "Feature", "properties": { "full_id": "w1203851289", "osm_id": "1203851289", "osm_type": "way", "highway": "trunk" }, "geometry": { "type": "LineString", "coordinates": [ [ 77.6355416, 12.9161318 ], [ 77.6354011, 12.9161603 ], [ 77.6349622, 12.916221 ], [ 77.6324797, 12.9164688 ], [ 77.632431, 12.9164748 ], [ 77.6323671, 12.9164827 ], [ 77.6322917, 12.9164911 ] ] } },
{ "type": "Feature", "properties": { "full_id": "w1203851290", "osm_id": "1203851290", "osm_type": "way", "highway": "tertiary" }, "geometry": { "type": "LineString", "coordinates": [ [ 77.6322917, 12.9164911 ], [ 77.632291526106471, 12.916533747389401 ] ] } },
{ "type": "Feature", "properties": { "full_id": "w1206337745", "osm_id": "1206337745", "osm_type": "way", "highway": "residential" }, "geometry": { "type": "LineString", "coordinates": [ [ 77.6527971, 12.8994975 ], [ 77.6525258, 12.8995806 ] ] } },
{ "type": "Feature", "properties": { "full_id": "w1206337746", "osm_id": "1206337746", "osm_type": "way", "highway": "service" }, "geometry": { "type": "LineString", "coordinates": [ [ 77.6514085, 12.899643 ], [ 77.6514621, 12.8996317 ], [ 77.6517135, 12.8995682 ] ] } },
{ "type": "Feature", "properties": { "full_id": "w1206339500", "osm_id": "1206339500", "osm_type": "way", "highway": "residential" }, "geometry": { "type": "LineString", "coordinates": [ [ 77.6549499, 12.8992597 ], [ 77.6549264, 12.8991361 ], [ 77.6549514, 12.8990988 ], [ 77.6549751, 12.8988906 ] ] } },
{ "type": "Feature", "properties": { "full_id": "w1206400800", "osm_id": "1206400800", "osm_type": "way", "highway": "secondary" }, "geometry": { "type": "LineString", "coordinates": [ [ 77.6445478, 12.9107992 ], [ 77.6445845, 12.9117773 ], [ 77.6445858, 12.9118138 ] ] } },
{ "type": "Feature", "properties": { "full_id": "w1206400801", "osm_id": "1206400801", "osm_type": "way", "highway": "secondary" }, "geometry": { "type": "LineString", "coordinates": [ [ 77.6445927, 12.9106023 ], [ 77.6445791, 12.9102368 ], [ 77.6445789, 12.9102293 ], [ 77.6445494, 12.9097482 ] ] } },
{ "type": "Feature", "properties": { "full_id": "w1206400802", "osm_id": "1206400802", "osm_type": "way", "highway": "secondary" }, "geometry": { "type": "LineString", "coordinates": [ [ 77.6446686, 12.9136013 ], [ 77.6447104, 12.9135094 ], [ 77.6447027, 12.9133573 ], [ 77.6446775, 12.9128809 ], [ 77.6446606, 12.9123909 ], [ 77.6446596, 12.9123675 ], [ 77.6446563, 12.912291 ], [ 77.6446647, 12.9121747 ] ] } },
{ "type": "Feature", "properties": { "full_id": "w1206400803", "osm_id": "1206400803", "osm_type": "way", "highway": "secondary" }, "geometry": { "type": "LineString", "coordinates": [ [ 77.6454068, 12.9120989 ], [ 77.6453207, 12.9120748 ], [ 77.6448611, 12.9120996 ], [ 77.6447995, 12.9121029 ] ] } },
{ "type": "Feature", "properties": { "full_id": "w1206400804", "osm_id": "1206400804", "osm_type": "way", "highway": "secondary" }, "geometry": { "type": "LineString", "coordinates": [ [ 77.6445856, 12.9120447 ], [ 77.6445878, 12.912181 ], [ 77.6445906, 12.9122947 ], [ 77.6446073, 12.9127598 ], [ 77.6446115, 12.9128788 ], [ 77.6446284, 12.9133627 ], [ 77.644634, 12.9135232 ], [ 77.6446686, 12.9136013 ] ] } },
{ "type": "Feature", "properties": { "full_id": "w1208112310", "osm_id": "1208112310", "osm_type": "way", "highway": "tertiary" }, "geometry": { "type": "LineString", "coordinates": [ [ 77.6236161, 12.9171561 ], [ 77.6235967, 12.9170451 ], [ 77.6235785, 12.9168937 ], [ 77.6235807, 12.9167078 ], [ 77.6235864, 12.9165801 ], [ 77.6236474, 12.9163634 ] ] } },
{ "type": "Feature", "properties": { "full_id": "w1209529813", "osm_id": "1209529813", "osm_type": "way", "highway": "service" }, "geometry": { "type": "MultiLineString", "coordinates": [ [ [ 77.6480756, 12.9038556 ], [ 77.648335891370465, 12.903831319088576 ] ], [ [ 77.648788060253025, 12.903793567112599 ], [ 77.6488375, 12.9037899 ] ] ] } },
{ "type": "Feature", "properties": { "full_id": "w1210729592", "osm_id": "1210729592", "osm_type": "way", "highway": "service" }, "geometry": { "type": "LineString", "coordinates": [ [ 77.6516305, 12.9197921 ], [ 77.6515368, 12.9198061 ], [ 77.6513575, 12.9198333 ], [ 77.651324, 12.9198682 ], [ 77.6513276, 12.9199542 ], [ 77.6513669, 12.919991 ], [ 77.651531, 12.9200041 ], [ 77.6516244, 12.9200111 ] ] } },
{ "type": "Feature", "properties": { "full_id": "w1211243716", "osm_id": "1211243716", "osm_type": "way", "highway": "tertiary" }, "geometry": { "type": "LineString", "coordinates": [ [ 77.6652842, 12.927028 ], [ 77.6653422, 12.9269232 ], [ 77.6653496, 12.9268994 ], [ 77.665382, 12.9267192 ], [ 77.6654206, 12.926505 ], [ 77.6654268, 12.9264438 ], [ 77.6654314, 12.9263981 ], [ 77.6654145, 12.9260116 ], [ 77.6654129, 12.9259724 ], [ 77.6654083, 12.9258425 ], [ 77.6654055, 12.9255598 ], [ 77.6654023, 12.9252305 ], [ 77.6653992, 12.9251286 ], [ 77.6653915, 12.9247877 ], [ 77.6653754, 12.9243278 ], [ 77.6653727, 12.924225 ], [ 77.6653637, 12.9238776 ], [ 77.6653647, 12.9237519 ], [ 77.6653639, 12.9236764 ] ] } },
{ "type": "Feature", "properties": { "full_id": "w1212366087", "osm_id": "1212366087", "osm_type": "way", "highway": "footway" }, "geometry": { "type": "LineString", "coordinates": [ [ 77.667201870340605, 12.923018408041859 ], [ 77.6669917, 12.9229986 ], [ 77.6668207, 12.9230019 ], [ 77.6663969, 12.9230208 ], [ 77.6662192, 12.9230234 ], [ 77.6658035, 12.9229921 ], [ 77.6653919, 12.9229427 ] ] } },
{ "type": "Feature", "properties": { "full_id": "w1212366088", "osm_id": "1212366088", "osm_type": "way", "highway": "footway" }, "geometry": { "type": "LineString", "coordinates": [ [ 77.667350257232741, 12.923252740621921 ], [ 77.6673458, 12.9232901 ], [ 77.6672613, 12.9235855 ], [ 77.6670977, 12.9240234 ], [ 77.6670393, 12.9241855 ], [ 77.6670167, 12.9244559 ], [ 77.6669877, 12.9248038 ] ] } },
{ "type": "Feature", "properties": { "full_id": "w1212554474", "osm_id": "1212554474", "osm_type": "way", "highway": "residential" }, "geometry": { "type": "LineString", "coordinates": [ [ 77.6688042, 12.9269834 ], [ 77.6688015, 12.9267664 ], [ 77.6687948, 12.9267402 ], [ 77.6687747, 12.9267089 ], [ 77.6687163, 12.9266812 ] ] } },
{ "type": "Feature", "properties": { "full_id": "w1212554475", "osm_id": "1212554475", "osm_type": "way", "highway": "residential" }, "geometry": { "type": "LineString", "coordinates": [ [ 77.6687425, 12.9267455 ], [ 77.6687627, 12.9267703 ], [ 77.668764, 12.9267965 ], [ 77.6687667, 12.9270095 ], [ 77.6687492, 12.92705 ], [ 77.6687078, 12.9270932 ] ] } },
{ "type": "Feature", "properties": { "full_id": "w1212554491", "osm_id": "1212554491", "osm_type": "way", "highway": "footway" }, "geometry": { "type": "LineString", "coordinates": [ [ 77.6678498, 12.9289321 ], [ 77.6689072, 12.9288955 ], [ 77.6690526, 12.9288997 ], [ 77.6691751, 12.928902 ] ] } },
{ "type": "Feature", "properties": { "full_id": "w1212554496", "osm_id": "1212554496", "osm_type": "way", "highway": "footway" }, "geometry": { "type": "LineString", "coordinates": [ [ 77.6652651, 12.9231064 ], [ 77.6652964, 12.9238773 ], [ 77.6653034, 12.924048 ], [ 77.6653107, 12.9242264 ], [ 77.665312, 12.9242581 ], [ 77.6653208, 12.9244643 ], [ 77.665328, 12.9247058 ], [ 77.6653335, 12.9248967 ], [ 77.6653402, 12.9251298 ], [ 77.6653442, 12.9253531 ], [ 77.6653479, 12.9255608 ], [ 77.6653515, 12.9257604 ], [ 77.665356, 12.926013 ], [ 77.6653595, 12.9261788 ], [ 77.6653642, 12.9263988 ], [ 77.6653562, 12.9265233 ], [ 77.665316, 12.9267768 ], [ 77.6652396, 12.9269716 ], [ 77.6652216, 12.9270177 ] ] } },
{ "type": "Feature", "properties": { "full_id": "w1212554497", "osm_id": "1212554497", "osm_type": "way", "highway": "footway" }, "geometry": { "type": "LineString", "coordinates": [ [ 77.6654788, 12.9259705 ], [ 77.6654757, 12.9258413 ], [ 77.665469, 12.9255503 ], [ 77.6654615, 12.9252288 ], [ 77.6654512, 12.9247858 ], [ 77.6654414, 12.9243267 ], [ 77.6654389, 12.9242234 ], [ 77.6654243, 12.9237535 ], [ 77.6654069, 12.9230715 ] ] } },
{ "type": "Feature", "properties": { "full_id": "w1212554498", "osm_id": "1212554498", "osm_type": "way", "highway": "footway" }, "geometry": { "type": "LineString", "coordinates": [ [ 77.6653536, 12.9270408 ], [ 77.6654139, 12.9268814 ], [ 77.66545, 12.926721 ], [ 77.665489, 12.9265481 ] ] } },
{ "type": "Feature", "properties": { "full_id": "w1212920600", "osm_id": "1212920600", "osm_type": "way", "highway": "proposed" }, "geometry": { "type": "LineString", "coordinates": [ [ 77.6662517, 12.9271023 ], [ 77.6677313, 12.9272378 ] ] } },
{ "type": "Feature", "properties": { "full_id": "w1212920601", "osm_id": "1212920601", "osm_type": "way", "highway": "service" }, "geometry": { "type": "LineString", "coordinates": [ [ 77.665382, 12.9267192 ], [ 77.66545, 12.926721 ], [ 77.665489, 12.9267324 ], [ 77.6655654, 12.9267499 ] ] } },
{ "type": "Feature", "properties": { "full_id": "w1212920602", "osm_id": "1212920602", "osm_type": "way", "highway": "service" }, "geometry": { "type": "LineString", "coordinates": [ [ 77.6655011, 12.9268945 ], [ 77.6655654, 12.9267499 ], [ 77.6658069, 12.9262449 ], [ 77.6661002, 12.926263 ], [ 77.6662937, 12.9262749 ], [ 77.6662293, 12.9269402 ], [ 77.6658276, 12.926915 ], [ 77.6655011, 12.9268945 ] ] } },
{ "type": "Feature", "properties": { "full_id": "w1213822159", "osm_id": "1213822159", "osm_type": "way", "highway": "footway" }, "geometry": { "type": "LineString", "coordinates": [ [ 77.6518346, 12.9159138 ], [ 77.6518896, 12.9159154 ], [ 77.6530147, 12.9159472 ] ] } },
{ "type": "Feature", "properties": { "full_id": "w1213822173", "osm_id": "1213822173", "osm_type": "way", "highway": "footway" }, "geometry": { "type": "LineString", "coordinates": [ [ 77.6517611, 12.912042 ], [ 77.6517626, 12.9119852 ], [ 77.6517648, 12.9119226 ] ] } },
{ "type": "Feature", "properties": { "full_id": "w1213822175", "osm_id": "1213822175", "osm_type": "way", "highway": "footway" }, "geometry": { "type": "LineString", "coordinates": [ [ 77.6517574, 12.9125661 ], [ 77.6517346, 12.9140108 ] ] } },
{ "type": "Feature", "properties": { "full_id": "w1213822176", "osm_id": "1213822176", "osm_type": "way", "highway": "footway" }, "geometry": { "type": "LineString", "coordinates": [ [ 77.6517606, 12.9120809 ], [ 77.6517621, 12.9124818 ] ] } },
{ "type": "Feature", "properties": { "full_id": "w1213822183", "osm_id": "1213822183", "osm_type": "way", "highway": "footway" }, "geometry": { "type": "LineString", "coordinates": [ [ 77.6516609, 12.9159106 ], [ 77.6516471, 12.9162949 ] ] } },
{ "type": "Feature", "properties": { "full_id": "w1213822184", "osm_id": "1213822184", "osm_type": "way", "highway": "footway" }, "geometry": { "type": "LineString", "coordinates": [ [ 77.6516438, 12.9163781 ], [ 77.6516281, 12.9172857 ] ] } },
{ "type": "Feature", "properties": { "full_id": "w1213822185", "osm_id": "1213822185", "osm_type": "way", "highway": "footway" }, "geometry": { "type": "LineString", "coordinates": [ [ 77.6516689, 12.9157968 ], [ 77.6516653, 12.9158486 ], [ 77.6516609, 12.9159106 ] ] } },
{ "type": "Feature", "properties": { "full_id": "w1213822186", "osm_id": "1213822186", "osm_type": "way", "highway": "footway" }, "geometry": { "type": "LineString", "coordinates": [ [ 77.6517212, 12.9144524 ], [ 77.6516722, 12.9157125 ], [ 77.6516689, 12.9157968 ] ] } },
{ "type": "Feature", "properties": { "full_id": "w1213822187", "osm_id": "1213822187", "osm_type": "way", "highway": "footway" }, "geometry": { "type": "LineString", "coordinates": [ [ 77.6517246, 12.9143818 ], [ 77.6517225, 12.9144258 ], [ 77.6517212, 12.9144524 ] ] } },
{ "type": "Feature", "properties": { "full_id": "w1213822188", "osm_id": "1213822188", "osm_type": "way", "highway": "footway" }, "geometry": { "type": "LineString", "coordinates": [ [ 77.6517334, 12.9140856 ], [ 77.6517246, 12.9143818 ] ] } },
{ "type": "Feature", "properties": { "full_id": "w1213822189", "osm_id": "1213822189", "osm_type": "way", "highway": "footway" }, "geometry": { "type": "LineString", "coordinates": [ [ 77.6517346, 12.9140108 ], [ 77.6517328, 12.9140506 ], [ 77.6517334, 12.9140856 ] ] } },
{ "type": "Feature", "properties": { "full_id": "w1213822190", "osm_id": "1213822190", "osm_type": "way", "highway": "footway" }, "geometry": { "type": "LineString", "coordinates": [ [ 77.6517621, 12.9124818 ], [ 77.6517591, 12.9125371 ], [ 77.6517574, 12.9125661 ] ] } },
{ "type": "Feature", "properties": { "full_id": "w1213822191", "osm_id": "1213822191", "osm_type": "way", "highway": "footway" }, "geometry": { "type": "LineString", "coordinates": [ [ 77.6516294, 12.9173818 ], [ 77.6515891, 12.9190006 ] ] } },
{ "type": "Feature", "properties": { "full_id": "w1213822192", "osm_id": "1213822192", "osm_type": "way", "highway": "footway" }, "geometry": { "type": "LineString", "coordinates": [ [ 77.6522095, 12.9146856 ], [ 77.6522149, 12.9143384 ] ] } },
{ "type": "Feature", "properties": { "full_id": "w1213822193", "osm_id": "1213822193", "osm_type": "way", "highway": "footway" }, "geometry": { "type": "LineString", "coordinates": [ [ 77.6520416, 12.9143359 ], [ 77.6520373, 12.9141342 ] ] } },
{ "type": "Feature", "properties": { "full_id": "w1213822194", "osm_id": "1213822194", "osm_type": "way", "highway": "footway" }, "geometry": { "type": "LineString", "coordinates": [ [ 77.6519432, 12.9146817 ], [ 77.6519486, 12.9143345 ] ] } },
{ "type": "Feature", "properties": { "full_id": "w1213822195", "osm_id": "1213822195", "osm_type": "way", "highway": "residential" }, "geometry": { "type": "LineString", "coordinates": [ [ 77.6520092, 12.914131 ], [ 77.6520158, 12.9141341 ], [ 77.6520373, 12.9141342 ], [ 77.6522643, 12.9141359 ], [ 77.6526126, 12.9141427 ], [ 77.6527956, 12.9141462 ], [ 77.6535955, 12.9141616 ] ] } },
{ "type": "Feature", "properties": { "full_id": "w1213822196", "osm_id": "1213822196", "osm_type": "way", "highway": "residential" }, "geometry": { "type": "LineString", "coordinates": [ [ 77.6522643, 12.9141359 ], [ 77.6522778, 12.9137746 ] ] } },
{ "type": "Feature", "properties": { "full_id": "w1213822198", "osm_id": "1213822198", "osm_type": "way", "highway": "residential" }, "geometry": { "type": "LineString", "coordinates": [ [ 77.652807, 12.9135617 ], [ 77.6524815, 12.9135557 ], [ 77.6524903, 12.913101 ] ] } },
{ "type": "Feature", "properties": { "full_id": "w1213822199", "osm_id": "1213822199", "osm_type": "way", "highway": "footway" }, "geometry": { "type": "LineString", "coordinates": [ [ 77.6519036, 12.9136661 ], [ 77.6519066, 12.912994 ], [ 77.651923, 12.9125435 ] ] } },
{ "type": "Feature", "properties": { "full_id": "w1213822200", "osm_id": "1213822200", "osm_type": "way", "highway": "footway" }, "geometry": { "type": "LineString", "coordinates": [ [ 77.6519023, 12.9137857 ], [ 77.6519036, 12.9137363 ], [ 77.6519036, 12.9136661 ] ] } },
{ "type": "Feature", "properties": { "full_id": "w1213822201", "osm_id": "1213822201", "osm_type": "way", "highway": "footway" }, "geometry": { "type": "LineString", "coordinates": [ [ 77.6518922, 12.915821 ], [ 77.6518379, 12.9158204 ] ] } },
{ "type": "Feature", "properties": { "full_id": "w1213822202", "osm_id": "1213822202", "osm_type": "way", "highway": "footway" }, "geometry": { "type": "LineString", "coordinates": [ [ 77.6518896, 12.9159154 ], [ 77.6518913, 12.9158531 ], [ 77.6518922, 12.915821 ] ] } },
{ "type": "Feature", "properties": { "full_id": "w1213822203", "osm_id": "1213822203", "osm_type": "way", "highway": "secondary" }, "geometry": { "type": "LineString", "coordinates": [ [ 77.6517675, 12.9154157 ], [ 77.6517212, 12.9154667 ] ] } },
{ "type": "Feature", "properties": { "full_id": "w1213822204", "osm_id": "1213822204", "osm_type": "way", "highway": "secondary" }, "geometry": { "type": "LineString", "coordinates": [ [ 77.6516978, 12.9161432 ], [ 77.651737, 12.9162058 ] ] } },
{ "type": "Feature", "properties": { "full_id": "w1213822205", "osm_id": "1213822205", "osm_type": "way", "highway": "footway" }, "geometry": { "type": "LineString", "coordinates": [ [ 77.6518379, 12.9158204 ], [ 77.6518412, 12.9157105 ], [ 77.6518721, 12.9146981 ], [ 77.6518882, 12.9143897 ], [ 77.6519023, 12.9137857 ] ] } },
{ "type": "Feature", "properties": { "full_id": "w1213822206", "osm_id": "1213822206", "osm_type": "way", "highway": "footway" }, "geometry": { "type": "LineString", "coordinates": [ [ 77.6514745, 12.9211117 ], [ 77.6514826, 12.9210369 ], [ 77.6514879, 12.9209882 ] ] } },
{ "type": "Feature", "properties": { "full_id": "w1213822207", "osm_id": "1213822207", "osm_type": "way", "highway": "footway" }, "geometry": { "type": "LineString", "coordinates": [ [ 77.6514879, 12.9209882 ], [ 77.6515087, 12.920634 ] ] } },
{ "type": "Feature", "properties": { "full_id": "w1213822208", "osm_id": "1213822208", "osm_type": "way", "highway": "footway" }, "geometry": { "type": "LineString", "coordinates": [ [ 77.6515087, 12.920634 ], [ 77.6515117, 12.9205915 ], [ 77.6515154, 12.9205399 ] ] } },
{ "type": "Feature", "properties": { "full_id": "w1213822209", "osm_id": "1213822209", "osm_type": "way", "highway": "footway" }, "geometry": { "type": "LineString", "coordinates": [ [ 77.6515154, 12.9205399 ], [ 77.651531, 12.9200041 ], [ 77.6515368, 12.9198061 ], [ 77.6515388, 12.9197373 ] ] } },
{ "type": "Feature", "properties": { "full_id": "w1213822210", "osm_id": "1213822210", "osm_type": "way", "highway": "footway" }, "geometry": { "type": "LineString", "coordinates": [ [ 77.6515431, 12.919701 ], [ 77.6515516, 12.9196288 ] ] } },
{ "type": "Feature", "properties": { "full_id": "w1213822211", "osm_id": "1213822211", "osm_type": "way", "highway": "footway" }, "geometry": { "type": "LineString", "coordinates": [ [ 77.6515694, 12.919086 ], [ 77.6515616, 12.9193288 ] ] } },
{ "type": "Feature", "properties": { "full_id": "w1213822212", "osm_id": "1213822212", "osm_type": "way", "highway": "footway" }, "geometry": { "type": "LineString", "coordinates": [ [ 77.6515576, 12.9194033 ], [ 77.6515516, 12.9196288 ] ] } },
{ "type": "Feature", "properties": { "full_id": "w1213822213", "osm_id": "1213822213", "osm_type": "way", "highway": "footway" }, "geometry": { "type": "LineString", "coordinates": [ [ 77.6515616, 12.9193288 ], [ 77.651559, 12.9193775 ], [ 77.6515576, 12.9194033 ] ] } },
{ "type": "Feature", "properties": { "full_id": "w1213822214", "osm_id": "1213822214", "osm_type": "way", "highway": "footway" }, "geometry": { "type": "LineString", "coordinates": [ [ 77.6516471, 12.9162949 ], [ 77.6516451, 12.9163446 ], [ 77.6516438, 12.9163781 ] ] } },
{ "type": "Feature", "properties": { "full_id": "w1213822215", "osm_id": "1213822215", "osm_type": "way", "highway": "footway" }, "geometry": { "type": "LineString", "coordinates": [ [ 77.6515891, 12.9190006 ], [ 77.6515749, 12.9190271 ], [ 77.6515697, 12.9190765 ] ] } },
{ "type": "Feature", "properties": { "full_id": "w1213822216", "osm_id": "1213822216", "osm_type": "way", "highway": "footway" }, "geometry": { "type": "LineString", "coordinates": [ [ 77.6517279, 12.9196111 ], [ 77.6517762, 12.9180889 ], [ 77.651777, 12.918056 ], [ 77.6517762, 12.9180171 ], [ 77.6518124, 12.9163903 ] ] } },
{ "type": "Feature", "properties": { "full_id": "w1213822217", "osm_id": "1213822217", "osm_type": "way", "highway": "footway" }, "geometry": { "type": "LineString", "coordinates": [ [ 77.6517246, 12.9197072 ], [ 77.6517266, 12.9196621 ], [ 77.6517279, 12.9196111 ] ] } },
{ "type": "Feature", "properties": { "full_id": "w1213822218", "osm_id": "1213822218", "osm_type": "way", "highway": "footway" }, "geometry": { "type": "LineString", "coordinates": [ [ 77.651673, 12.9211268 ], [ 77.6516904, 12.9205908 ], [ 77.6517246, 12.9197072 ] ] } },
{ "type": "Feature", "properties": { "full_id": "w1213822219", "osm_id": "1213822219", "osm_type": "way", "highway": "footway" }, "geometry": { "type": "LineString", "coordinates": [ [ 77.651669553351937, 12.921151371265195 ], [ 77.651673, 12.9211268 ] ] } },
{ "type": "Feature", "properties": { "full_id": "w1213822220", "osm_id": "1213822220", "osm_type": "way", "highway": "footway" }, "geometry": { "type": "LineString", "coordinates": [ [ 77.6514454, 12.9227233 ], [ 77.6514366, 12.9226732 ], [ 77.6514275, 12.9226208 ] ] } },
{ "type": "Feature", "properties": { "full_id": "w1213822221", "osm_id": "1213822221", "osm_type": "way", "highway": "footway" }, "geometry": { "type": "LineString", "coordinates": [ [ 77.6514275, 12.9226208 ], [ 77.6514691, 12.9214862 ], [ 77.6514745, 12.9211117 ] ] } },
{ "type": "Feature", "properties": { "full_id": "w1213822222", "osm_id": "1213822222", "osm_type": "way", "highway": "footway" }, "geometry": { "type": "LineString", "coordinates": [ [ 77.6516495, 12.9240855 ], [ 77.6516468, 12.9240702 ], [ 77.6514948, 12.9232134 ], [ 77.6514454, 12.9227233 ] ] } },
{ "type": "Feature", "properties": { "full_id": "w1215278272", "osm_id": "1215278272", "osm_type": "way", "highway": "tertiary" }, "geometry": { "type": "LineString", "coordinates": [ [ 77.6324391, 12.9120397 ], [ 77.6324191, 12.9120813 ], [ 77.6324158, 12.9123323 ], [ 77.6324155, 12.9123548 ], [ 77.6324149, 12.9124067 ], [ 77.6324145, 12.9124327 ], [ 77.6324138, 12.9124887 ] ] } },
{ "type": "Feature", "properties": { "full_id": "w1215278273", "osm_id": "1215278273", "osm_type": "way", "highway": "tertiary" }, "geometry": { "type": "LineString", "coordinates": [ [ 77.632462, 12.9124069 ], [ 77.6324621, 12.9123546 ], [ 77.6324627, 12.9120801 ], [ 77.6324391, 12.9120397 ] ] } },
{ "type": "Feature", "properties": { "full_id": "w1215278274", "osm_id": "1215278274", "osm_type": "way", "highway": "tertiary" }, "geometry": { "type": "LineString", "coordinates": [ [ 77.632462, 12.9124069 ], [ 77.6324149, 12.9124067 ] ] } },
{ "type": "Feature", "properties": { "full_id": "w1215278275", "osm_id": "1215278275", "osm_type": "way", "highway": "footway" }, "geometry": { "type": "LineString", "coordinates": [ [ 77.6322826, 12.9138484 ], [ 77.6322857, 12.9137829 ], [ 77.6322886, 12.9137054 ] ] } },
{ "type": "Feature", "properties": { "full_id": "w1215278276", "osm_id": "1215278276", "osm_type": "way", "highway": "footway" }, "geometry": { "type": "LineString", "coordinates": [ [ 77.6322886, 12.9137054 ], [ 77.6322892, 12.9136856 ], [ 77.6323007, 12.9133282 ], [ 77.632301, 12.9133184 ] ] } },
{ "type": "Feature", "properties": { "full_id": "w1215278277", "osm_id": "1215278277", "osm_type": "way", "highway": "footway" }, "geometry": { "type": "LineString", "coordinates": [ [ 77.6323031, 12.9132422 ], [ 77.6323034, 12.9132354 ], [ 77.6323289, 12.9126308 ] ] } },
{ "type": "Feature", "properties": { "full_id": "w1215278278", "osm_id": "1215278278", "osm_type": "way", "highway": "footway" }, "geometry": { "type": "LineString", "coordinates": [ [ 77.632301, 12.9133184 ], [ 77.6323019, 12.9132828 ], [ 77.6323031, 12.9132422 ] ] } },
{ "type": "Feature", "properties": { "full_id": "w1215278279", "osm_id": "1215278279", "osm_type": "way", "highway": "footway" }, "geometry": { "type": "LineString", "coordinates": [ [ 77.6323333, 12.9125432 ], [ 77.6324136, 12.9125422 ], [ 77.6324587, 12.9125421 ], [ 77.6324938, 12.9125413 ] ] } },
{ "type": "Feature", "properties": { "full_id": "w1215278280", "osm_id": "1215278280", "osm_type": "way", "highway": "tertiary" }, "geometry": { "type": "LineString", "coordinates": [ [ 77.6324138, 12.9124887 ], [ 77.6324601, 12.9124885 ], [ 77.6325126, 12.9124882 ], [ 77.6328351, 12.9124864 ], [ 77.6328921, 12.9124485 ] ] } },
{ "type": "Feature", "properties": { "full_id": "w1215278281", "osm_id": "1215278281", "osm_type": "way", "highway": "tertiary" }, "geometry": { "type": "LineString", "coordinates": [ [ 77.6328921, 12.9124485 ], [ 77.632839, 12.9124082 ], [ 77.6325384, 12.9124071 ], [ 77.6325121, 12.912407 ], [ 77.632462, 12.9124069 ] ] } },
{ "type": "Feature", "properties": { "full_id": "w1215278282", "osm_id": "1215278282", "osm_type": "way", "highway": "tertiary" }, "geometry": { "type": "LineString", "coordinates": [ [ 77.6324459, 12.9129142 ], [ 77.6324553, 12.9126746 ], [ 77.6324581, 12.9125652 ], [ 77.6324587, 12.9125421 ], [ 77.6324601, 12.9124885 ], [ 77.632462, 12.9124069 ] ] } },
{ "type": "Feature", "properties": { "full_id": "w1215278283", "osm_id": "1215278283", "osm_type": "way", "highway": "footway" }, "geometry": { "type": "LineString", "coordinates": [ [ 77.632339, 12.9123456 ], [ 77.6323544, 12.9118869 ] ] } },
{ "type": "Feature", "properties": { "full_id": "w1215278284", "osm_id": "1215278284", "osm_type": "way", "highway": "tertiary" }, "geometry": { "type": "LineString", "coordinates": [ [ 77.6324138, 12.9124887 ], [ 77.6324136, 12.9125422 ], [ 77.6324138, 12.9125944 ], [ 77.6324126, 12.9126746 ], [ 77.6324009, 12.9128839 ], [ 77.6324003, 12.9129069 ] ] } },
{ "type": "Feature", "properties": { "full_id": "w1215278285", "osm_id": "1215278285", "osm_type": "way", "highway": "footway" }, "geometry": { "type": "LineString", "coordinates": [ [ 77.6323289, 12.9126308 ], [ 77.632332, 12.9125792 ], [ 77.6323333, 12.9125432 ], [ 77.6323356, 12.9124674 ] ] } },
{ "type": "Feature", "properties": { "full_id": "w1215278286", "osm_id": "1215278286", "osm_type": "way", "highway": "footway" }, "geometry": { "type": "LineString", "coordinates": [ [ 77.6323356, 12.9124674 ], [ 77.6323375, 12.9124196 ], [ 77.632339, 12.9123456 ] ] } },
{ "type": "Feature", "properties": { "full_id": "w1215278287", "osm_id": "1215278287", "osm_type": "way", "highway": "footway" }, "geometry": { "type": "LineString", "coordinates": [ [ 77.6323544, 12.9118869 ], [ 77.6323564, 12.9118328 ] ] } },
{ "type": "Feature", "properties": { "full_id": "w1215278288", "osm_id": "1215278288", "osm_type": "way", "highway": "footway" }, "geometry": { "type": "LineString", "coordinates": [ [ 77.6323564, 12.9118328 ], [ 77.6323627, 12.9116133 ], [ 77.632412, 12.9100491 ] ] } },
{ "type": "Feature", "properties": { "full_id": "w1215278291", "osm_id": "1215278291", "osm_type": "way", "highway": "footway" }, "geometry": { "type": "LineString", "coordinates": [ [ 77.6324194, 12.9099217 ], [ 77.6324321, 12.9090014 ] ] } },
{ "type": "Feature", "properties": { "full_id": "w1215278292", "osm_id": "1215278292", "osm_type": "way", "highway": "footway" }, "geometry": { "type": "LineString", "coordinates": [ [ 77.632412, 12.9100491 ], [ 77.6324148, 12.910001 ], [ 77.6324194, 12.9099217 ] ] } },
{ "type": "Feature", "properties": { "full_id": "w1215278293", "osm_id": "1215278293", "osm_type": "way", "highway": "footway" }, "geometry": { "type": "LineString", "coordinates": [ [ 77.6324396, 12.9089491 ], [ 77.6324489, 12.9088772 ] ] } },
{ "type": "Feature", "properties": { "full_id": "w1215278294", "osm_id": "1215278294", "osm_type": "way", "highway": "footway" }, "geometry": { "type": "LineString", "coordinates": [ [ 77.632243, 12.9155511 ], [ 77.6322821, 12.9138688 ], [ 77.6322826, 12.9138484 ] ] } },
{ "type": "Feature", "properties": { "full_id": "w1215278295", "osm_id": "1215278295", "osm_type": "way", "highway": "footway" }, "geometry": { "type": "LineString", "coordinates": [ [ 77.632498, 12.9130158 ], [ 77.6325137, 12.9125414 ], [ 77.6325129, 12.9125311 ] ] } },
{ "type": "Feature", "properties": { "full_id": "w1215278296", "osm_id": "1215278296", "osm_type": "way", "highway": "footway" }, "geometry": { "type": "LineString", "coordinates": [ [ 77.6325137, 12.9125414 ], [ 77.6340038, 12.9125223 ] ] } },
{ "type": "Feature", "properties": { "full_id": "w1215278297", "osm_id": "1215278297", "osm_type": "way", "highway": "footway" }, "geometry": { "type": "LineString", "coordinates": [ [ 77.6341481, 12.9125191 ], [ 77.635143, 12.9124738 ] ] } },
{ "type": "Feature", "properties": { "full_id": "w1215278298", "osm_id": "1215278298", "osm_type": "way", "highway": "footway" }, "geometry": { "type": "LineString", "coordinates": [ [ 77.6340038, 12.9125223 ], [ 77.6340644, 12.9125209 ], [ 77.6341481, 12.9125191 ] ] } },
{ "type": "Feature", "properties": { "full_id": "w1215278299", "osm_id": "1215278299", "osm_type": "way", "highway": "footway" }, "geometry": { "type": "LineString", "coordinates": [ [ 77.6324838, 12.9134478 ], [ 77.6324958, 12.9131034 ] ] } },
{ "type": "Feature", "properties": { "full_id": "w1215278300", "osm_id": "1215278300", "osm_type": "way", "highway": "footway" }, "geometry": { "type": "LineString", "coordinates": [ [ 77.6324781, 12.9135476 ], [ 77.6324808, 12.9134998 ], [ 77.6324838, 12.9134478 ] ] } },
{ "type": "Feature", "properties": { "full_id": "w1215278301", "osm_id": "1215278301", "osm_type": "way", "highway": "footway" }, "geometry": { "type": "LineString", "coordinates": [ [ 77.6324958, 12.9131034 ], [ 77.6324965, 12.9130602 ], [ 77.632498, 12.9130158 ] ] } },
{ "type": "Feature", "properties": { "full_id": "w1215278302", "osm_id": "1215278302", "osm_type": "way", "highway": "footway" }, "geometry": { "type": "LineString", "coordinates": [ [ 77.6325129, 12.9125311 ], [ 77.6325126, 12.9124882 ], [ 77.6325121, 12.912407 ], [ 77.6325119, 12.9123687 ] ] } },
{ "type": "Feature", "properties": { "full_id": "w1215278303", "osm_id": "1215278303", "osm_type": "way", "highway": "footway" }, "geometry": { "type": "LineString", "coordinates": [ [ 77.6323986, 12.9160844 ], [ 77.6324174, 12.9153825 ], [ 77.6324422, 12.9146514 ], [ 77.6324429, 12.9146308 ] ] } },
{ "type": "Feature", "properties": { "full_id": "w1215278306", "osm_id": "1215278306", "osm_type": "way", "highway": "residential" }, "geometry": { "type": "LineString", "coordinates": [ [ 77.6268249, 12.9137291 ], [ 77.6271381, 12.9136207 ], [ 77.6274227, 12.9135476 ] ] } },
{ "type": "Feature", "properties": { "full_id": "w1215278387", "osm_id": "1215278387", "osm_type": "way", "highway": "footway" }, "geometry": { "type": "LineString", "coordinates": [ [ 77.6351967, 12.9133995 ], [ 77.6351816, 12.91303 ] ] } },
{ "type": "Feature", "properties": { "full_id": "w1215278388", "osm_id": "1215278388", "osm_type": "way", "highway": "footway" }, "geometry": { "type": "LineString", "coordinates": [ [ 77.6352182, 12.91397 ], [ 77.6352096, 12.9137514 ], [ 77.6352011, 12.9135344 ], [ 77.6351993, 12.9134847 ] ] } },
{ "type": "Feature", "properties": { "full_id": "w1215278397", "osm_id": "1215278397", "osm_type": "way", "highway": "footway" }, "geometry": { "type": "LineString", "coordinates": [ [ 77.6352704, 12.9152798 ], [ 77.6352645, 12.9149295 ] ] } },
{ "type": "Feature", "properties": { "full_id": "w1215278398", "osm_id": "1215278398", "osm_type": "way", "highway": "footway" }, "geometry": { "type": "LineString", "coordinates": [ [ 77.63529, 12.9158125 ], [ 77.6352726, 12.9153649 ] ] } },
{ "type": "Feature", "properties": { "full_id": "w1215278399", "osm_id": "1215278399", "osm_type": "way", "highway": "footway" }, "geometry": { "type": "LineString", "coordinates": [ [ 77.6354215, 12.9152583 ], [ 77.6353987, 12.9141681 ] ] } },
{ "type": "Feature", "properties": { "full_id": "w1215278400", "osm_id": "1215278400", "osm_type": "way", "highway": "footway" }, "geometry": { "type": "LineString", "coordinates": [ [ 77.6354456, 12.9157903 ], [ 77.6354268, 12.9153498 ] ] } },
{ "type": "Feature", "properties": { "full_id": "w1215278401", "osm_id": "1215278401", "osm_type": "way", "highway": "footway" }, "geometry": { "type": "LineString", "coordinates": [ [ 77.6352645, 12.9149295 ], [ 77.6352641, 12.9149057 ], [ 77.6352622, 12.9148576 ] ] } },
{ "type": "Feature", "properties": { "full_id": "w1215278402", "osm_id": "1215278402", "osm_type": "way", "highway": "footway" }, "geometry": { "type": "LineString", "coordinates": [ [ 77.6352622, 12.9148576 ], [ 77.63525, 12.9145363 ] ] } },
{ "type": "Feature", "properties": { "full_id": "w1215278403", "osm_id": "1215278403", "osm_type": "way", "highway": "footway" }, "geometry": { "type": "LineString", "coordinates": [ [ 77.6352234, 12.9140473 ], [ 77.6352202, 12.9140195 ], [ 77.6352182, 12.91397 ] ] } },
{ "type": "Feature", "properties": { "full_id": "w1215278404", "osm_id": "1215278404", "osm_type": "way", "highway": "footway" }, "geometry": { "type": "LineString", "coordinates": [ [ 77.6352359, 12.9144244 ], [ 77.6352234, 12.9140473 ] ] } },
{ "type": "Feature", "properties": { "full_id": "w1215278405", "osm_id": "1215278405", "osm_type": "way", "highway": "service" }, "geometry": { "type": "LineString", "coordinates": [ [ 77.6352866, 12.9135336 ], [ 77.6352011, 12.9135344 ], [ 77.6351903, 12.9135347 ], [ 77.6348059, 12.9135459 ] ] } },
{ "type": "Feature", "properties": { "full_id": "w1215278407", "osm_id": "1215278407", "osm_type": "way", "highway": "footway" }, "geometry": { "type": "LineString", "coordinates": [ [ 77.6353987, 12.9141681 ], [ 77.6353948, 12.9141024 ], [ 77.6353906, 12.9140321 ] ] } },
{ "type": "Feature", "properties": { "full_id": "w1215278408", "osm_id": "1215278408", "osm_type": "way", "highway": "footway" }, "geometry": { "type": "LineString", "coordinates": [ [ 77.6353195, 12.9124605 ], [ 77.6353181, 12.912393 ], [ 77.6353162, 12.9123197 ] ] } },
{ "type": "Feature", "properties": { "full_id": "w1215278409", "osm_id": "1215278409", "osm_type": "way", "highway": "footway" }, "geometry": { "type": "LineString", "coordinates": [ [ 77.6354268, 12.9153498 ], [ 77.6354235, 12.9153138 ], [ 77.6354215, 12.9152583 ] ] } },
{ "type": "Feature", "properties": { "full_id": "w1215278417", "osm_id": "1215278417", "osm_type": "way", "highway": "footway" }, "geometry": { "type": "LineString", "coordinates": [ [ 77.63525, 12.9145363 ], [ 77.6352429, 12.9144798 ], [ 77.6352359, 12.9144244 ] ] } },
{ "type": "Feature", "properties": { "full_id": "w1215278418", "osm_id": "1215278418", "osm_type": "way", "highway": "footway" }, "geometry": { "type": "LineString", "coordinates": [ [ 77.6352726, 12.9153649 ], [ 77.6352712, 12.9153289 ], [ 77.6352704, 12.9152798 ] ] } },
{ "type": "Feature", "properties": { "full_id": "w1215278421", "osm_id": "1215278421", "osm_type": "way", "highway": "footway" }, "geometry": { "type": "LineString", "coordinates": [ [ 77.6351421, 12.9124603 ], [ 77.6351411, 12.9123984 ], [ 77.6351402, 12.9123393 ] ] } },
{ "type": "Feature", "properties": { "full_id": "w1215278422", "osm_id": "1215278422", "osm_type": "way", "highway": "footway" }, "geometry": { "type": "LineString", "coordinates": [ [ 77.6351816, 12.91303 ], [ 77.6351807, 12.9130069 ], [ 77.6351789, 12.9129607 ] ] } },
{ "type": "Feature", "properties": { "full_id": "w1215278424", "osm_id": "1215278424", "osm_type": "way", "highway": "footway" }, "geometry": { "type": "LineString", "coordinates": [ [ 77.6351993, 12.9134847 ], [ 77.635198, 12.9134506 ], [ 77.6351967, 12.9133995 ] ] } },
{ "type": "Feature", "properties": { "full_id": "w1215337257", "osm_id": "1215337257", "osm_type": "way", "highway": "footway" }, "geometry": { "type": "LineString", "coordinates": [ [ 77.6380056, 12.9124409 ], [ 77.6380182, 12.9124403 ] ] } },
{ "type": "Feature", "properties": { "full_id": "w1215337258", "osm_id": "1215337258", "osm_type": "way", "highway": "footway" }, "geometry": { "type": "LineString", "coordinates": [ [ 77.6382016, 12.9128348 ], [ 77.638201, 12.9128637 ], [ 77.6382016, 12.9128851 ] ] } },
{ "type": "Feature", "properties": { "full_id": "w1215337259", "osm_id": "1215337259", "osm_type": "way", "highway": "footway" }, "geometry": { "type": "LineString", "coordinates": [ [ 77.6382016, 12.9128851 ], [ 77.6382382, 12.9140273 ], [ 77.6382508, 12.9144107 ] ] } },
{ "type": "Feature", "properties": { "full_id": "w1215337260", "osm_id": "1215337260", "osm_type": "way", "highway": "footway" }, "geometry": { "type": "LineString", "coordinates": [ [ 77.6382538, 12.9145187 ], [ 77.6382543, 12.9145336 ], [ 77.6382742, 12.9150825 ] ] } },
{ "type": "Feature", "properties": { "full_id": "w1215337261", "osm_id": "1215337261", "osm_type": "way", "highway": "footway" }, "geometry": { "type": "LineString", "coordinates": [ [ 77.6382512, 12.9144292 ], [ 77.6382516, 12.9144501 ], [ 77.6382521, 12.9144818 ], [ 77.638253, 12.9145016 ], [ 77.6382538, 12.9145187 ] ] } },
{ "type": "Feature", "properties": { "full_id": "w1215337262", "osm_id": "1215337262", "osm_type": "way", "highway": "footway" }, "geometry": { "type": "LineString", "coordinates": [ [ 77.6286155, 12.9141172 ], [ 77.6286164, 12.9141053 ] ] } },
{ "type": "Feature", "properties": { "full_id": "w1215337263", "osm_id": "1215337263", "osm_type": "way", "highway": "footway" }, "geometry": { "type": "LineString", "coordinates": [ [ 77.6286164, 12.9141053 ], [ 77.6286239, 12.9140513 ], [ 77.6286314, 12.9139844 ] ] } },
{ "type": "Feature", "properties": { "full_id": "w1215337264", "osm_id": "1215337264", "osm_type": "way", "highway": "footway" }, "geometry": { "type": "LineString", "coordinates": [ [ 77.6286237, 12.9139625 ], [ 77.6285887, 12.9139636 ], [ 77.6285543, 12.9139645 ] ] } },
{ "type": "Feature", "properties": { "full_id": "w1215337265", "osm_id": "1215337265", "osm_type": "way", "highway": "footway" }, "geometry": { "type": "LineString", "coordinates": [ [ 77.6285543, 12.9139645 ], [ 77.6285468, 12.9139645 ], [ 77.6279844, 12.9140073 ] ] } },
{ "type": "Feature", "properties": { "full_id": "w1215337266", "osm_id": "1215337266", "osm_type": "way", "highway": "footway" }, "geometry": { "type": "LineString", "coordinates": [ [ 77.6286284, 12.9135844 ], [ 77.6286283, 12.9135569 ], [ 77.6286281, 12.9135236 ] ] } },
{ "type": "Feature", "properties": { "full_id": "w1215337269", "osm_id": "1215337269", "osm_type": "way", "highway": "footway" }, "geometry": { "type": "LineString", "coordinates": [ [ 77.6285235, 12.9134269 ], [ 77.6285238, 12.913458 ], [ 77.6285242, 12.9135008 ] ] } },
{ "type": "Feature", "properties": { "full_id": "w1215337272", "osm_id": "1215337272", "osm_type": "way", "highway": "footway" }, "geometry": { "type": "LineString", "coordinates": [ [ 77.6286153, 12.9131459 ], [ 77.6286145, 12.9131122 ], [ 77.6286137, 12.9130812 ] ] } },
{ "type": "Feature", "properties": { "full_id": "w1215337274", "osm_id": "1215337274", "osm_type": "way", "highway": "residential" }, "geometry": { "type": "LineString", "coordinates": [ [ 77.6282654, 12.9134822 ], [ 77.6282462, 12.9134312 ], [ 77.6282407, 12.9134168 ], [ 77.6282326, 12.9133956 ], [ 77.6280831, 12.913003 ], [ 77.6280743, 12.912992 ], [ 77.6280665, 12.9129892 ], [ 77.6280499, 12.912989 ], [ 77.6278772, 12.9130275 ], [ 77.6278702, 12.9130357 ], [ 77.6278693, 12.9130474 ], [ 77.6280016, 12.9134249 ], [ 77.6280117, 12.9134337 ], [ 77.6280231, 12.913434 ], [ 77.6282326, 12.9133956 ] ] } },
{ "type": "Feature", "properties": { "full_id": "w1215337277", "osm_id": "1215337277", "osm_type": "way", "highway": "footway" }, "geometry": { "type": "LineString", "coordinates": [ [ 77.6297177, 12.9140648 ], [ 77.6292752, 12.9140857 ] ] } },
{ "type": "Feature", "properties": { "full_id": "w1215337278", "osm_id": "1215337278", "osm_type": "way", "highway": "footway" }, "geometry": { "type": "LineString", "coordinates": [ [ 77.6316932, 12.9139027 ], [ 77.6303333, 12.9140151 ], [ 77.629821, 12.914057 ] ] } },
{ "type": "Feature", "properties": { "full_id": "w1215337279", "osm_id": "1215337279", "osm_type": "way", "highway": "footway" }, "geometry": { "type": "LineString", "coordinates": [ [ 77.6318058, 12.9138923 ], [ 77.6317317, 12.9138992 ], [ 77.6316932, 12.9139027 ] ] } },
{ "type": "Feature", "properties": { "full_id": "w1215337280", "osm_id": "1215337280", "osm_type": "way", "highway": "footway" }, "geometry": { "type": "LineString", "coordinates": [ [ 77.6322821, 12.9138688 ], [ 77.6318058, 12.9138923 ] ] } },
{ "type": "Feature", "properties": { "full_id": "w1215337281", "osm_id": "1215337281", "osm_type": "way", "highway": "footway" }, "geometry": { "type": "LineString", "coordinates": [ [ 77.6286274, 12.9141171 ], [ 77.6286155, 12.9141172 ], [ 77.6280749, 12.9141524 ] ] } },
{ "type": "Feature", "properties": { "full_id": "w1215337282", "osm_id": "1215337282", "osm_type": "way", "highway": "footway" }, "geometry": { "type": "LineString", "coordinates": [ [ 77.6291531, 12.9140962 ], [ 77.62872, 12.9141184 ] ] } },
{ "type": "Feature", "properties": { "full_id": "w1215337283", "osm_id": "1215337283", "osm_type": "way", "highway": "footway" }, "geometry": { "type": "LineString", "coordinates": [ [ 77.6292752, 12.9140857 ], [ 77.6292227, 12.9140902 ], [ 77.6291531, 12.9140962 ] ] } },
{ "type": "Feature", "properties": { "full_id": "w1215337284", "osm_id": "1215337284", "osm_type": "way", "highway": "footway" }, "geometry": { "type": "LineString", "coordinates": [ [ 77.62872, 12.9141184 ], [ 77.628659, 12.9141184 ], [ 77.6286274, 12.9141171 ] ] } },
{ "type": "Feature", "properties": { "full_id": "w1215337285", "osm_id": "1215337285", "osm_type": "way", "highway": "footway" }, "geometry": { "type": "LineString", "coordinates": [ [ 77.629821, 12.914057 ], [ 77.6297834, 12.9140598 ], [ 77.6297177, 12.9140648 ] ] } },
{ "type": "Feature", "properties": { "full_id": "w1215337287", "osm_id": "1215337287", "osm_type": "way", "highway": "footway" }, "geometry": { "type": "LineString", "coordinates": [ [ 77.6322892, 12.9136856 ], [ 77.6317361, 12.9137289 ], [ 77.630523, 12.9138289 ], [ 77.630513, 12.9138289 ] ] } },
{ "type": "Feature", "properties": { "full_id": "w1215337288", "osm_id": "1215337288", "osm_type": "way", "highway": "footway" }, "geometry": { "type": "LineString", "coordinates": [ [ 77.630513, 12.9138289 ], [ 77.6304681, 12.9138333 ], [ 77.6304399, 12.9138361 ] ] } },
{ "type": "Feature", "properties": { "full_id": "w1215337289", "osm_id": "1215337289", "osm_type": "way", "highway": "footway" }, "geometry": { "type": "LineString", "coordinates": [ [ 77.6304399, 12.9138361 ], [ 77.6304293, 12.9138372 ], [ 77.6292054, 12.9139302 ], [ 77.6286316, 12.9139626 ], [ 77.6286237, 12.9139625 ] ] } },
{ "type": "Feature", "properties": { "full_id": "w1215337290", "osm_id": "1215337290", "osm_type": "way", "highway": "footway" }, "geometry": { "type": "LineString", "coordinates": [ [ 77.6304165, 12.9125249 ], [ 77.6304171, 12.9125411 ] ] } },
{ "type": "Feature", "properties": { "full_id": "w1215337291", "osm_id": "1215337291", "osm_type": "way", "highway": "footway" }, "geometry": { "type": "LineString", "coordinates": [ [ 77.6304198, 12.9126027 ], [ 77.6304199, 12.9126119 ], [ 77.6304239, 12.9129547 ] ] } },
{ "type": "Feature", "properties": { "full_id": "w1215337292", "osm_id": "1215337292", "osm_type": "way", "highway": "footway" }, "geometry": { "type": "LineString", "coordinates": [ [ 77.6286137, 12.9130812 ], [ 77.6286133, 12.9130748 ], [ 77.6286133, 12.9129576 ], [ 77.6286274, 12.9128145 ], [ 77.6286475, 12.9127511 ], [ 77.6286938, 12.9127151 ], [ 77.6292383, 12.9126733 ], [ 77.6304199, 12.9126119 ] ] } },
{ "type": "Feature", "properties": { "full_id": "w1215337293", "osm_id": "1215337293", "osm_type": "way", "highway": "footway" }, "geometry": { "type": "LineString", "coordinates": [ [ 77.6304166, 12.9133916 ], [ 77.629528, 12.9134537 ], [ 77.6286273, 12.9135119 ], [ 77.628618, 12.9135125 ] ] } },
{ "type": "Feature", "properties": { "full_id": "w1215337294", "osm_id": "1215337294", "osm_type": "way", "highway": "footway" }, "geometry": { "type": "LineString", "coordinates": [ [ 77.6305026, 12.9134795 ], [ 77.6304685, 12.9134821 ], [ 77.6304346, 12.9134851 ] ] } },
{ "type": "Feature", "properties": { "full_id": "w1215337295", "osm_id": "1215337295", "osm_type": "way", "highway": "footway" }, "geometry": { "type": "LineString", "coordinates": [ [ 77.6304346, 12.9134851 ], [ 77.6304163, 12.9134857 ], [ 77.6296426, 12.9135321 ], [ 77.6286286, 12.9135942 ] ] } },
{ "type": "Feature", "properties": { "full_id": "w1215337296", "osm_id": "1215337296", "osm_type": "way", "highway": "footway" }, "geometry": { "type": "LineString", "coordinates": [ [ 77.6304299, 12.9138615 ], [ 77.6304293, 12.9138372 ], [ 77.6304163, 12.9134857 ], [ 77.6304158, 12.913472 ] ] } },
{ "type": "Feature", "properties": { "full_id": "w1215337297", "osm_id": "1215337297", "osm_type": "way", "highway": "footway" }, "geometry": { "type": "LineString", "coordinates": [ [ 77.6304158, 12.913472 ], [ 77.6304165, 12.9134433 ], [ 77.6304168, 12.913405 ] ] } },
{ "type": "Feature", "properties": { "full_id": "w1215337298", "osm_id": "1215337298", "osm_type": "way", "highway": "footway" }, "geometry": { "type": "LineString", "coordinates": [ [ 77.6304188, 12.9130334 ], [ 77.6304192, 12.9130463 ], [ 77.6304166, 12.9133916 ], [ 77.6304168, 12.913405 ] ] } },
{ "type": "Feature", "properties": { "full_id": "w1215337299", "osm_id": "1215337299", "osm_type": "way", "highway": "footway" }, "geometry": { "type": "LineString", "coordinates": [ [ 77.6304164, 12.9129552 ], [ 77.6304168, 12.9129665 ] ] } },
{ "type": "Feature", "properties": { "full_id": "w1215337300", "osm_id": "1215337300", "osm_type": "way", "highway": "footway" }, "geometry": { "type": "LineString", "coordinates": [ [ 77.6304168, 12.9129665 ], [ 77.6304178, 12.9129937 ], [ 77.6304188, 12.9130334 ] ] } },
{ "type": "Feature", "properties": { "full_id": "w1215337301", "osm_id": "1215337301", "osm_type": "way", "highway": "footway" }, "geometry": { "type": "LineString", "coordinates": [ [ 77.6286029, 12.9131553 ], [ 77.6286156, 12.9131546 ], [ 77.6300651, 12.9130602 ], [ 77.6304192, 12.9130463 ], [ 77.6304292, 12.9130459 ] ] } },
{ "type": "Feature", "properties": { "full_id": "w1215337302", "osm_id": "1215337302", "osm_type": "way", "highway": "footway" }, "geometry": { "type": "LineString", "coordinates": [ [ 77.6304239, 12.9129547 ], [ 77.6304164, 12.9129552 ], [ 77.628899, 12.9130602 ], [ 77.6286133, 12.9130748 ], [ 77.6286039, 12.9130753 ] ] } },
{ "type": "Feature", "properties": { "full_id": "w1215337303", "osm_id": "1215337303", "osm_type": "way", "highway": "footway" }, "geometry": { "type": "LineString", "coordinates": [ [ 77.6304171, 12.9125411 ], [ 77.6304185, 12.9125735 ], [ 77.6304198, 12.9126027 ] ] } },
{ "type": "Feature", "properties": { "full_id": "w1215337304", "osm_id": "1215337304", "osm_type": "way", "highway": "footway" }, "geometry": { "type": "LineString", "coordinates": [ [ 77.6319969, 12.9132459 ], [ 77.6323034, 12.9132354 ] ] } },
{ "type": "Feature", "properties": { "full_id": "w1215337305", "osm_id": "1215337305", "osm_type": "way", "highway": "footway" }, "geometry": { "type": "LineString", "coordinates": [ [ 77.6319057, 12.9132563 ], [ 77.6319502, 12.9132505 ], [ 77.6319969, 12.9132459 ] ] } },
{ "type": "Feature", "properties": { "full_id": "w1215337306", "osm_id": "1215337306", "osm_type": "way", "highway": "footway" }, "geometry": { "type": "LineString", "coordinates": [ [ 77.6309657, 12.9130204 ], [ 77.6318903, 12.9128975 ], [ 77.6319104, 12.9129106 ], [ 77.6318958, 12.9132572 ] ] } },
{ "type": "Feature", "properties": { "full_id": "w1215337307", "osm_id": "1215337307", "osm_type": "way", "highway": "footway" }, "geometry": { "type": "LineString", "coordinates": [ [ 77.630967, 12.9133361 ], [ 77.6318958, 12.9132572 ], [ 77.6319057, 12.9132563 ] ] } },
{ "type": "Feature", "properties": { "full_id": "w1215337308", "osm_id": "1215337308", "osm_type": "way", "highway": "footway" }, "geometry": { "type": "LineString", "coordinates": [ [ 77.6323007, 12.9133282 ], [ 77.6309314, 12.9134367 ], [ 77.6305127, 12.9134791 ], [ 77.6305026, 12.9134795 ] ] } },
{ "type": "Feature", "properties": { "full_id": "w1215337309", "osm_id": "1215337309", "osm_type": "way", "highway": "footway" }, "geometry": { "type": "LineString", "coordinates": [ [ 77.6309656, 12.9130158 ], [ 77.6309657, 12.9130204 ], [ 77.630967, 12.9133361 ] ] } },
{ "type": "Feature", "properties": { "full_id": "w1215337310", "osm_id": "1215337310", "osm_type": "way", "highway": "footway" }, "geometry": { "type": "LineString", "coordinates": [ [ 77.6305117, 12.9133714 ], [ 77.6308771, 12.9133413 ] ] } },
{ "type": "Feature", "properties": { "full_id": "w1215337311", "osm_id": "1215337311", "osm_type": "way", "highway": "footway" }, "geometry": { "type": "LineString", "coordinates": [ [ 77.6305123, 12.91347 ], [ 77.6305127, 12.9134791 ], [ 77.630523, 12.9138289 ], [ 77.6305237, 12.9138537 ] ] } },
{ "type": "Feature", "properties": { "full_id": "w1215337312", "osm_id": "1215337312", "osm_type": "way", "highway": "footway" }, "geometry": { "type": "LineString", "coordinates": [ [ 77.6308624, 12.9126191 ], [ 77.6305184, 12.9126014 ], [ 77.6305117, 12.9133714 ], [ 77.630512, 12.913388 ] ] } },
{ "type": "Feature", "properties": { "full_id": "w1215337313", "osm_id": "1215337313", "osm_type": "way", "highway": "footway" }, "geometry": { "type": "LineString", "coordinates": [ [ 77.630512, 12.913388 ], [ 77.6305121, 12.9134364 ], [ 77.6305123, 12.91347 ] ] } },
{ "type": "Feature", "properties": { "full_id": "w1215337314", "osm_id": "1215337314", "osm_type": "way", "highway": "footway" }, "geometry": { "type": "LineString", "coordinates": [ [ 77.6309562, 12.9126531 ], [ 77.6309635, 12.9129392 ] ] } },
{ "type": "Feature", "properties": { "full_id": "w1215337315", "osm_id": "1215337315", "osm_type": "way", "highway": "footway" }, "geometry": { "type": "LineString", "coordinates": [ [ 77.630967, 12.9133361 ], [ 77.6309252, 12.9133385 ], [ 77.6308771, 12.9133413 ] ] } },
{ "type": "Feature", "properties": { "full_id": "w1215337316", "osm_id": "1215337316", "osm_type": "way", "highway": "footway" }, "geometry": { "type": "LineString", "coordinates": [ [ 77.6309549, 12.9125681 ], [ 77.6309556, 12.9126137 ], [ 77.6309562, 12.9126531 ] ] } },
{ "type": "Feature", "properties": { "full_id": "w1215337317", "osm_id": "1215337317", "osm_type": "way", "highway": "footway" }, "geometry": { "type": "LineString", "coordinates": [ [ 77.6309635, 12.9129392 ], [ 77.6309646, 12.912978 ], [ 77.6309656, 12.9130158 ] ] } },
{ "type": "Feature", "properties": { "full_id": "w1215337318", "osm_id": "1215337318", "osm_type": "way", "highway": "footway" }, "geometry": { "type": "LineString", "coordinates": [ [ 77.6308624, 12.9126191 ], [ 77.6308771, 12.9133413 ] ] } },
{ "type": "Feature", "properties": { "full_id": "w1215337319", "osm_id": "1215337319", "osm_type": "way", "highway": "footway" }, "geometry": { "type": "LineString", "coordinates": [ [ 77.6309549, 12.9125681 ], [ 77.6309757, 12.9122589 ] ] } },
{ "type": "Feature", "properties": { "full_id": "w1215337320", "osm_id": "1215337320", "osm_type": "way", "highway": "footway" }, "geometry": { "type": "LineString", "coordinates": [ [ 77.6309549, 12.9125681 ], [ 77.6309131, 12.9125655 ], [ 77.630863, 12.9125602 ], [ 77.6308626, 12.9125986 ], [ 77.6308624, 12.9126191 ] ] } },
{ "type": "Feature", "properties": { "full_id": "w1215337321", "osm_id": "1215337321", "osm_type": "way", "highway": "footway" }, "geometry": { "type": "LineString", "coordinates": [ [ 77.6308885, 12.9122204 ], [ 77.630863, 12.9125602 ], [ 77.6304165, 12.9125249 ], [ 77.6293516, 12.9125942 ] ] } },
{ "type": "Feature", "properties": { "full_id": "w1215337322", "osm_id": "1215337322", "osm_type": "way", "highway": "footway" }, "geometry": { "type": "LineString", "coordinates": [ [ 77.6324938, 12.9125413 ], [ 77.6325137, 12.9125414 ] ] } },
{ "type": "Feature", "properties": { "full_id": "w1215337323", "osm_id": "1215337323", "osm_type": "way", "highway": "steps" }, "geometry": { "type": "LineString", "coordinates": [ [ 77.635143, 12.9124738 ], [ 77.6351599, 12.9124732 ] ] } },
{ "type": "Feature", "properties": { "full_id": "w1215337324", "osm_id": "1215337324", "osm_type": "way", "highway": "footway" }, "geometry": { "type": "LineString", "coordinates": [ [ 77.6325173, 12.9119249 ], [ 77.6325121, 12.9123547 ], [ 77.6325119, 12.9123687 ] ] } },
{ "type": "Feature", "properties": { "full_id": "w1215337325", "osm_id": "1215337325", "osm_type": "way", "highway": "footway" }, "geometry": { "type": "LineString", "coordinates": [ [ 77.6328962, 12.912357 ], [ 77.6325121, 12.9123547 ], [ 77.6324965, 12.9123544 ] ] } },
{ "type": "Feature", "properties": { "full_id": "w1215337326", "osm_id": "1215337326", "osm_type": "way", "highway": "footway" }, "geometry": { "type": "LineString", "coordinates": [ [ 77.6329987, 12.9123557 ], [ 77.6329416, 12.9123568 ], [ 77.6328962, 12.912357 ] ] } },
{ "type": "Feature", "properties": { "full_id": "w1215337345", "osm_id": "1215337345", "osm_type": "way", "highway": "footway" }, "geometry": { "type": "LineString", "coordinates": [ [ 77.6351599, 12.9124732 ], [ 77.635175, 12.9124731 ] ] } },
{ "type": "Feature", "properties": { "full_id": "w1215337346", "osm_id": "1215337346", "osm_type": "way", "highway": "footway" }, "geometry": { "type": "LineString", "coordinates": [ [ 77.635175, 12.9124731 ], [ 77.6352301, 12.912472 ], [ 77.635288, 12.912471 ] ] } },
{ "type": "Feature", "properties": { "full_id": "w1215337347", "osm_id": "1215337347", "osm_type": "way", "highway": "footway" }, "geometry": { "type": "LineString", "coordinates": [ [ 77.6380053, 12.9124082 ], [ 77.6379536, 12.9124094 ], [ 77.6368988, 12.9124338 ], [ 77.6367854, 12.9124364 ], [ 77.6367042, 12.9124383 ], [ 77.6362602, 12.9124486 ], [ 77.63619, 12.9124502 ], [ 77.6361482, 12.9124511 ], [ 77.6358143, 12.9124589 ], [ 77.6357816, 12.9124596 ], [ 77.6357218, 12.912461 ], [ 77.6353199, 12.9124703 ], [ 77.635288, 12.912471 ] ] } },
{ "type": "Feature", "properties": { "full_id": "w1215337348", "osm_id": "1215337348", "osm_type": "way", "highway": "footway" }, "geometry": { "type": "LineString", "coordinates": [ [ 77.6353906, 12.9140321 ], [ 77.6353778, 12.9137494 ], [ 77.6353199, 12.9124703 ], [ 77.6353195, 12.9124605 ] ] } },
{ "type": "Feature", "properties": { "full_id": "w1215337349", "osm_id": "1215337349", "osm_type": "way", "highway": "footway" }, "geometry": { "type": "LineString", "coordinates": [ [ 77.635172, 12.9123145 ], [ 77.6351402, 12.9123151 ], [ 77.6329987, 12.9123557 ] ] } },
{ "type": "Feature", "properties": { "full_id": "w1215337350", "osm_id": "1215337350", "osm_type": "way", "highway": "footway" }, "geometry": { "type": "LineString", "coordinates": [ [ 77.6351402, 12.9123151 ], [ 77.6351402, 12.9123393 ] ] } },
{ "type": "Feature", "properties": { "full_id": "w1215337351", "osm_id": "1215337351", "osm_type": "way", "highway": "footway" }, "geometry": { "type": "LineString", "coordinates": [ [ 77.6352633, 12.9123027 ], [ 77.6352235, 12.9123079 ], [ 77.635172, 12.9123145 ] ] } },
{ "type": "Feature", "properties": { "full_id": "w1215337352", "osm_id": "1215337352", "osm_type": "way", "highway": "footway" }, "geometry": { "type": "LineString", "coordinates": [ [ 77.635143, 12.9124738 ], [ 77.6351421, 12.9124603 ] ] } },
{ "type": "Feature", "properties": { "full_id": "w1215337353", "osm_id": "1215337353", "osm_type": "way", "highway": "footway" }, "geometry": { "type": "LineString", "coordinates": [ [ 77.6351789, 12.9129607 ], [ 77.6351599, 12.9124732 ] ] } },
{ "type": "Feature", "properties": { "full_id": "w1215337354", "osm_id": "1215337354", "osm_type": "way", "highway": "footway" }, "geometry": { "type": "LineString", "coordinates": [ [ 77.6353162, 12.9123197 ], [ 77.6353161, 12.912301 ] ] } },
{ "type": "Feature", "properties": { "full_id": "w1215384059", "osm_id": "1215384059", "osm_type": "way", "highway": "proposed" }, "geometry": { "type": "MultiLineString", "coordinates": [ [ [ 77.662641314474172, 12.926031416543539 ], [ 77.662355098130149, 12.925115177171149 ] ], [ [ 77.661480776019516, 12.922415171167286 ], [ 77.6612672, 12.9217875 ] ] ] } },
{ "type": "Feature", "properties": { "full_id": "w1215699773", "osm_id": "1215699773", "osm_type": "way", "highway": "service" }, "geometry": { "type": "LineString", "coordinates": [ [ 77.667475, 12.9248024 ], [ 77.6674733, 12.9248383 ] ] } },
{ "type": "Feature", "properties": { "full_id": "w1215699774", "osm_id": "1215699774", "osm_type": "way", "highway": "service" }, "geometry": { "type": "LineString", "coordinates": [ [ 77.6674758, 12.9247636 ], [ 77.667475, 12.9248024 ] ] } },
{ "type": "Feature", "properties": { "full_id": "w1215838591", "osm_id": "1215838591", "osm_type": "way", "highway": "steps" }, "geometry": { "type": "LineString", "coordinates": [ [ 77.6674331, 12.9248061 ], [ 77.6674324, 12.9248335 ] ] } },
{ "type": "Feature", "properties": { "full_id": "w1215838592", "osm_id": "1215838592", "osm_type": "way", "highway": "footway" }, "geometry": { "type": "LineString", "coordinates": [ [ 77.6674315, 12.9247658 ], [ 77.6674331, 12.9248061 ] ] } },
{ "type": "Feature", "properties": { "full_id": "w1216411301", "osm_id": "1216411301", "osm_type": "way", "highway": "track" }, "geometry": { "type": "LineString", "coordinates": [ [ 77.659621563891719, 12.911505600138746 ], [ 77.6594135, 12.9121816 ], [ 77.6591935, 12.912647 ], [ 77.659097, 12.9131698 ], [ 77.659038, 12.9133162 ], [ 77.6589521, 12.913562 ], [ 77.6588663, 12.9138234 ], [ 77.6587644, 12.9142103 ], [ 77.6587161, 12.9148535 ], [ 77.6585283, 12.9151829 ], [ 77.6581903, 12.9161031 ], [ 77.6582011, 12.9163384 ] ] } },
{ "type": "Feature", "properties": { "full_id": "w1216411302", "osm_id": "1216411302", "osm_type": "way", "highway": "service" }, "geometry": { "type": "LineString", "coordinates": [ [ 77.6628275, 12.9190481 ], [ 77.662464380398362, 12.919168115044542 ] ] } },
{ "type": "Feature", "properties": { "full_id": "w1216411303", "osm_id": "1216411303", "osm_type": "way", "highway": "track" }, "geometry": { "type": "LineString", "coordinates": [ [ 77.664433550356321, 12.920116834781055 ], [ 77.664392, 12.9201971 ], [ 77.6641988, 12.9203854 ], [ 77.6639467, 12.9204586 ], [ 77.6638233, 12.9205004 ], [ 77.6633083, 12.9206102 ] ] } },
{ "type": "Feature", "properties": { "full_id": "w1216411304", "osm_id": "1216411304", "osm_type": "way", "highway": "track" }, "geometry": { "type": "LineString", "coordinates": [ [ 77.662258419587587, 12.916743418126137 ], [ 77.6624392, 12.9176874 ], [ 77.6626699, 12.918524 ], [ 77.6628275, 12.9190481 ] ] } },
{ "type": "Feature", "properties": { "full_id": "w1216411305", "osm_id": "1216411305", "osm_type": "way", "highway": "track" }, "geometry": { "type": "MultiLineString", "coordinates": [ [ [ 77.6582011, 12.9163384 ], [ 77.658421, 12.9162286 ], [ 77.6586034, 12.9162286 ], [ 77.6588609, 12.9163593 ], [ 77.6591023, 12.9164064 ], [ 77.6592526, 12.9163959 ], [ 77.6593277, 12.9164168 ], [ 77.6595315, 12.9165214 ], [ 77.6597998, 12.9166312 ], [ 77.6599822, 12.9166573 ], [ 77.6601216, 12.9166573 ], [ 77.660304, 12.9166312 ], [ 77.660436384439649, 12.916586301777979 ] ], [ [ 77.660533374449102, 12.916553407587475 ], [ 77.6613985, 12.91626 ], [ 77.662041557552811, 12.916137347390979 ] ] ] } },
{ "type": "Feature", "properties": { "full_id": "w1217023688", "osm_id": "1217023688", "osm_type": "way", "highway": "residential" }, "geometry": { "type": "LineString", "coordinates": [ [ 77.6325252, 12.9043824 ], [ 77.6324776, 12.9046868 ], [ 77.6324422, 12.9049025 ], [ 77.6324878, 12.9051425 ] ] } },
{ "type": "Feature", "properties": { "full_id": "w1221235226", "osm_id": "1221235226", "osm_type": "way", "highway": "footway" }, "geometry": { "type": "LineString", "coordinates": [ [ 77.6692659, 12.9289248 ], [ 77.6692997, 12.9289273 ], [ 77.669320991316241, 12.928928895114897 ] ] } },
{ "type": "Feature", "properties": { "full_id": "w1221235227", "osm_id": "1221235227", "osm_type": "way", "highway": "footway" }, "geometry": { "type": "LineString", "coordinates": [ [ 77.6691862, 12.9289048 ], [ 77.6692142, 12.9289118 ], [ 77.6692559, 12.9289223 ] ] } },
{ "type": "Feature", "properties": { "full_id": "w1221235228", "osm_id": "1221235228", "osm_type": "way", "highway": "footway" }, "geometry": { "type": "LineString", "coordinates": [ [ 77.6692559, 12.9289223 ], [ 77.6692659, 12.9289248 ] ] } },
{ "type": "Feature", "properties": { "full_id": "w1221235229", "osm_id": "1221235229", "osm_type": "way", "highway": "footway" }, "geometry": { "type": "LineString", "coordinates": [ [ 77.6691751, 12.928902 ], [ 77.6691862, 12.9289048 ] ] } },
{ "type": "Feature", "properties": { "full_id": "w1222498673", "osm_id": "1222498673", "osm_type": "way", "highway": "footway" }, "geometry": { "type": "LineString", "coordinates": [ [ 77.6445331, 12.911815 ], [ 77.6445248, 12.9116179 ] ] } },
{ "type": "Feature", "properties": { "full_id": "w1222498674", "osm_id": "1222498674", "osm_type": "way", "highway": "footway" }, "geometry": { "type": "LineString", "coordinates": [ [ 77.6445278, 12.9118152 ], [ 77.6445331, 12.911815 ], [ 77.6445438, 12.9118148 ] ] } },
{ "type": "Feature", "properties": { "full_id": "w1222498675", "osm_id": "1222498675", "osm_type": "way", "highway": "footway" }, "geometry": { "type": "LineString", "coordinates": [ [ 77.6445282, 12.9118437 ], [ 77.6445278, 12.9118152 ] ] } },
{ "type": "Feature", "properties": { "full_id": "w1222498676", "osm_id": "1222498676", "osm_type": "way", "highway": "footway" }, "geometry": { "type": "LineString", "coordinates": [ [ 77.6448031, 12.9122167 ], [ 77.6448024, 12.9121939 ] ] } },
{ "type": "Feature", "properties": { "full_id": "w1222498677", "osm_id": "1222498677", "osm_type": "way", "highway": "footway" }, "geometry": { "type": "LineString", "coordinates": [ [ 77.6447985, 12.9120698 ], [ 77.6447979, 12.9120516 ] ] } },
{ "type": "Feature", "properties": { "full_id": "w1222498678", "osm_id": "1222498678", "osm_type": "way", "highway": "footway" }, "geometry": { "type": "LineString", "coordinates": [ [ 77.6445524, 12.9122966 ], [ 77.6445659, 12.912296 ] ] } },
{ "type": "Feature", "properties": { "full_id": "w1222498679", "osm_id": "1222498679", "osm_type": "way", "highway": "footway" }, "geometry": { "type": "LineString", "coordinates": [ [ 77.6446945, 12.9122889 ], [ 77.6447167, 12.9122885 ] ] } },
{ "type": "Feature", "properties": { "full_id": "w1222498680", "osm_id": "1222498680", "osm_type": "way", "highway": "footway" }, "geometry": { "type": "LineString", "coordinates": [ [ 77.6445234, 12.9122496 ], [ 77.6445236, 12.9122319 ] ] } },
{ "type": "Feature", "properties": { "full_id": "w1222498681", "osm_id": "1222498681", "osm_type": "way", "highway": "footway" }, "geometry": { "type": "LineString", "coordinates": [ [ 77.6441992, 12.9122553 ], [ 77.6441996, 12.9122388 ] ] } },
{ "type": "Feature", "properties": { "full_id": "w1222498682", "osm_id": "1222498682", "osm_type": "way", "highway": "footway" }, "geometry": { "type": "LineString", "coordinates": [ [ 77.6444047, 12.9118347 ], [ 77.6427299, 12.9118851 ] ] } },
{ "type": "Feature", "properties": { "full_id": "w1222498683", "osm_id": "1222498683", "osm_type": "way", "highway": "footway" }, "geometry": { "type": "LineString", "coordinates": [ [ 77.6427299, 12.9118851 ], [ 77.6426895, 12.9118851 ], [ 77.6426261, 12.9118851 ] ] } },
{ "type": "Feature", "properties": { "full_id": "w1222498684", "osm_id": "1222498684", "osm_type": "way", "highway": "footway" }, "geometry": { "type": "LineString", "coordinates": [ [ 77.6426261, 12.9118851 ], [ 77.6417805, 12.9119143 ] ] } },
{ "type": "Feature", "properties": { "full_id": "w1222498685", "osm_id": "1222498685", "osm_type": "way", "highway": "path" }, "geometry": { "type": "LineString", "coordinates": [ [ 77.6447549, 12.911439 ], [ 77.6447129, 12.9107831 ] ] } },
{ "type": "Feature", "properties": { "full_id": "w1222502579", "osm_id": "1222502579", "osm_type": "way", "highway": "path" }, "geometry": { "type": "LineString", "coordinates": [ [ 77.650308, 12.9118675 ], [ 77.6503098, 12.9116488 ] ] } },
{ "type": "Feature", "properties": { "full_id": "w1222502583", "osm_id": "1222502583", "osm_type": "way", "highway": "footway" }, "geometry": { "type": "LineString", "coordinates": [ [ 77.6488798, 12.9118683 ], [ 77.6488798, 12.9118393 ] ] } },
{ "type": "Feature", "properties": { "full_id": "w1222502584", "osm_id": "1222502584", "osm_type": "way", "highway": "footway" }, "geometry": { "type": "LineString", "coordinates": [ [ 77.6488788, 12.9119951 ], [ 77.648879, 12.9119776 ] ] } },
{ "type": "Feature", "properties": { "full_id": "w1222502586", "osm_id": "1222502586", "osm_type": "way", "highway": "footway" }, "geometry": { "type": "LineString", "coordinates": [ [ 77.6477519, 12.9119738 ], [ 77.6477521, 12.9119563 ] ] } },
{ "type": "Feature", "properties": { "full_id": "w1222502588", "osm_id": "1222502588", "osm_type": "way", "highway": "footway" }, "geometry": { "type": "LineString", "coordinates": [ [ 77.6477547, 12.9118252 ], [ 77.6477555, 12.911804 ] ] } },
{ "type": "Feature", "properties": { "full_id": "w1222502589", "osm_id": "1222502589", "osm_type": "way", "highway": "service" }, "geometry": { "type": "LineString", "coordinates": [ [ 77.6482418, 12.9118943 ], [ 77.6482484, 12.9118123 ], [ 77.6482484, 12.9117892 ], [ 77.6482483, 12.9117241 ], [ 77.6480182, 12.9117136 ], [ 77.6479893, 12.9116868 ], [ 77.647976, 12.9116556 ], [ 77.6479841, 12.9113593 ], [ 77.648451, 12.9113693 ], [ 77.6484407, 12.9117303 ], [ 77.6482483, 12.9117241 ] ] } },
{ "type": "Feature", "properties": { "full_id": "w1226665350", "osm_id": "1226665350", "osm_type": "way", "highway": "tertiary" }, "geometry": { "type": "LineString", "coordinates": [ [ 77.6248704, 12.9174616 ], [ 77.6248374, 12.9175235 ] ] } },
{ "type": "Feature", "properties": { "full_id": "w1226665353", "osm_id": "1226665353", "osm_type": "way", "highway": "tertiary" }, "geometry": { "type": "LineString", "coordinates": [ [ 77.6322941, 12.916337 ], [ 77.6322932, 12.916394 ], [ 77.6322917, 12.9164911 ] ] } },
{ "type": "Feature", "properties": { "full_id": "w1226665354", "osm_id": "1226665354", "osm_type": "way", "highway": "tertiary" }, "geometry": { "type": "LineString", "coordinates": [ [ 77.6322938, 12.9161823 ], [ 77.6322941, 12.916315 ], [ 77.6322941, 12.916337 ] ] } },
{ "type": "Feature", "properties": { "full_id": "w1226665355", "osm_id": "1226665355", "osm_type": "way", "highway": "tertiary" }, "geometry": { "type": "LineString", "coordinates": [ [ 77.632368161378892, 12.916526083862159 ], [ 77.6323671, 12.9164827 ], [ 77.6323651, 12.9163869 ], [ 77.632364, 12.9163362 ] ] } },
{ "type": "Feature", "properties": { "full_id": "w1226665356", "osm_id": "1226665356", "osm_type": "way", "highway": "tertiary" }, "geometry": { "type": "LineString", "coordinates": [ [ 77.632364, 12.9163362 ], [ 77.6323597, 12.9161832 ] ] } },
{ "type": "Feature", "properties": { "full_id": "w1227075534", "osm_id": "1227075534", "osm_type": "way", "highway": "footway" }, "geometry": { "type": "LineString", "coordinates": [ [ 77.6654069, 12.9230715 ], [ 77.6653963, 12.9230115 ], [ 77.6653855, 12.9229718 ] ] } },
{ "type": "Feature", "properties": { "full_id": "w1227075535", "osm_id": "1227075535", "osm_type": "way", "highway": "footway" }, "geometry": { "type": "LineString", "coordinates": [ [ 77.6652503, 12.9229966 ], [ 77.665255, 12.9230318 ], [ 77.6652651, 12.9231064 ] ] } },
{ "type": "Feature", "properties": { "full_id": "w1227075538", "osm_id": "1227075538", "osm_type": "way", "highway": "service" }, "geometry": { "type": "LineString", "coordinates": [ [ 77.663979, 12.9211139 ], [ 77.6639564, 12.9210171 ] ] } },
{ "type": "Feature", "properties": { "full_id": "w1227075540", "osm_id": "1227075540", "osm_type": "way", "highway": "service" }, "geometry": { "type": "LineString", "coordinates": [ [ 77.6643193, 12.9210178 ], [ 77.6643369, 12.9211505 ] ] } },
{ "type": "Feature", "properties": { "full_id": "w1227938537", "osm_id": "1227938537", "osm_type": "way", "highway": "residential" }, "geometry": { "type": "LineString", "coordinates": [ [ 77.6520095, 12.9137376 ], [ 77.6519189, 12.9137365 ] ] } },
{ "type": "Feature", "properties": { "full_id": "w1227938538", "osm_id": "1227938538", "osm_type": "way", "highway": "residential" }, "geometry": { "type": "LineString", "coordinates": [ [ 77.6525895, 12.9158245 ], [ 77.6525937, 12.9157797 ] ] } },
{ "type": "Feature", "properties": { "full_id": "w1227939960", "osm_id": "1227939960", "osm_type": "way", "highway": "residential" }, "geometry": { "type": "LineString", "coordinates": [ [ 77.6545584, 12.9204588 ], [ 77.6544595, 12.9197639 ], [ 77.6544202, 12.919313 ], [ 77.6542886, 12.9181752 ], [ 77.6542546, 12.9181397 ], [ 77.6541989, 12.9181209 ] ] } },
{ "type": "Feature", "properties": { "full_id": "w1227940029", "osm_id": "1227940029", "osm_type": "way", "highway": "residential" }, "geometry": { "type": "LineString", "coordinates": [ [ 77.651791, 12.9158511 ], [ 77.6518913, 12.9158531 ], [ 77.652225, 12.915864 ], [ 77.6525847, 12.9158757 ], [ 77.6527049, 12.9158795 ], [ 77.6541207, 12.9159245 ] ] } },
{ "type": "Feature", "properties": { "full_id": "w1227940030", "osm_id": "1227940030", "osm_type": "way", "highway": "secondary" }, "geometry": { "type": "LineString", "coordinates": [ [ 77.651737, 12.9162058 ], [ 77.6517823, 12.9161425 ], [ 77.6517866, 12.9159969 ], [ 77.651791, 12.9158511 ] ] } },
{ "type": "Feature", "properties": { "full_id": "w1227940031", "osm_id": "1227940031", "osm_type": "way", "highway": "tertiary" }, "geometry": { "type": "LineString", "coordinates": [ [ 77.6517079, 12.9158503 ], [ 77.651791, 12.9158511 ] ] } },
{ "type": "Feature", "properties": { "full_id": "w1227940032", "osm_id": "1227940032", "osm_type": "way", "highway": "secondary" }, "geometry": { "type": "LineString", "coordinates": [ [ 77.6517079, 12.9158503 ], [ 77.6516978, 12.9161432 ] ] } },
{ "type": "Feature", "properties": { "full_id": "w1227941453", "osm_id": "1227941453", "osm_type": "way", "highway": "track" }, "geometry": { "type": "LineString", "coordinates": [ [ 77.6582011, 12.9163384 ], [ 77.6580133, 12.9171802 ], [ 77.6579691, 12.9173693 ], [ 77.6579841, 12.9175426 ], [ 77.6579785, 12.9182248 ], [ 77.657999917869986, 12.918313163343409 ] ] } },
{ "type": "Feature", "properties": { "full_id": "w1227941454", "osm_id": "1227941454", "osm_type": "way", "highway": "service" }, "geometry": { "type": "LineString", "coordinates": [ [ 77.651615, 12.9233504 ], [ 77.651615343499586, 12.923350332455453 ] ] } },
{ "type": "Feature", "properties": { "full_id": "w1227999182", "osm_id": "1227999182", "osm_type": "way", "highway": "service" }, "geometry": { "type": "LineString", "coordinates": [ [ 77.6511458, 12.9227871 ], [ 77.6511495, 12.922955 ] ] } },
{ "type": "Feature", "properties": { "full_id": "w1228785208", "osm_id": "1228785208", "osm_type": "way", "highway": "residential" }, "geometry": { "type": "LineString", "coordinates": [ [ 77.6487694, 12.9103545 ], [ 77.6488627, 12.9092591 ], [ 77.6488196, 12.9087755 ] ] } },
{ "type": "Feature", "properties": { "full_id": "w1228787053", "osm_id": "1228787053", "osm_type": "way", "highway": "residential" }, "geometry": { "type": "LineString", "coordinates": [ [ 77.6652842, 12.927028 ], [ 77.6653536, 12.9270408 ], [ 77.6654136, 12.9270487 ] ] } },
{ "type": "Feature", "properties": { "full_id": "w1228788360", "osm_id": "1228788360", "osm_type": "way", "highway": "residential" }, "geometry": { "type": "LineString", "coordinates": [ [ 77.662978, 12.9266692 ], [ 77.662952, 12.9267469 ] ] } },
{ "type": "Feature", "properties": { "full_id": "w1228788588", "osm_id": "1228788588", "osm_type": "way", "highway": "residential" }, "geometry": { "type": "LineString", "coordinates": [ [ 77.6642895, 12.9238655 ], [ 77.6642633, 12.923866 ], [ 77.6642428, 12.9238787 ], [ 77.6641603, 12.9241123 ], [ 77.6640853, 12.9243393 ], [ 77.6640853, 12.9243559 ], [ 77.6640947, 12.9243674 ], [ 77.6642911, 12.9244349 ], [ 77.664343, 12.9244444 ], [ 77.6643894, 12.9244033 ], [ 77.6644797, 12.924219 ], [ 77.6645695, 12.9239893 ], [ 77.6645673, 12.9239728 ], [ 77.6645533, 12.9239637 ], [ 77.6642895, 12.9238655 ] ] } },
{ "type": "Feature", "properties": { "full_id": "w1228788589", "osm_id": "1228788589", "osm_type": "way", "highway": "residential" }, "geometry": { "type": "LineString", "coordinates": [ [ 77.6641603, 12.9241123 ], [ 77.6644797, 12.924219 ] ] } },
{ "type": "Feature", "properties": { "full_id": "w1228788590", "osm_id": "1228788590", "osm_type": "way", "highway": "service" }, "geometry": { "type": "LineString", "coordinates": [ [ 77.6642403, 12.9236918 ], [ 77.6642205, 12.9237767 ] ] } },
{ "type": "Feature", "properties": { "full_id": "w1228788748", "osm_id": "1228788748", "osm_type": "way", "highway": "residential" }, "geometry": { "type": "LineString", "coordinates": [ [ 77.6630553, 12.9230921 ], [ 77.663081, 12.9232823 ], [ 77.6630847, 12.9233751 ] ] } },
{ "type": "Feature", "properties": { "full_id": "w1228800457", "osm_id": "1228800457", "osm_type": "way", "highway": "residential" }, "geometry": { "type": "LineString", "coordinates": [ [ 77.6686796, 12.9272636 ], [ 77.668695, 12.9271687 ] ] } },
{ "type": "Feature", "properties": { "full_id": "w1230809133", "osm_id": "1230809133", "osm_type": "way", "highway": "residential" }, "geometry": { "type": "LineString", "coordinates": [ [ 77.6372522, 12.911746 ], [ 77.637241, 12.9113734 ], [ 77.6372174, 12.9106165 ] ] } },
{ "type": "Feature", "properties": { "full_id": "w1230809134", "osm_id": "1230809134", "osm_type": "way", "highway": "residential" }, "geometry": { "type": "LineString", "coordinates": [ [ 77.6375507, 12.9106047 ], [ 77.6372174, 12.9106165 ] ] } },
{ "type": "Feature", "properties": { "full_id": "w1230809135", "osm_id": "1230809135", "osm_type": "way", "highway": "residential" }, "geometry": { "type": "LineString", "coordinates": [ [ 77.6375465, 12.9099832 ], [ 77.6372274, 12.9099776 ] ] } },
{ "type": "Feature", "properties": { "full_id": "w1231133135", "osm_id": "1231133135", "osm_type": "way", "highway": "trunk_link" }, "geometry": { "type": "LineString", "coordinates": [ [ 77.6473712, 12.9241866 ], [ 77.6475553, 12.9241578 ] ] } },
{ "type": "Feature", "properties": { "full_id": "w1231984756", "osm_id": "1231984756", "osm_type": "way", "highway": "residential" }, "geometry": { "type": "LineString", "coordinates": [ [ 77.6653647, 12.9237519 ], [ 77.6654243, 12.9237535 ], [ 77.6654679, 12.9237556 ], [ 77.6659488, 12.9237675 ], [ 77.6659752, 12.9237717 ], [ 77.6659947, 12.9237805 ] ] } },
{ "type": "Feature", "properties": { "full_id": "w1231984765", "osm_id": "1231984765", "osm_type": "way", "highway": "residential" }, "geometry": { "type": "LineString", "coordinates": [ [ 77.6668497, 12.930528 ], [ 77.6673564, 12.9304484 ], [ 77.6681991, 12.9303208 ], [ 77.6688342, 12.930256 ], [ 77.6691585, 12.9302213 ] ] } },
{ "type": "Feature", "properties": { "full_id": "w1231984766", "osm_id": "1231984766", "osm_type": "way", "highway": "path" }, "geometry": { "type": "LineString", "coordinates": [ [ 77.6668497, 12.930528 ], [ 77.6668543, 12.9305792 ], [ 77.6668677, 12.9306184 ], [ 77.6668422, 12.930638 ], [ 77.6667537, 12.9306956 ], [ 77.6666665, 12.9307348 ], [ 77.6665941, 12.93074 ] ] } },
{ "type": "Feature", "properties": { "full_id": "w1232426515", "osm_id": "1232426515", "osm_type": "way", "highway": "service" }, "geometry": { "type": "LineString", "coordinates": [ [ 77.6628275, 12.9190481 ], [ 77.6630748, 12.9196548 ], [ 77.6630707, 12.9197675 ], [ 77.6630186, 12.920005 ], [ 77.6629865, 12.9200868 ], [ 77.662989, 12.9201549 ], [ 77.6630688, 12.9202565 ], [ 77.6632117, 12.9204368 ], [ 77.6632392, 12.9204869 ], [ 77.6633083, 12.9206102 ] ] } },
{ "type": "Feature", "properties": { "full_id": "w1232426516", "osm_id": "1232426516", "osm_type": "way", "highway": "service" }, "geometry": { "type": "LineString", "coordinates": [ [ 77.6633083, 12.9206102 ], [ 77.6630022, 12.9207104 ], [ 77.662830706685526, 12.920775202789809 ] ] } },
{ "type": "Feature", "properties": { "full_id": "w1232575023", "osm_id": "1232575023", "osm_type": "way", "highway": "residential" }, "geometry": { "type": "LineString", "coordinates": [ [ 77.6525462, 12.8985976 ], [ 77.6523296, 12.8986495 ] ] } },
{ "type": "Feature", "properties": { "full_id": "w1234788247", "osm_id": "1234788247", "osm_type": "way", "highway": "secondary" }, "geometry": { "type": "LineString", "coordinates": [ [ 77.6516305, 12.9197921 ], [ 77.6516252, 12.9199817 ], [ 77.6516244, 12.9200111 ] ] } },
{ "type": "Feature", "properties": { "full_id": "w1236087644", "osm_id": "1236087644", "osm_type": "way", "highway": "path" }, "geometry": { "type": "LineString", "coordinates": [ [ 77.6406702, 12.9142379 ], [ 77.6406633, 12.9141735 ], [ 77.6406598, 12.9141374 ], [ 77.6406974, 12.9141341 ], [ 77.6406806, 12.9139542 ], [ 77.6406544, 12.9136733 ], [ 77.6404856, 12.9136792 ], [ 77.6403172, 12.9136851 ], [ 77.6403042, 12.9139669 ], [ 77.6402944, 12.9141785 ], [ 77.6405365, 12.9141513 ], [ 77.6406598, 12.9141374 ] ] } },
{ "type": "Feature", "properties": { "full_id": "w1236087646", "osm_id": "1236087646", "osm_type": "way", "highway": "residential" }, "geometry": { "type": "LineString", "coordinates": [ [ 77.6416518, 12.9156243 ], [ 77.6416485, 12.9155649 ] ] } },
{ "type": "Feature", "properties": { "full_id": "w1236087647", "osm_id": "1236087647", "osm_type": "way", "highway": "residential" }, "geometry": { "type": "LineString", "coordinates": [ [ 77.6416552, 12.9156857 ], [ 77.6416518, 12.9156243 ] ] } },
{ "type": "Feature", "properties": { "full_id": "w1236087653", "osm_id": "1236087653", "osm_type": "way", "highway": "service" }, "geometry": { "type": "LineString", "coordinates": [ [ 77.6448133, 12.9161255 ], [ 77.6447216, 12.916129 ], [ 77.6446073, 12.9161321 ] ] } },
{ "type": "Feature", "properties": { "full_id": "w1236087658", "osm_id": "1236087658", "osm_type": "way", "highway": "service" }, "geometry": { "type": "LineString", "coordinates": [ [ 77.6446503, 12.9152875 ], [ 77.6445664, 12.9152929 ] ] } },
{ "type": "Feature", "properties": { "full_id": "w1236087659", "osm_id": "1236087659", "osm_type": "way", "highway": "service" }, "geometry": { "type": "LineString", "coordinates": [ [ 77.6447785, 12.9152783 ], [ 77.6446777, 12.9152858 ], [ 77.6446503, 12.9152875 ] ] } },
{ "type": "Feature", "properties": { "full_id": "w1236087660", "osm_id": "1236087660", "osm_type": "way", "highway": "service" }, "geometry": { "type": "LineString", "coordinates": [ [ 77.6447826, 12.9153751 ], [ 77.6448603, 12.91537 ], [ 77.6448853, 12.9153691 ] ] } },
{ "type": "Feature", "properties": { "full_id": "w1236087679", "osm_id": "1236087679", "osm_type": "way", "highway": "residential" }, "geometry": { "type": "LineString", "coordinates": [ [ 77.6417315, 12.9156805 ], [ 77.6416552, 12.9156857 ], [ 77.6416051, 12.9156879 ] ] } },
{ "type": "Feature", "properties": { "full_id": "w1236087680", "osm_id": "1236087680", "osm_type": "way", "highway": "footway" }, "geometry": { "type": "LineString", "coordinates": [ [ 77.6402518, 12.9143309 ], [ 77.6406702, 12.9142379 ], [ 77.6411273, 12.91413 ] ] } },
{ "type": "Feature", "properties": { "full_id": "w1236087681", "osm_id": "1236087681", "osm_type": "way", "highway": "footway" }, "geometry": { "type": "LineString", "coordinates": [ [ 77.6387709, 12.9144069 ], [ 77.6397762, 12.9143905 ] ] } },
{ "type": "Feature", "properties": { "full_id": "w1236087682", "osm_id": "1236087682", "osm_type": "way", "highway": "footway" }, "geometry": { "type": "LineString", "coordinates": [ [ 77.6382508, 12.9144107 ], [ 77.6386737, 12.9144078 ] ] } },
{ "type": "Feature", "properties": { "full_id": "w1236087683", "osm_id": "1236087683", "osm_type": "way", "highway": "footway" }, "geometry": { "type": "LineString", "coordinates": [ [ 77.6386737, 12.9144078 ], [ 77.6387195, 12.9144074 ], [ 77.6387709, 12.9144069 ] ] } },
{ "type": "Feature", "properties": { "full_id": "w1236087684", "osm_id": "1236087684", "osm_type": "way", "highway": "footway" }, "geometry": { "type": "LineString", "coordinates": [ [ 77.6380549, 12.9140337 ], [ 77.63804, 12.9140341 ] ] } },
{ "type": "Feature", "properties": { "full_id": "w1236087685", "osm_id": "1236087685", "osm_type": "way", "highway": "footway" }, "geometry": { "type": "LineString", "coordinates": [ [ 77.6382382, 12.9140273 ], [ 77.638203, 12.9140293 ] ] } },
{ "type": "Feature", "properties": { "full_id": "w1236087686", "osm_id": "1236087686", "osm_type": "way", "highway": "footway" }, "geometry": { "type": "LineString", "coordinates": [ [ 77.638203, 12.9140293 ], [ 77.6381699, 12.9140305 ], [ 77.6380993, 12.9140331 ], [ 77.6380549, 12.9140337 ] ] } },
{ "type": "Feature", "properties": { "full_id": "w1236088640", "osm_id": "1236088640", "osm_type": "way", "highway": "secondary" }, "geometry": { "type": "LineString", "coordinates": [ [ 77.6445856, 12.9119293 ], [ 77.6445856, 12.9120447 ] ] } },
{ "type": "Feature", "properties": { "full_id": "w1236088641", "osm_id": "1236088641", "osm_type": "way", "highway": "secondary" }, "geometry": { "type": "LineString", "coordinates": [ [ 77.6445858, 12.9118138 ], [ 77.6445857, 12.9118932 ], [ 77.6445856, 12.9119293 ] ] } },
{ "type": "Feature", "properties": { "full_id": "w1236492356", "osm_id": "1236492356", "osm_type": "way", "highway": "footway" }, "geometry": { "type": "LineString", "coordinates": [ [ 77.6382508, 12.9144107 ], [ 77.6382512, 12.9144292 ] ] } },
{ "type": "Feature", "properties": { "full_id": "w1236492357", "osm_id": "1236492357", "osm_type": "way", "highway": "service" }, "geometry": { "type": "LineString", "coordinates": [ [ 77.6380883, 12.913741 ], [ 77.6380323, 12.9137432 ], [ 77.6379852, 12.9137452 ], [ 77.637869, 12.9137502 ] ] } },
{ "type": "Feature", "properties": { "full_id": "w1236492358", "osm_id": "1236492358", "osm_type": "way", "highway": "footway" }, "geometry": { "type": "LineString", "coordinates": [ [ 77.6378752, 12.9139714 ], [ 77.6380383, 12.9139701 ] ] } },
{ "type": "Feature", "properties": { "full_id": "w1236492359", "osm_id": "1236492359", "osm_type": "way", "highway": "service" }, "geometry": { "type": "LineString", "coordinates": [ [ 77.6382491, 12.9154889 ], [ 77.6383065, 12.915476 ], [ 77.638355, 12.9154647 ], [ 77.6383987, 12.9154422 ], [ 77.6384149, 12.9154103 ], [ 77.6384053, 12.9153134 ], [ 77.638385, 12.9152887 ], [ 77.6383322, 12.9152748 ], [ 77.6382901, 12.9152719 ], [ 77.6382359, 12.9152702 ] ] } },
{ "type": "Feature", "properties": { "full_id": "w1236492365", "osm_id": "1236492365", "osm_type": "way", "highway": "path" }, "geometry": { "type": "LineString", "coordinates": [ [ 77.6387747, 12.9138659 ], [ 77.6389197, 12.9138585 ], [ 77.6390336, 12.9138602 ], [ 77.6392089, 12.9138628 ], [ 77.6392615, 12.9138571 ] ] } },
{ "type": "Feature", "properties": { "full_id": "w1236492366", "osm_id": "1236492366", "osm_type": "way", "highway": "path" }, "geometry": { "type": "LineString", "coordinates": [ [ 77.6387712, 12.9134356 ], [ 77.6387753, 12.9136431 ], [ 77.6387747, 12.9138659 ] ] } },
{ "type": "Feature", "properties": { "full_id": "w1236493593", "osm_id": "1236493593", "osm_type": "way", "highway": "path" }, "geometry": { "type": "LineString", "coordinates": [ [ 77.640502, 12.9139045 ], [ 77.6404877, 12.913708 ], [ 77.6404856, 12.9136792 ] ] } },
{ "type": "Feature", "properties": { "full_id": "w1236493594", "osm_id": "1236493594", "osm_type": "way", "highway": "path" }, "geometry": { "type": "LineString", "coordinates": [ [ 77.6405365, 12.9141513 ], [ 77.6405229, 12.9140031 ] ] } },
{ "type": "Feature", "properties": { "full_id": "w1236493595", "osm_id": "1236493595", "osm_type": "way", "highway": "path" }, "geometry": { "type": "LineString", "coordinates": [ [ 77.6405655, 12.91396 ], [ 77.6406806, 12.9139542 ] ] } },
{ "type": "Feature", "properties": { "full_id": "w1236493596", "osm_id": "1236493596", "osm_type": "way", "highway": "path" }, "geometry": { "type": "LineString", "coordinates": [ [ 77.6403042, 12.9139669 ], [ 77.6404634, 12.9139608 ] ] } },
{ "type": "Feature", "properties": { "full_id": "w1236493597", "osm_id": "1236493597", "osm_type": "way", "highway": "path" }, "geometry": { "type": "LineString", "coordinates": [ [ 77.6404694, 12.9139276 ], [ 77.6404833, 12.9139129 ], [ 77.640502, 12.9139045 ], [ 77.6405225, 12.9139039 ], [ 77.6405417, 12.9139111 ], [ 77.6405565, 12.9139249 ], [ 77.6405643, 12.9139417 ], [ 77.6405655, 12.91396 ], [ 77.6405599, 12.9139775 ], [ 77.6405483, 12.913992 ], [ 77.6405322, 12.9140014 ], [ 77.6405229, 12.9140031 ], [ 77.6405136, 12.9140047 ], [ 77.6404923, 12.9140001 ], [ 77.6404747, 12.9139875 ], [ 77.6404641, 12.9139689 ], [ 77.6404634, 12.9139608 ], [ 77.6404622, 12.9139477 ], [ 77.6404694, 12.9139276 ] ] } },
{ "type": "Feature", "properties": { "full_id": "w1236755531", "osm_id": "1236755531", "osm_type": "way", "highway": "footway" }, "geometry": { "type": "LineString", "coordinates": [ [ 77.6398912, 12.9123509 ], [ 77.6382371, 12.9124101 ] ] } },
{ "type": "Feature", "properties": { "full_id": "w1236755532", "osm_id": "1236755532", "osm_type": "way", "highway": "footway" }, "geometry": { "type": "LineString", "coordinates": [ [ 77.6399852, 12.9123547 ], [ 77.6399369, 12.9123528 ], [ 77.6398912, 12.9123509 ] ] } },
{ "type": "Feature", "properties": { "full_id": "w1236755533", "osm_id": "1236755533", "osm_type": "way", "highway": "footway" }, "geometry": { "type": "LineString", "coordinates": [ [ 77.6399973, 12.9121967 ], [ 77.6399969, 12.9121761 ] ] } },
{ "type": "Feature", "properties": { "full_id": "w1236755534", "osm_id": "1236755534", "osm_type": "way", "highway": "footway" }, "geometry": { "type": "LineString", "coordinates": [ [ 77.64, 12.9123541 ], [ 77.6399997, 12.9123377 ] ] } },
{ "type": "Feature", "properties": { "full_id": "w1236755535", "osm_id": "1236755535", "osm_type": "way", "highway": "footway" }, "geometry": { "type": "LineString", "coordinates": [ [ 77.6381933, 12.9124349 ], [ 77.6381927, 12.9124173 ] ] } },
{ "type": "Feature", "properties": { "full_id": "w1236755536", "osm_id": "1236755536", "osm_type": "way", "highway": "footway" }, "geometry": { "type": "LineString", "coordinates": [ [ 77.638186, 12.9122085 ], [ 77.6381865, 12.9122281 ] ] } },
{ "type": "Feature", "properties": { "full_id": "w1236755539", "osm_id": "1236755539", "osm_type": "way", "highway": "footway" }, "geometry": { "type": "LineString", "coordinates": [ [ 77.6419996, 12.912294 ], [ 77.6417433, 12.9123018 ], [ 77.6407363, 12.912332 ], [ 77.64, 12.9123541 ], [ 77.6399852, 12.9123547 ] ] } },
{ "type": "Feature", "properties": { "full_id": "w1236755540", "osm_id": "1236755540", "osm_type": "way", "highway": "footway" }, "geometry": { "type": "LineString", "coordinates": [ [ 77.6421188, 12.9122903 ], [ 77.6420492, 12.9122925 ], [ 77.6419996, 12.912294 ] ] } },
{ "type": "Feature", "properties": { "full_id": "w1237451554", "osm_id": "1237451554", "osm_type": "way", "highway": "footway" }, "geometry": { "type": "LineString", "coordinates": [ [ 77.6447823, 12.9173357 ], [ 77.6448089, 12.9173327 ] ] } },
{ "type": "Feature", "properties": { "full_id": "w1237451555", "osm_id": "1237451555", "osm_type": "way", "highway": "footway" }, "geometry": { "type": "LineString", "coordinates": [ [ 77.6449249, 12.9173295 ], [ 77.6449453, 12.917329 ] ] } },
{ "type": "Feature", "properties": { "full_id": "w1238061019", "osm_id": "1238061019", "osm_type": "way", "highway": "footway" }, "geometry": { "type": "LineString", "coordinates": [ [ 77.6462736, 12.9140243 ], [ 77.6466559, 12.9140217 ], [ 77.646651, 12.9133457 ], [ 77.6462295, 12.9133486 ], [ 77.6462343, 12.9140246 ], [ 77.6462736, 12.9140243 ] ] } },
{ "type": "Feature", "properties": { "full_id": "w1238061020", "osm_id": "1238061020", "osm_type": "way", "highway": "footway" }, "geometry": { "type": "LineString", "coordinates": [ [ 77.6462736, 12.9140902 ], [ 77.6462736, 12.9140634 ], [ 77.6462736, 12.9140243 ] ] } },
{ "type": "Feature", "properties": { "full_id": "w1238363915", "osm_id": "1238363915", "osm_type": "way", "highway": "footway" }, "geometry": { "type": "LineString", "coordinates": [ [ 77.6391408, 12.9145209 ], [ 77.6397282, 12.9145241 ] ] } },
{ "type": "Feature", "properties": { "full_id": "w1238363916", "osm_id": "1238363916", "osm_type": "way", "highway": "footway" }, "geometry": { "type": "LineString", "coordinates": [ [ 77.6441434, 12.9137137 ], [ 77.6446091, 12.913667 ] ] } },
{ "type": "Feature", "properties": { "full_id": "w1238363917", "osm_id": "1238363917", "osm_type": "way", "highway": "footway" }, "geometry": { "type": "LineString", "coordinates": [ [ 77.6440796, 12.9137227 ], [ 77.6441174, 12.9137173 ], [ 77.6441434, 12.9137137 ] ] } },
{ "type": "Feature", "properties": { "full_id": "w1238363918", "osm_id": "1238363918", "osm_type": "way", "highway": "footway" }, "geometry": { "type": "LineString", "coordinates": [ [ 77.642227, 12.9140193 ], [ 77.6431364, 12.9138738 ], [ 77.643668, 12.9137913 ], [ 77.6440796, 12.9137227 ] ] } },
{ "type": "Feature", "properties": { "full_id": "w1238363919", "osm_id": "1238363919", "osm_type": "way", "highway": "footway" }, "geometry": { "type": "LineString", "coordinates": [ [ 77.642129, 12.9140372 ], [ 77.6421661, 12.9140304 ], [ 77.642227, 12.9140193 ] ] } },
{ "type": "Feature", "properties": { "full_id": "w1238363920", "osm_id": "1238363920", "osm_type": "way", "highway": "footway" }, "geometry": { "type": "LineString", "coordinates": [ [ 77.6415959, 12.9141535 ], [ 77.6420852, 12.9140462 ], [ 77.642129, 12.9140372 ] ] } },
{ "type": "Feature", "properties": { "full_id": "w1238363921", "osm_id": "1238363921", "osm_type": "way", "highway": "footway" }, "geometry": { "type": "LineString", "coordinates": [ [ 77.6415347, 12.9141668 ], [ 77.6415711, 12.9141589 ], [ 77.6415959, 12.9141535 ] ] } },
{ "type": "Feature", "properties": { "full_id": "w1238363922", "osm_id": "1238363922", "osm_type": "way", "highway": "footway" }, "geometry": { "type": "LineString", "coordinates": [ [ 77.6411979, 12.9142556 ], [ 77.6415347, 12.9141668 ] ] } },
{ "type": "Feature", "properties": { "full_id": "w1238363923", "osm_id": "1238363923", "osm_type": "way", "highway": "footway" }, "geometry": { "type": "LineString", "coordinates": [ [ 77.6411156, 12.9142727 ], [ 77.6411602, 12.9142646 ], [ 77.6411979, 12.9142556 ] ] } },
{ "type": "Feature", "properties": { "full_id": "w1238363924", "osm_id": "1238363924", "osm_type": "way", "highway": "footway" }, "geometry": { "type": "LineString", "coordinates": [ [ 77.6422015, 12.9138946 ], [ 77.6426456, 12.9138263 ], [ 77.6431285, 12.9137386 ], [ 77.6436728, 12.9136589 ], [ 77.6441142, 12.9136066 ], [ 77.6446047, 12.9135582 ] ] } },
{ "type": "Feature", "properties": { "full_id": "w1238363925", "osm_id": "1238363925", "osm_type": "way", "highway": "footway" }, "geometry": { "type": "LineString", "coordinates": [ [ 77.6421047, 12.9139115 ], [ 77.642157, 12.9139024 ], [ 77.6422015, 12.9138946 ] ] } },
{ "type": "Feature", "properties": { "full_id": "w1238363926", "osm_id": "1238363926", "osm_type": "way", "highway": "footway" }, "geometry": { "type": "LineString", "coordinates": [ [ 77.641586, 12.9140247 ], [ 77.6421047, 12.9139115 ] ] } },
{ "type": "Feature", "properties": { "full_id": "w1238363927", "osm_id": "1238363927", "osm_type": "way", "highway": "footway" }, "geometry": { "type": "LineString", "coordinates": [ [ 77.6415479, 12.9140333 ], [ 77.641564, 12.9140295 ], [ 77.641586, 12.9140247 ] ] } },
{ "type": "Feature", "properties": { "full_id": "w1238363928", "osm_id": "1238363928", "osm_type": "way", "highway": "footway" }, "geometry": { "type": "LineString", "coordinates": [ [ 77.6412073, 12.9141142 ], [ 77.6415479, 12.9140333 ] ] } },
{ "type": "Feature", "properties": { "full_id": "w1238363929", "osm_id": "1238363929", "osm_type": "way", "highway": "footway" }, "geometry": { "type": "LineString", "coordinates": [ [ 77.6411273, 12.91413 ], [ 77.6411593, 12.9141235 ], [ 77.6412073, 12.9141142 ] ] } },
{ "type": "Feature", "properties": { "full_id": "w1238363930", "osm_id": "1238363930", "osm_type": "way", "highway": "footway" }, "geometry": { "type": "LineString", "coordinates": [ [ 77.6397762, 12.9143905 ], [ 77.6398016, 12.9143911 ], [ 77.6398525, 12.9143876 ] ] } },
{ "type": "Feature", "properties": { "full_id": "w1238363931", "osm_id": "1238363931", "osm_type": "way", "highway": "footway" }, "geometry": { "type": "LineString", "coordinates": [ [ 77.6406851, 12.9143619 ], [ 77.6411156, 12.9142727 ] ] } },
{ "type": "Feature", "properties": { "full_id": "w1238363932", "osm_id": "1238363932", "osm_type": "way", "highway": "footway" }, "geometry": { "type": "LineString", "coordinates": [ [ 77.6397282, 12.9145241 ], [ 77.6397919, 12.9145207 ], [ 77.6398534, 12.9145125 ] ] } },
{ "type": "Feature", "properties": { "full_id": "w1238363933", "osm_id": "1238363933", "osm_type": "way", "highway": "footway" }, "geometry": { "type": "LineString", "coordinates": [ [ 77.6382543, 12.9145336 ], [ 77.6386716, 12.9145283 ] ] } },
{ "type": "Feature", "properties": { "full_id": "w1238363934", "osm_id": "1238363934", "osm_type": "way", "highway": "footway" }, "geometry": { "type": "LineString", "coordinates": [ [ 77.6386716, 12.9145283 ], [ 77.6387214, 12.9145271 ], [ 77.638758, 12.9145262 ] ] } },
{ "type": "Feature", "properties": { "full_id": "w1238363935", "osm_id": "1238363935", "osm_type": "way", "highway": "footway" }, "geometry": { "type": "LineString", "coordinates": [ [ 77.638758, 12.9145262 ], [ 77.6390947, 12.9145209 ] ] } },
{ "type": "Feature", "properties": { "full_id": "w1238363936", "osm_id": "1238363936", "osm_type": "way", "highway": "footway" }, "geometry": { "type": "LineString", "coordinates": [ [ 77.6390947, 12.9145209 ], [ 77.6391171, 12.9145209 ], [ 77.6391408, 12.9145209 ] ] } },
{ "type": "Feature", "properties": { "full_id": "w1238363937", "osm_id": "1238363937", "osm_type": "way", "highway": "footway" }, "geometry": { "type": "LineString", "coordinates": [ [ 77.6398534, 12.9145125 ], [ 77.640202, 12.9144599 ] ] } },
{ "type": "Feature", "properties": { "full_id": "w1238363938", "osm_id": "1238363938", "osm_type": "way", "highway": "footway" }, "geometry": { "type": "LineString", "coordinates": [ [ 77.640202, 12.9144599 ], [ 77.6402272, 12.9144552 ], [ 77.6402575, 12.9144486 ] ] } },
{ "type": "Feature", "properties": { "full_id": "w1238363939", "osm_id": "1238363939", "osm_type": "way", "highway": "footway" }, "geometry": { "type": "LineString", "coordinates": [ [ 77.6398525, 12.9143876 ], [ 77.6401877, 12.9143417 ] ] } },
{ "type": "Feature", "properties": { "full_id": "w1238363940", "osm_id": "1238363940", "osm_type": "way", "highway": "footway" }, "geometry": { "type": "LineString", "coordinates": [ [ 77.6401877, 12.9143417 ], [ 77.6402272, 12.914335 ], [ 77.6402518, 12.9143309 ] ] } },
{ "type": "Feature", "properties": { "full_id": "w1238363941", "osm_id": "1238363941", "osm_type": "way", "highway": "tertiary" }, "geometry": { "type": "LineString", "coordinates": [ [ 77.6397964, 12.9144482 ], [ 77.6391172, 12.9144686 ], [ 77.6387205, 12.9144757 ], [ 77.6383696, 12.9144803 ] ] } },
{ "type": "Feature", "properties": { "full_id": "w1238363944", "osm_id": "1238363944", "osm_type": "way", "highway": "footway" }, "geometry": { "type": "LineString", "coordinates": [ [ 77.6421761, 12.9154405 ], [ 77.6420852, 12.9140462 ] ] } },
{ "type": "Feature", "properties": { "full_id": "w1238363949", "osm_id": "1238363949", "osm_type": "way", "highway": "footway" }, "geometry": { "type": "LineString", "coordinates": [ [ 77.6402575, 12.9144486 ], [ 77.6403419, 12.9144313 ], [ 77.6406226, 12.9143749 ] ] } },
{ "type": "Feature", "properties": { "full_id": "w1238363950", "osm_id": "1238363950", "osm_type": "way", "highway": "footway" }, "geometry": { "type": "LineString", "coordinates": [ [ 77.6406226, 12.9143749 ], [ 77.640654, 12.914368 ], [ 77.6406851, 12.9143619 ] ] } },
{ "type": "Feature", "properties": { "full_id": "w1239433611", "osm_id": "1239433611", "osm_type": "way", "highway": "residential" }, "geometry": { "type": "LineString", "coordinates": [ [ 77.6676455, 12.9275337 ], [ 77.6678176, 12.9288125 ] ] } },
{ "type": "Feature", "properties": { "full_id": "w1240365185", "osm_id": "1240365185", "osm_type": "way", "highway": "service" }, "geometry": { "type": "LineString", "coordinates": [ [ 77.6671671, 12.92449 ], [ 77.6672107, 12.9244907 ], [ 77.6672328, 12.9244856 ], [ 77.6672543, 12.9244737 ] ] } },
{ "type": "Feature", "properties": { "full_id": "w1240365188", "osm_id": "1240365188", "osm_type": "way", "highway": "service" }, "geometry": { "type": "LineString", "coordinates": [ [ 77.6670649, 12.9241872 ], [ 77.6670393, 12.9241855 ], [ 77.6669786, 12.9241839 ], [ 77.666789, 12.9242147 ], [ 77.6666432, 12.9242594 ], [ 77.6665188, 12.9243439 ] ] } },
{ "type": "Feature", "properties": { "full_id": "w1240365190", "osm_id": "1240365190", "osm_type": "way", "highway": "service" }, "geometry": { "type": "LineString", "coordinates": [ [ 77.6670446, 12.924457 ], [ 77.6670167, 12.9244559 ], [ 77.6669962, 12.9244551 ], [ 77.6669666, 12.924454 ] ] } },
{ "type": "Feature", "properties": { "full_id": "w1240365192", "osm_id": "1240365192", "osm_type": "way", "highway": "service" }, "geometry": { "type": "LineString", "coordinates": [ [ 77.6671748, 12.9239123 ], [ 77.6672287, 12.9239407 ], [ 77.6672889, 12.9239719 ], [ 77.6673392, 12.9239678 ] ] } },
{ "type": "Feature", "properties": { "full_id": "w1240365194", "osm_id": "1240365194", "osm_type": "way", "highway": "footway" }, "geometry": { "type": "LineString", "coordinates": [ [ 77.6659947, 12.9237805 ], [ 77.6659904, 12.9237385 ], [ 77.6663336, 12.9237052 ], [ 77.6663333, 12.9236621 ] ] } },
{ "type": "Feature", "properties": { "full_id": "w1240374871", "osm_id": "1240374871", "osm_type": "way", "highway": "primary" }, "geometry": { "type": "LineString", "coordinates": [ [ 77.6648463, 12.9208114 ], [ 77.664914524548479, 12.920732612084549 ] ] } },
{ "type": "Feature", "properties": { "full_id": "w1240374873", "osm_id": "1240374873", "osm_type": "way", "highway": "trunk" }, "geometry": { "type": "LineString", "coordinates": [ [ 77.6648463, 12.9208114 ], [ 77.6649445, 12.9208265 ], [ 77.665018502892877, 12.920836743338279 ] ] } },
{ "type": "Feature", "properties": { "full_id": "w1241299210", "osm_id": "1241299210", "osm_type": "way", "highway": "footway" }, "geometry": { "type": "LineString", "coordinates": [ [ 77.6480076, 12.9245527 ], [ 77.6479554, 12.9244717 ] ] } },
{ "type": "Feature", "properties": { "full_id": "w1241299211", "osm_id": "1241299211", "osm_type": "way", "highway": "footway" }, "geometry": { "type": "LineString", "coordinates": [ [ 77.6479554, 12.9244717 ], [ 77.6477791, 12.9244188 ], [ 77.6476205, 12.9243541 ] ] } },
{ "type": "Feature", "properties": { "full_id": "w1241299212", "osm_id": "1241299212", "osm_type": "way", "highway": "footway" }, "geometry": { "type": "LineString", "coordinates": [ [ 77.6476205, 12.9243541 ], [ 77.647545, 12.9243257 ], [ 77.6474512, 12.924277 ], [ 77.6472359, 12.9241541 ], [ 77.6467712, 12.9238646 ], [ 77.6464386, 12.9236548 ], [ 77.646104, 12.9233626 ], [ 77.6460363, 12.9232987 ], [ 77.645354, 12.922655 ] ] } },
{ "type": "Feature", "properties": { "full_id": "w1241299213", "osm_id": "1241299213", "osm_type": "way", "highway": "tertiary" }, "geometry": { "type": "LineString", "coordinates": [ [ 77.6473712, 12.9241866 ], [ 77.6475748, 12.9242942 ] ] } },
{ "type": "Feature", "properties": { "full_id": "w1241299214", "osm_id": "1241299214", "osm_type": "way", "highway": "footway" }, "geometry": { "type": "LineString", "coordinates": [ [ 77.6491711, 12.9246646 ], [ 77.6491745, 12.9246292 ], [ 77.6490317, 12.9246201 ], [ 77.6487145, 12.9245966 ], [ 77.648349, 12.9245724 ], [ 77.6480647, 12.9245554 ], [ 77.6480076, 12.9245527 ], [ 77.6474894, 12.9245286 ], [ 77.6471467, 12.9244979 ], [ 77.6467612, 12.9244469 ], [ 77.6462287, 12.924426 ], [ 77.6456045, 12.924424 ], [ 77.64518, 12.9244025 ], [ 77.644779, 12.9242868 ], [ 77.6444022, 12.9241587 ], [ 77.6440273, 12.9240391 ], [ 77.6434667, 12.9238822 ], [ 77.64288, 12.9237103 ], [ 77.6424079, 12.9235868 ], [ 77.6414668, 12.923326 ], [ 77.6413367, 12.9233058 ], [ 77.6412985, 12.9233087 ], [ 77.6411627, 12.9233332 ], [ 77.6407929, 12.9234633 ], [ 77.6403231, 12.9236456 ] ] } },
{ "type": "Feature", "properties": { "full_id": "w1241308580", "osm_id": "1241308580", "osm_type": "way", "highway": "service" }, "geometry": { "type": "LineString", "coordinates": [ [ 77.6492981, 12.9200826 ], [ 77.6494604, 12.9200532 ] ] } },
{ "type": "Feature", "properties": { "full_id": "w1241308581", "osm_id": "1241308581", "osm_type": "way", "highway": "tertiary" }, "geometry": { "type": "LineString", "coordinates": [ [ 77.6515431, 12.919701 ], [ 77.6515213, 12.9197003 ], [ 77.6506033, 12.9196997 ], [ 77.6504072, 12.9196813 ], [ 77.6503153, 12.9196697 ], [ 77.6500457, 12.9196356 ], [ 77.6492385, 12.9195152 ] ] } },
{ "type": "Feature", "properties": { "full_id": "w1241308592", "osm_id": "1241308592", "osm_type": "way", "highway": "service" }, "geometry": { "type": "LineString", "coordinates": [ [ 77.6492458, 12.9185245 ], [ 77.6493464, 12.9185184 ] ] } },
{ "type": "Feature", "properties": { "full_id": "w1241308610", "osm_id": "1241308610", "osm_type": "way", "highway": "footway" }, "geometry": { "type": "LineString", "coordinates": [ [ 77.6491218, 12.9127618 ], [ 77.6490461, 12.9127618 ], [ 77.6490305, 12.912762 ] ] } },
{ "type": "Feature", "properties": { "full_id": "w1241308611", "osm_id": "1241308611", "osm_type": "way", "highway": "footway" }, "geometry": { "type": "LineString", "coordinates": [ [ 77.6490263, 12.9132396 ], [ 77.6490305, 12.912762 ], [ 77.6490334, 12.912543 ], [ 77.6490321, 12.9124903 ] ] } },
{ "type": "Feature", "properties": { "full_id": "w1241312581", "osm_id": "1241312581", "osm_type": "way", "highway": "footway" }, "geometry": { "type": "LineString", "coordinates": [ [ 77.6517605, 12.9120656 ], [ 77.6491513, 12.9120008 ], [ 77.6490748, 12.9119967 ] ] } },
{ "type": "Feature", "properties": { "full_id": "w1241312582", "osm_id": "1241312582", "osm_type": "way", "highway": "footway" }, "geometry": { "type": "LineString", "coordinates": [ [ 77.6490748, 12.9119967 ], [ 77.6490322, 12.9119961 ], [ 77.6489761, 12.9119954 ] ] } },
{ "type": "Feature", "properties": { "full_id": "w1241312587", "osm_id": "1241312587", "osm_type": "way", "highway": "footway" }, "geometry": { "type": "LineString", "coordinates": [ [ 77.6445322, 12.9120832 ], [ 77.6445558, 12.9120842 ], [ 77.6445594, 12.9121368 ], [ 77.6445244, 12.9121366 ] ] } },
{ "type": "Feature", "properties": { "full_id": "w1241312589", "osm_id": "1241312589", "osm_type": "way", "highway": "service" }, "geometry": { "type": "LineString", "coordinates": [ [ 77.6445579, 12.9092149 ], [ 77.6446207, 12.9092143 ], [ 77.6446476, 12.9092141 ] ] } },
{ "type": "Feature", "properties": { "full_id": "w1241317262", "osm_id": "1241317262", "osm_type": "way", "highway": "footway" }, "geometry": { "type": "LineString", "coordinates": [ [ 77.6517605, 12.9120656 ], [ 77.6517611, 12.912042 ] ] } },
{ "type": "Feature", "properties": { "full_id": "w1241317263", "osm_id": "1241317263", "osm_type": "way", "highway": "footway" }, "geometry": { "type": "LineString", "coordinates": [ [ 77.6517648, 12.9119226 ], [ 77.6517655, 12.9119018 ] ] } },
{ "type": "Feature", "properties": { "full_id": "w1241317265", "osm_id": "1241317265", "osm_type": "way", "highway": "footway" }, "geometry": { "type": "LineString", "coordinates": [ [ 77.6517605, 12.9120656 ], [ 77.6517606, 12.9120809 ] ] } },
{ "type": "Feature", "properties": { "full_id": "w1241317266", "osm_id": "1241317266", "osm_type": "way", "highway": "footway" }, "geometry": { "type": "LineString", "coordinates": [ [ 77.6516281, 12.9172857 ], [ 77.6516287, 12.917332 ], [ 77.6516294, 12.9173818 ] ] } },
{ "type": "Feature", "properties": { "full_id": "w1241317267", "osm_id": "1241317267", "osm_type": "way", "highway": "residential" }, "geometry": { "type": "LineString", "coordinates": [ [ 77.6512389, 12.9163399 ], [ 77.6512305, 12.9166643 ], [ 77.6512214, 12.9170172 ], [ 77.6512187, 12.9173178 ] ] } },
{ "type": "Feature", "properties": { "full_id": "w1241317268", "osm_id": "1241317268", "osm_type": "way", "highway": "steps" }, "geometry": { "type": "LineString", "coordinates": [ [ 77.6515697, 12.9190765 ], [ 77.6515694, 12.919086 ] ] } },
{ "type": "Feature", "properties": { "full_id": "w1241435284", "osm_id": "1241435284", "osm_type": "way", "highway": "path" }, "geometry": { "type": "LineString", "coordinates": [ [ 77.6457091, 12.9235579 ], [ 77.6458968, 12.9237561 ], [ 77.6457918, 12.9239238 ] ] } },
{ "type": "Feature", "properties": { "full_id": "w1241435285", "osm_id": "1241435285", "osm_type": "way", "highway": "path" }, "geometry": { "type": "LineString", "coordinates": [ [ 77.6460672, 12.9232742 ], [ 77.6460363, 12.9232987 ], [ 77.6460292, 12.9233043 ], [ 77.6459558, 12.9233624 ], [ 77.6457091, 12.9235579 ], [ 77.6456387, 12.9236136 ] ] } },
{ "type": "Feature", "properties": { "full_id": "w1242412495", "osm_id": "1242412495", "osm_type": "way", "highway": "footway" }, "geometry": { "type": "LineString", "coordinates": [ [ 77.6649329, 12.9242623 ], [ 77.6652846, 12.9242584 ], [ 77.665312, 12.9242581 ] ] } },
{ "type": "Feature", "properties": { "full_id": "w1249112528", "osm_id": "1249112528", "osm_type": "way", "highway": "service" }, "geometry": { "type": "LineString", "coordinates": [ [ 77.64487, 12.9173746 ], [ 77.644784, 12.9173783 ] ] } },
{ "type": "Feature", "properties": { "full_id": "w1249112529", "osm_id": "1249112529", "osm_type": "way", "highway": "service" }, "geometry": { "type": "LineString", "coordinates": [ [ 77.644784, 12.9173783 ], [ 77.6447613, 12.9173793 ] ] } },
{ "type": "Feature", "properties": { "full_id": "w1249112530", "osm_id": "1249112530", "osm_type": "way", "highway": "service" }, "geometry": { "type": "LineString", "coordinates": [ [ 77.6448784, 12.9175191 ], [ 77.6447898, 12.9175225 ], [ 77.6447552, 12.9175239 ] ] } },
{ "type": "Feature", "properties": { "full_id": "w1249112532", "osm_id": "1249112532", "osm_type": "way", "highway": "service" }, "geometry": { "type": "LineString", "coordinates": [ [ 77.6448464, 12.9168971 ], [ 77.6447604, 12.9168998 ], [ 77.6447263, 12.9169008 ] ] } },
{ "type": "Feature", "properties": { "full_id": "w1252339217", "osm_id": "1252339217", "osm_type": "way", "highway": "footway" }, "geometry": { "type": "LineString", "coordinates": [ [ 77.6449589, 12.9217891 ], [ 77.6450298, 12.9218593 ], [ 77.6450422, 12.9218716 ], [ 77.645128, 12.9219567 ] ] } },
{ "type": "Feature", "properties": { "full_id": "w1252339218", "osm_id": "1252339218", "osm_type": "way", "highway": "footway" }, "geometry": { "type": "LineString", "coordinates": [ [ 77.64482, 12.9220788 ], [ 77.6448627, 12.9220342 ], [ 77.6449199, 12.9219742 ], [ 77.6449559, 12.9219367 ], [ 77.6450001, 12.9218904 ], [ 77.6450298, 12.9218593 ] ] } },
{ "type": "Feature", "properties": { "full_id": "w1254626809", "osm_id": "1254626809", "osm_type": "way", "highway": "footway" }, "geometry": { "type": "LineString", "coordinates": [ [ 77.6415075, 12.9104095 ], [ 77.6414112, 12.9104116 ], [ 77.6409054, 12.9104229 ], [ 77.6401125, 12.9104414 ], [ 77.6393784, 12.9104563 ] ] } },
{ "type": "Feature", "properties": { "full_id": "w1254626810", "osm_id": "1254626810", "osm_type": "way", "highway": "footway" }, "geometry": { "type": "LineString", "coordinates": [ [ 77.6415702, 12.9115734 ], [ 77.6415607, 12.911416 ], [ 77.6415573, 12.911362 ], [ 77.6415542, 12.9112761 ], [ 77.6415256, 12.9107454 ], [ 77.6415075, 12.9104095 ] ] } },
{ "type": "Feature", "properties": { "full_id": "w1254626811", "osm_id": "1254626811", "osm_type": "way", "highway": "footway" }, "geometry": { "type": "LineString", "coordinates": [ [ 77.6398604, 12.9113865 ], [ 77.6398593, 12.9112329 ], [ 77.6398764, 12.9112018 ], [ 77.6398765, 12.9111074 ], [ 77.6398772, 12.9110209 ] ] } },
{ "type": "Feature", "properties": { "full_id": "w1254626812", "osm_id": "1254626812", "osm_type": "way", "highway": "footway" }, "geometry": { "type": "LineString", "coordinates": [ [ 77.6397473, 12.911111 ], [ 77.6398765, 12.9111074 ], [ 77.6399975, 12.911104 ], [ 77.6399899, 12.9108467 ], [ 77.6397397, 12.9108538 ], [ 77.6397473, 12.911111 ] ] } },
{ "type": "Feature", "properties": { "full_id": "w1254626813", "osm_id": "1254626813", "osm_type": "way", "highway": "footway" }, "geometry": { "type": "LineString", "coordinates": [ [ 77.6401414, 12.9112201 ], [ 77.6401843, 12.9112363 ], [ 77.6402184, 12.9112531 ], [ 77.6402572, 12.9112587 ], [ 77.6402568, 12.9112742 ], [ 77.6403063, 12.9112678 ], [ 77.6403485, 12.9112407 ], [ 77.640385, 12.9112018 ], [ 77.640401, 12.9111662 ], [ 77.6404056, 12.9111284 ], [ 77.6404021, 12.9110973 ], [ 77.640393, 12.9110573 ], [ 77.6403702, 12.9110162 ], [ 77.6403314, 12.9109806 ], [ 77.6402904, 12.9109684 ], [ 77.6402459, 12.9109639 ], [ 77.6402459, 12.9109828 ], [ 77.6402174, 12.910985 ], [ 77.6401866, 12.910995 ], [ 77.6401604, 12.9110139 ], [ 77.6401342, 12.9110254 ] ] } },
{ "type": "Feature", "properties": { "full_id": "w1254626814", "osm_id": "1254626814", "osm_type": "way", "highway": "steps" }, "geometry": { "type": "LineString", "coordinates": [ [ 77.6401383, 12.9111358 ], [ 77.6402229, 12.9111217 ] ] } },
{ "type": "Feature", "properties": { "full_id": "w1254626815", "osm_id": "1254626815", "osm_type": "way", "highway": "footway" }, "geometry": { "type": "LineString", "coordinates": [ [ 77.6393237, 12.9108855 ], [ 77.6393903, 12.9108873 ] ] } },
{ "type": "Feature", "properties": { "full_id": "w1254626818", "osm_id": "1254626818", "osm_type": "way", "highway": "footway" }, "geometry": { "type": "LineString", "coordinates": [ [ 77.6397653, 12.9107818 ], [ 77.63976, 12.9106229 ] ] } },
{ "type": "Feature", "properties": { "full_id": "w1254626819", "osm_id": "1254626819", "osm_type": "way", "highway": "footway" }, "geometry": { "type": "LineString", "coordinates": [ [ 77.6393784, 12.9104563 ], [ 77.6393876, 12.9107915 ], [ 77.6393903, 12.9108873 ], [ 77.6393915, 12.9109317 ] ] } },
{ "type": "Feature", "properties": { "full_id": "w1254626820", "osm_id": "1254626820", "osm_type": "way", "highway": "steps" }, "geometry": { "type": "LineString", "coordinates": [ [ 77.6415659, 12.910288 ], [ 77.6415773, 12.9102876 ] ] } },
{ "type": "Feature", "properties": { "full_id": "w1254626821", "osm_id": "1254626821", "osm_type": "way", "highway": "footway" }, "geometry": { "type": "LineString", "coordinates": [ [ 77.6415773, 12.9102876 ], [ 77.6416402, 12.9102852 ] ] } },
{ "type": "Feature", "properties": { "full_id": "w1254626822", "osm_id": "1254626822", "osm_type": "way", "highway": "footway" }, "geometry": { "type": "LineString", "coordinates": [ [ 77.6409054, 12.9104229 ], [ 77.6409053, 12.910366 ], [ 77.640905, 12.910301 ] ] } },
{ "type": "Feature", "properties": { "full_id": "w1254626825", "osm_id": "1254626825", "osm_type": "way", "highway": "residential" }, "geometry": { "type": "LineString", "coordinates": [ [ 77.6445791, 12.9102368 ], [ 77.6444595, 12.9102439 ] ] } },
{ "type": "Feature", "properties": { "full_id": "w1254771465", "osm_id": "1254771465", "osm_type": "way", "highway": "construction" }, "geometry": { "type": "LineString", "coordinates": [ [ 77.626947, 12.917172 ], [ 77.6264843, 12.9173223 ], [ 77.6260552, 12.9174399 ], [ 77.6258647, 12.9174909 ], [ 77.6256676, 12.9175341 ], [ 77.6254316, 12.917555 ], [ 77.6251942, 12.917568 ], [ 77.6249565, 12.917569 ], [ 77.6246532, 12.917538 ], [ 77.6240382, 12.9173801 ], [ 77.623542, 12.9172855 ], [ 77.622929179260368, 12.916969647939911 ] ] } },
{ "type": "Feature", "properties": { "full_id": "w1256913157", "osm_id": "1256913157", "osm_type": "way", "highway": "unclassified" }, "geometry": { "type": "LineString", "coordinates": [ [ 77.6672928, 12.9275239 ], [ 77.6672955, 12.92749 ], [ 77.6673072, 12.9274341 ], [ 77.6673558, 12.9274039 ], [ 77.6674382, 12.9273566 ], [ 77.6675132, 12.9273193 ], [ 77.6676163, 12.9273007 ], [ 77.6677045, 12.9272763 ], [ 77.6677313, 12.9272378 ], [ 77.6680148, 12.9272615 ] ] } },
{ "type": "Feature", "properties": { "full_id": "w1256913158", "osm_id": "1256913158", "osm_type": "way", "highway": "footway" }, "geometry": { "type": "LineString", "coordinates": [ [ 77.6693077, 12.9288074 ], [ 77.6692834, 12.9280226 ], [ 77.6692657, 12.9272625 ] ] } },
{ "type": "Feature", "properties": { "full_id": "w1256913161", "osm_id": "1256913161", "osm_type": "way", "highway": "footway" }, "geometry": { "type": "LineString", "coordinates": [ [ 77.6693077, 12.9288074 ], [ 77.669305, 12.9288477 ], [ 77.6692997, 12.9289273 ] ] } },
{ "type": "Feature", "properties": { "full_id": "w1259660750", "osm_id": "1259660750", "osm_type": "way", "highway": "tertiary" }, "geometry": { "type": "LineString", "coordinates": [ [ 77.6503578, 12.9037618 ], [ 77.6503813, 12.9037745 ], [ 77.6504078, 12.9037782 ] ] } },
{ "type": "Feature", "properties": { "full_id": "w1262069472", "osm_id": "1262069472", "osm_type": "way", "highway": "residential" }, "geometry": { "type": "LineString", "coordinates": [ [ 77.6243016, 12.916147 ], [ 77.6248265, 12.9162982 ] ] } },
{ "type": "Feature", "properties": { "full_id": "w1265414948", "osm_id": "1265414948", "osm_type": "way", "highway": "residential" }, "geometry": { "type": "LineString", "coordinates": [ [ 77.6441831, 12.9187918 ], [ 77.6443117, 12.9187462 ], [ 77.6443389, 12.9187354 ] ] } },
{ "type": "Feature", "properties": { "full_id": "w1265414949", "osm_id": "1265414949", "osm_type": "way", "highway": "residential" }, "geometry": { "type": "LineString", "coordinates": [ [ 77.6440673, 12.9187358 ], [ 77.6440622, 12.9187563 ], [ 77.6440645, 12.9187773 ], [ 77.6440737, 12.9187964 ], [ 77.6440888, 12.9188115 ], [ 77.6441082, 12.9188209 ], [ 77.6441297, 12.9188235 ], [ 77.6441509, 12.9188191 ], [ 77.6441694, 12.9188081 ], [ 77.6441831, 12.9187918 ], [ 77.6441904, 12.9187726 ], [ 77.6441911, 12.9187522 ], [ 77.644185, 12.9187327 ], [ 77.6441729, 12.9187161 ], [ 77.644156, 12.9187041 ], [ 77.644136, 12.918698 ], [ 77.6441151, 12.9186984 ], [ 77.6440954, 12.9187053 ], [ 77.644079, 12.918718 ], [ 77.6440673, 12.9187358 ] ] } },
{ "type": "Feature", "properties": { "full_id": "w1265414950", "osm_id": "1265414950", "osm_type": "way", "highway": "residential" }, "geometry": { "type": "LineString", "coordinates": [ [ 77.6428007, 12.9192802 ], [ 77.642869, 12.9192547 ], [ 77.6428992, 12.9192417 ], [ 77.6440645, 12.9187773 ] ] } },
{ "type": "Feature", "properties": { "full_id": "w1265801100", "osm_id": "1265801100", "osm_type": "way", "highway": "footway" }, "geometry": { "type": "LineString", "coordinates": [ [ 77.6516722, 12.9157125 ], [ 77.6516843, 12.9157124 ] ] } },
{ "type": "Feature", "properties": { "full_id": "w1265801101", "osm_id": "1265801101", "osm_type": "way", "highway": "footway" }, "geometry": { "type": "LineString", "coordinates": [ [ 77.6518412, 12.9157105 ], [ 77.6518218, 12.9157106 ] ] } },
{ "type": "Feature", "properties": { "full_id": "w1265801102", "osm_id": "1265801102", "osm_type": "way", "highway": "footway" }, "geometry": { "type": "LineString", "coordinates": [ [ 77.6516843, 12.9157124 ], [ 77.6517126, 12.915712 ], [ 77.651795, 12.9157109 ], [ 77.6518218, 12.9157106 ] ] } },
{ "type": "Feature", "properties": { "full_id": "w1266699516", "osm_id": "1266699516", "osm_type": "way", "highway": "residential" }, "geometry": { "type": "LineString", "coordinates": [ [ 77.6502937, 12.9014053 ], [ 77.6501749, 12.9005029 ], [ 77.6500291, 12.8994925 ], [ 77.65002, 12.8994297 ] ] } },
{ "type": "Feature", "properties": { "full_id": "w1271463316", "osm_id": "1271463316", "osm_type": "way", "highway": "residential" }, "geometry": { "type": "LineString", "coordinates": [ [ 77.6440922, 12.9127099 ], [ 77.6436507, 12.9127238 ], [ 77.643132, 12.9127402 ], [ 77.6420695, 12.9127829 ] ] } },
{ "type": "Feature", "properties": { "full_id": "w1271463317", "osm_id": "1271463317", "osm_type": "way", "highway": "residential" }, "geometry": { "type": "LineString", "coordinates": [ [ 77.6420695, 12.9127829 ], [ 77.6420492, 12.9122925 ], [ 77.6420472, 12.9122384 ] ] } },
{ "type": "Feature", "properties": { "full_id": "w1271883869", "osm_id": "1271883869", "osm_type": "way", "highway": "service" }, "geometry": { "type": "LineString", "coordinates": [ [ 77.6258542, 12.9121277 ], [ 77.6259305, 12.9120968 ], [ 77.6260111, 12.9119718 ], [ 77.6261014, 12.9118315 ], [ 77.6261085, 12.9117167 ] ] } },
{ "type": "Feature", "properties": { "full_id": "w1271883871", "osm_id": "1271883871", "osm_type": "way", "highway": "steps" }, "geometry": { "type": "LineString", "coordinates": [ [ 77.625992, 12.9121168 ], [ 77.6260883, 12.9119691 ] ] } },
{ "type": "Feature", "properties": { "full_id": "w1271883872", "osm_id": "1271883872", "osm_type": "way", "highway": "footway" }, "geometry": { "type": "LineString", "coordinates": [ [ 77.6260883, 12.9119691 ], [ 77.6261525, 12.9119624 ] ] } },
{ "type": "Feature", "properties": { "full_id": "w1271883873", "osm_id": "1271883873", "osm_type": "way", "highway": "service" }, "geometry": { "type": "LineString", "coordinates": [ [ 77.6299033, 12.9056308 ], [ 77.6300865, 12.9054294 ], [ 77.6301334, 12.9053582 ], [ 77.6302207, 12.9052255 ], [ 77.6302568, 12.905054 ] ] } },
{ "type": "Feature", "properties": { "full_id": "w1272669582", "osm_id": "1272669582", "osm_type": "way", "highway": "footway" }, "geometry": { "type": "LineString", "coordinates": [ [ 77.6414112, 12.9104116 ], [ 77.6414121, 12.9103764 ], [ 77.6414386, 12.9103764 ] ] } },
{ "type": "Feature", "properties": { "full_id": "w1272669583", "osm_id": "1272669583", "osm_type": "way", "highway": "footway" }, "geometry": { "type": "LineString", "coordinates": [ [ 77.6415075, 12.9104095 ], [ 77.6415253, 12.9104088 ], [ 77.6415238, 12.9103714 ], [ 77.6415046, 12.9103722 ] ] } },
{ "type": "Feature", "properties": { "full_id": "w1272669584", "osm_id": "1272669584", "osm_type": "way", "highway": "footway" }, "geometry": { "type": "LineString", "coordinates": [ [ 77.6405568, 12.9107858 ], [ 77.6405618, 12.9106513 ] ] } },
{ "type": "Feature", "properties": { "full_id": "w1272669586", "osm_id": "1272669586", "osm_type": "way", "highway": "footway" }, "geometry": { "type": "LineString", "coordinates": [ [ 77.6393876, 12.9107915 ], [ 77.6397653, 12.9107818 ], [ 77.6401248, 12.9107726 ] ] } },
{ "type": "Feature", "properties": { "full_id": "w1272669589", "osm_id": "1272669589", "osm_type": "way", "highway": "footway" }, "geometry": { "type": "LineString", "coordinates": [ [ 77.638185, 12.9119837 ], [ 77.6381746, 12.9114984 ] ] } },
{ "type": "Feature", "properties": { "full_id": "w1272669590", "osm_id": "1272669590", "osm_type": "way", "highway": "footway" }, "geometry": { "type": "LineString", "coordinates": [ [ 77.6381746, 12.9114984 ], [ 77.6395599, 12.9114619 ] ] } },
{ "type": "Feature", "properties": { "full_id": "w1272669591", "osm_id": "1272669591", "osm_type": "way", "highway": "footway" }, "geometry": { "type": "LineString", "coordinates": [ [ 77.638185, 12.9119837 ], [ 77.6396495, 12.9119573 ], [ 77.6416618, 12.9119086 ] ] } },
{ "type": "Feature", "properties": { "full_id": "w1272669592", "osm_id": "1272669592", "osm_type": "way", "highway": "footway" }, "geometry": { "type": "LineString", "coordinates": [ [ 77.6416618, 12.9119086 ], [ 77.6417157, 12.9119112 ], [ 77.6417805, 12.9119143 ] ] } },
{ "type": "Feature", "properties": { "full_id": "w1272678960", "osm_id": "1272678960", "osm_type": "way", "highway": "residential" }, "geometry": { "type": "LineString", "coordinates": [ [ 77.6468129, 12.9064924 ], [ 77.6468097, 12.9064658 ] ] } },
{ "type": "Feature", "properties": { "full_id": "w1273047470", "osm_id": "1273047470", "osm_type": "way", "highway": "residential" }, "geometry": { "type": "LineString", "coordinates": [ [ 77.661829, 12.9222986 ], [ 77.6618559, 12.9225531 ] ] } },
{ "type": "Feature", "properties": { "full_id": "w1273047471", "osm_id": "1273047471", "osm_type": "way", "highway": "residential" }, "geometry": { "type": "LineString", "coordinates": [ [ 77.661466, 12.9217362 ], [ 77.661621, 12.9223207 ] ] } },
{ "type": "Feature", "properties": { "full_id": "w1274231233", "osm_id": "1274231233", "osm_type": "way", "highway": "residential" }, "geometry": { "type": "LineString", "coordinates": [ [ 77.6517904, 12.9209817 ], [ 77.652772, 12.9208876 ] ] } },
{ "type": "Feature", "properties": { "full_id": "w1274231243", "osm_id": "1274231243", "osm_type": "way", "highway": "footway" }, "geometry": { "type": "LineString", "coordinates": [ [ 77.6516495, 12.9240855 ], [ 77.6511439, 12.924179 ], [ 77.6509903, 12.9242083 ], [ 77.6504025, 12.9241685 ] ] } },
{ "type": "Feature", "properties": { "full_id": "w1274231244", "osm_id": "1274231244", "osm_type": "way", "highway": "footway" }, "geometry": { "type": "LineString", "coordinates": [ [ 77.6516468, 12.9240702 ], [ 77.6516717, 12.9240637 ] ] } },
{ "type": "Feature", "properties": { "full_id": "w1274231245", "osm_id": "1274231245", "osm_type": "way", "highway": "footway" }, "geometry": { "type": "LineString", "coordinates": [ [ 77.6516717, 12.9240637 ], [ 77.6517439, 12.9240497 ], [ 77.651748041909499, 12.92404890105299 ] ] } },
{ "type": "Feature", "properties": { "full_id": "w1274663071", "osm_id": "1274663071", "osm_type": "way", "highway": "footway" }, "geometry": { "type": "LineString", "coordinates": [ [ 77.6653034, 12.924048 ], [ 77.6652784, 12.9240481 ] ] } },
{ "type": "Feature", "properties": { "full_id": "w1274663072", "osm_id": "1274663072", "osm_type": "way", "highway": "footway" }, "geometry": { "type": "LineString", "coordinates": [ [ 77.6652784, 12.9240481 ], [ 77.6652078, 12.9240481 ] ] } },
{ "type": "Feature", "properties": { "full_id": "w1274663074", "osm_id": "1274663074", "osm_type": "way", "highway": "footway" }, "geometry": { "type": "LineString", "coordinates": [ [ 77.6653442, 12.9253531 ], [ 77.6653191, 12.9253531 ] ] } },
{ "type": "Feature", "properties": { "full_id": "w1274663075", "osm_id": "1274663075", "osm_type": "way", "highway": "footway" }, "geometry": { "type": "LineString", "coordinates": [ [ 77.6653191, 12.9253531 ], [ 77.6652475, 12.9253543 ] ] } },
{ "type": "Feature", "properties": { "full_id": "w1274663078", "osm_id": "1274663078", "osm_type": "way", "highway": "footway" }, "geometry": { "type": "LineString", "coordinates": [ [ 77.6653107, 12.9242264 ], [ 77.6653263, 12.924226 ] ] } },
{ "type": "Feature", "properties": { "full_id": "w1274663079", "osm_id": "1274663079", "osm_type": "way", "highway": "footway" }, "geometry": { "type": "LineString", "coordinates": [ [ 77.6654389, 12.9242234 ], [ 77.6654208, 12.9242239 ] ] } },
{ "type": "Feature", "properties": { "full_id": "w1274663080", "osm_id": "1274663080", "osm_type": "way", "highway": "footway" }, "geometry": { "type": "LineString", "coordinates": [ [ 77.6654208, 12.9242239 ], [ 77.6653727, 12.924225 ], [ 77.6653263, 12.924226 ] ] } },
{ "type": "Feature", "properties": { "full_id": "w1274663081", "osm_id": "1274663081", "osm_type": "way", "highway": "footway" }, "geometry": { "type": "LineString", "coordinates": [ [ 77.6652897, 12.9244658 ], [ 77.6652144, 12.9244696 ] ] } },
{ "type": "Feature", "properties": { "full_id": "w1274663082", "osm_id": "1274663082", "osm_type": "way", "highway": "footway" }, "geometry": { "type": "LineString", "coordinates": [ [ 77.6653208, 12.9244643 ], [ 77.6652897, 12.9244658 ] ] } },
{ "type": "Feature", "properties": { "full_id": "w1274663083", "osm_id": "1274663083", "osm_type": "way", "highway": "footway" }, "geometry": { "type": "LineString", "coordinates": [ [ 77.6653034, 12.9248972 ], [ 77.6652139, 12.9248985 ] ] } },
{ "type": "Feature", "properties": { "full_id": "w1274663084", "osm_id": "1274663084", "osm_type": "way", "highway": "footway" }, "geometry": { "type": "LineString", "coordinates": [ [ 77.6653335, 12.9248967 ], [ 77.6653034, 12.9248972 ] ] } },
{ "type": "Feature", "properties": { "full_id": "w1274663086", "osm_id": "1274663086", "osm_type": "way", "highway": "footway" }, "geometry": { "type": "LineString", "coordinates": [ [ 77.6653595, 12.9261788 ], [ 77.6653328, 12.9261795 ], [ 77.665259, 12.9261816 ] ] } },
{ "type": "Feature", "properties": { "full_id": "w1274663087", "osm_id": "1274663087", "osm_type": "way", "highway": "footway" }, "geometry": { "type": "LineString", "coordinates": [ [ 77.6653515, 12.9257604 ], [ 77.6653238, 12.9257611 ], [ 77.6652349, 12.9257633 ] ] } },
{ "type": "Feature", "properties": { "full_id": "w1274663089", "osm_id": "1274663089", "osm_type": "way", "highway": "service" }, "geometry": { "type": "LineString", "coordinates": [ [ 77.6662161, 12.9271001 ], [ 77.6662293, 12.9269402 ] ] } },
{ "type": "Feature", "properties": { "full_id": "w1274663090", "osm_id": "1274663090", "osm_type": "way", "highway": "service" }, "geometry": { "type": "LineString", "coordinates": [ [ 77.6658162, 12.9270757 ], [ 77.6658276, 12.926915 ] ] } },
{ "type": "Feature", "properties": { "full_id": "w1274663101", "osm_id": "1274663101", "osm_type": "way", "highway": "track" }, "geometry": { "type": "LineString", "coordinates": [ [ 77.6636415, 12.9279923 ], [ 77.6637587, 12.9280769 ] ] } },
{ "type": "Feature", "properties": { "full_id": "w1274663102", "osm_id": "1274663102", "osm_type": "way", "highway": "track" }, "geometry": { "type": "LineString", "coordinates": [ [ 77.6635821, 12.9279473 ], [ 77.6636415, 12.9279923 ] ] } },
{ "type": "Feature", "properties": { "full_id": "w1278386256", "osm_id": "1278386256", "osm_type": "way", "highway": "footway" }, "geometry": { "type": "LineString", "coordinates": [ [ 77.6517947, 12.9113136 ], [ 77.6518024, 12.9094492 ] ] } },
{ "type": "Feature", "properties": { "full_id": "w1278386257", "osm_id": "1278386257", "osm_type": "way", "highway": "footway" }, "geometry": { "type": "LineString", "coordinates": [ [ 77.651789, 12.9114178 ], [ 77.6517921, 12.9113612 ], [ 77.6517947, 12.9113136 ] ] } },
{ "type": "Feature", "properties": { "full_id": "w1278386258", "osm_id": "1278386258", "osm_type": "way", "highway": "footway" }, "geometry": { "type": "LineString", "coordinates": [ [ 77.6518017, 12.9093759 ], [ 77.6517924, 12.9089315 ], [ 77.6517723, 12.9085882 ] ] } },
{ "type": "Feature", "properties": { "full_id": "w1278386259", "osm_id": "1278386259", "osm_type": "way", "highway": "footway" }, "geometry": { "type": "LineString", "coordinates": [ [ 77.6518024, 12.9094492 ], [ 77.6518021, 12.9094208 ], [ 77.6518017, 12.9093759 ] ] } },
{ "type": "Feature", "properties": { "full_id": "w1278386260", "osm_id": "1278386260", "osm_type": "way", "highway": "footway" }, "geometry": { "type": "LineString", "coordinates": [ [ 77.6517796, 12.9119023 ], [ 77.6517805, 12.9118576 ], [ 77.651789, 12.9114178 ] ] } },
{ "type": "Feature", "properties": { "full_id": "w1278386267", "osm_id": "1278386267", "osm_type": "way", "highway": "residential" }, "geometry": { "type": "LineString", "coordinates": [ [ 77.6518811, 12.9092713 ], [ 77.6519686, 12.9092643 ], [ 77.6520145, 12.9092631 ], [ 77.6533081, 12.9091464 ] ] } },
{ "type": "Feature", "properties": { "full_id": "w1278422341", "osm_id": "1278422341", "osm_type": "way", "highway": "footway" }, "geometry": { "type": "LineString", "coordinates": [ [ 77.6519687, 12.9092118 ], [ 77.6519692, 12.9089733 ] ] } },
{ "type": "Feature", "properties": { "full_id": "w1278422342", "osm_id": "1278422342", "osm_type": "way", "highway": "footway" }, "geometry": { "type": "LineString", "coordinates": [ [ 77.6519643, 12.9096994 ], [ 77.6519685, 12.909302 ] ] } },
{ "type": "Feature", "properties": { "full_id": "w1278422343", "osm_id": "1278422343", "osm_type": "way", "highway": "footway" }, "geometry": { "type": "LineString", "coordinates": [ [ 77.6519601, 12.909787 ], [ 77.6519623, 12.9097419 ], [ 77.6519643, 12.9096994 ] ] } },
{ "type": "Feature", "properties": { "full_id": "w1278422344", "osm_id": "1278422344", "osm_type": "way", "highway": "footway" }, "geometry": { "type": "LineString", "coordinates": [ [ 77.6519685, 12.909302 ], [ 77.6519686, 12.9092643 ], [ 77.6519687, 12.9092118 ] ] } },
{ "type": "Feature", "properties": { "full_id": "w1278422345", "osm_id": "1278422345", "osm_type": "way", "highway": "footway" }, "geometry": { "type": "LineString", "coordinates": [ [ 77.6519692, 12.9089733 ], [ 77.6519665, 12.9089301 ], [ 77.6519641, 12.9088902 ] ] } },
{ "type": "Feature", "properties": { "full_id": "w1278422346", "osm_id": "1278422346", "osm_type": "way", "highway": "footway" }, "geometry": { "type": "LineString", "coordinates": [ [ 77.6519641, 12.9088902 ], [ 77.6519271, 12.9085314 ], [ 77.6518969, 12.9083314 ], [ 77.6517623, 12.9077767 ] ] } },
{ "type": "Feature", "properties": { "full_id": "w1278422347", "osm_id": "1278422347", "osm_type": "way", "highway": "footway" }, "geometry": { "type": "LineString", "coordinates": [ [ 77.6519474, 12.9113319 ], [ 77.6519601, 12.909787 ] ] } },
{ "type": "Feature", "properties": { "full_id": "w1281349293", "osm_id": "1281349293", "osm_type": "way", "highway": "trunk_link" }, "geometry": { "type": "LineString", "coordinates": [ [ 77.6408327, 12.9174775 ], [ 77.6410422, 12.9175032 ] ] } },
{ "type": "Feature", "properties": { "full_id": "w1281547535", "osm_id": "1281547535", "osm_type": "way", "highway": "residential" }, "geometry": { "type": "LineString", "coordinates": [ [ 77.6680148, 12.9272615 ], [ 77.6686763, 12.9273154 ], [ 77.6687133, 12.9273184 ], [ 77.6687616, 12.9273117 ], [ 77.668836, 12.9272695 ], [ 77.6688894, 12.927252 ], [ 77.6689785, 12.9272499 ], [ 77.6691979, 12.9272295 ], [ 77.6692643, 12.927231 ], [ 77.6693034, 12.9272318 ] ] } },
{ "type": "Feature", "properties": { "full_id": "w1281547536", "osm_id": "1281547536", "osm_type": "way", "highway": "tertiary" }, "geometry": { "type": "LineString", "coordinates": [ [ 77.6693034, 12.9272318 ], [ 77.669305357485271, 12.927231897450564 ] ] } },
{ "type": "Feature", "properties": { "full_id": "w1282000299", "osm_id": "1282000299", "osm_type": "way", "highway": "residential" }, "geometry": { "type": "LineString", "coordinates": [ [ 77.6458415, 12.9151148 ], [ 77.6458437, 12.9151785 ] ] } },
{ "type": "Feature", "properties": { "full_id": "w1282000300", "osm_id": "1282000300", "osm_type": "way", "highway": "residential" }, "geometry": { "type": "LineString", "coordinates": [ [ 77.6458394, 12.9150563 ], [ 77.6458415, 12.9151148 ] ] } },
{ "type": "Feature", "properties": { "full_id": "w1282002102", "osm_id": "1282002102", "osm_type": "way", "highway": "footway" }, "geometry": { "type": "LineString", "coordinates": [ [ 77.6421243, 12.9184172 ], [ 77.6418971, 12.9186228 ] ] } },
{ "type": "Feature", "properties": { "full_id": "w1282002103", "osm_id": "1282002103", "osm_type": "way", "highway": "footway" }, "geometry": { "type": "LineString", "coordinates": [ [ 77.6432214, 12.919699 ], [ 77.6429032, 12.9192909 ], [ 77.642869, 12.9192547 ], [ 77.6424328, 12.9186648 ], [ 77.6424318, 12.9186636 ], [ 77.6423144, 12.9185239 ], [ 77.6422221, 12.9184203 ], [ 77.6422032, 12.9183991 ] ] } },
{ "type": "Feature", "properties": { "full_id": "w1282002104", "osm_id": "1282002104", "osm_type": "way", "highway": "construction" }, "geometry": { "type": "LineString", "coordinates": [ [ 77.6421243, 12.9184172 ], [ 77.6421521, 12.9184521 ] ] } },
{ "type": "Feature", "properties": { "full_id": "w1282002105", "osm_id": "1282002105", "osm_type": "way", "highway": "construction" }, "geometry": { "type": "LineString", "coordinates": [ [ 77.6418971, 12.9186228 ], [ 77.6419198, 12.9186534 ] ] } },
{ "type": "Feature", "properties": { "full_id": "w1282002106", "osm_id": "1282002106", "osm_type": "way", "highway": "footway" }, "geometry": { "type": "LineString", "coordinates": [ [ 77.6419198, 12.9186534 ], [ 77.6423596, 12.9192445 ], [ 77.6423885, 12.9192834 ] ] } },
{ "type": "Feature", "properties": { "full_id": "w1282002107", "osm_id": "1282002107", "osm_type": "way", "highway": "footway" }, "geometry": { "type": "LineString", "coordinates": [ [ 77.6423742, 12.9191271 ], [ 77.6424275, 12.9192026 ], [ 77.6424906, 12.9192921 ] ] } },
{ "type": "Feature", "properties": { "full_id": "w1282002108", "osm_id": "1282002108", "osm_type": "way", "highway": "footway" }, "geometry": { "type": "LineString", "coordinates": [ [ 77.6423676, 12.9192399 ], [ 77.6423898, 12.9192258 ], [ 77.6424147, 12.91921 ] ] } },
{ "type": "Feature", "properties": { "full_id": "w1282002109", "osm_id": "1282002109", "osm_type": "way", "highway": "footway" }, "geometry": { "type": "LineString", "coordinates": [ [ 77.6424147, 12.91921 ], [ 77.6424275, 12.9192026 ] ] } },
{ "type": "Feature", "properties": { "full_id": "w1282002110", "osm_id": "1282002110", "osm_type": "way", "highway": "footway" }, "geometry": { "type": "LineString", "coordinates": [ [ 77.6423676, 12.9192399 ], [ 77.6423596, 12.9192445 ] ] } },
{ "type": "Feature", "properties": { "full_id": "w1282002526", "osm_id": "1282002526", "osm_type": "way", "highway": "residential" }, "geometry": { "type": "LineString", "coordinates": [ [ 77.661621, 12.9223207 ], [ 77.661829, 12.9222986 ] ] } },
{ "type": "Feature", "properties": { "full_id": "w1282215177", "osm_id": "1282215177", "osm_type": "way", "highway": "residential" }, "geometry": { "type": "LineString", "coordinates": [ [ 77.6424937, 12.9186928 ], [ 77.6424852, 12.9185286 ] ] } },
{ "type": "Feature", "properties": { "full_id": "w1282215178", "osm_id": "1282215178", "osm_type": "way", "highway": "footway" }, "geometry": { "type": "LineString", "coordinates": [ [ 77.6424937, 12.9186928 ], [ 77.6424558, 12.9186407 ] ] } },
{ "type": "Feature", "properties": { "full_id": "w1282215179", "osm_id": "1282215179", "osm_type": "way", "highway": "steps" }, "geometry": { "type": "LineString", "coordinates": [ [ 77.6424558, 12.9186407 ], [ 77.6424419, 12.9186543 ] ] } },
{ "type": "Feature", "properties": { "full_id": "w1282215180", "osm_id": "1282215180", "osm_type": "way", "highway": "footway" }, "geometry": { "type": "LineString", "coordinates": [ [ 77.6424419, 12.9186543 ], [ 77.6424318, 12.9186636 ] ] } },
{ "type": "Feature", "properties": { "full_id": "w1282215181", "osm_id": "1282215181", "osm_type": "way", "highway": "footway" }, "geometry": { "type": "LineString", "coordinates": [ [ 77.6421521, 12.9184521 ], [ 77.6421634, 12.918466 ], [ 77.642168, 12.9184617 ] ] } },
{ "type": "Feature", "properties": { "full_id": "w1282215182", "osm_id": "1282215182", "osm_type": "way", "highway": "footway" }, "geometry": { "type": "LineString", "coordinates": [ [ 77.642168, 12.9184617 ], [ 77.6421876, 12.9184468 ], [ 77.6422059, 12.918433 ] ] } },
{ "type": "Feature", "properties": { "full_id": "w1282215183", "osm_id": "1282215183", "osm_type": "way", "highway": "footway" }, "geometry": { "type": "LineString", "coordinates": [ [ 77.6422059, 12.918433 ], [ 77.6422221, 12.9184203 ] ] } },
{ "type": "Feature", "properties": { "full_id": "w1282215184", "osm_id": "1282215184", "osm_type": "way", "highway": "residential" }, "geometry": { "type": "LineString", "coordinates": [ [ 77.6424852, 12.9185286 ], [ 77.642425, 12.9172606 ] ] } },
{ "type": "Feature", "properties": { "full_id": "w1282769935", "osm_id": "1282769935", "osm_type": "way", "highway": "primary" }, "geometry": { "type": "LineString", "coordinates": [ [ 77.6499973, 12.9242847 ], [ 77.6499808, 12.9244154 ] ] } },
{ "type": "Feature", "properties": { "full_id": "w1284364360", "osm_id": "1284364360", "osm_type": "way", "highway": "footway" }, "geometry": { "type": "LineString", "coordinates": [ [ 77.6519293, 12.9118609 ], [ 77.6519484, 12.9118613 ] ] } },
{ "type": "Feature", "properties": { "full_id": "w1284364361", "osm_id": "1284364361", "osm_type": "way", "highway": "footway" }, "geometry": { "type": "LineString", "coordinates": [ [ 77.6517805, 12.9118576 ], [ 77.6518, 12.911858 ] ] } },
{ "type": "Feature", "properties": { "full_id": "w1284364362", "osm_id": "1284364362", "osm_type": "way", "highway": "footway" }, "geometry": { "type": "LineString", "coordinates": [ [ 77.6519484, 12.9118613 ], [ 77.6519553, 12.9113992 ] ] } },
{ "type": "Feature", "properties": { "full_id": "w1284364363", "osm_id": "1284364363", "osm_type": "way", "highway": "footway" }, "geometry": { "type": "LineString", "coordinates": [ [ 77.6519553, 12.9113992 ], [ 77.6519511, 12.9113635 ], [ 77.6519474, 12.9113319 ] ] } },
{ "type": "Feature", "properties": { "full_id": "w1284364364", "osm_id": "1284364364", "osm_type": "way", "highway": "footway" }, "geometry": { "type": "LineString", "coordinates": [ [ 77.6521118, 12.9120374 ], [ 77.6522264, 12.9120294 ], [ 77.6522653, 12.9120193 ], [ 77.652531, 12.9118424 ] ] } },
{ "type": "Feature", "properties": { "full_id": "w1284662967", "osm_id": "1284662967", "osm_type": "way", "highway": "service" }, "geometry": { "type": "LineString", "coordinates": [ [ 77.66703, 12.9246239 ], [ 77.6670789, 12.9246275 ], [ 77.667107, 12.9246269 ] ] } },
{ "type": "Feature", "properties": { "full_id": "w1284662968", "osm_id": "1284662968", "osm_type": "way", "highway": "service" }, "geometry": { "type": "LineString", "coordinates": [ [ 77.6674315, 12.9247658 ], [ 77.667431, 12.9247165 ], [ 77.6674303, 12.9246513 ] ] } },
{ "type": "Feature", "properties": { "full_id": "w1285829244", "osm_id": "1285829244", "osm_type": "way", "highway": "trunk_link" }, "geometry": { "type": "LineString", "coordinates": [ [ 77.6303976, 12.9048243 ], [ 77.6304697, 12.9048596 ] ] } },
{ "type": "Feature", "properties": { "full_id": "w1285829246", "osm_id": "1285829246", "osm_type": "way", "highway": "footway" }, "geometry": { "type": "LineString", "coordinates": [ [ 77.6297941, 12.9063185 ], [ 77.6301471, 12.9063771 ] ] } },
{ "type": "Feature", "properties": { "full_id": "w1285829247", "osm_id": "1285829247", "osm_type": "way", "highway": "footway" }, "geometry": { "type": "LineString", "coordinates": [ [ 77.6297941, 12.9063185 ], [ 77.6297361, 12.9062986 ], [ 77.6297102, 12.9062897 ] ] } },
{ "type": "Feature", "properties": { "full_id": "w1285829248", "osm_id": "1285829248", "osm_type": "way", "highway": "footway" }, "geometry": { "type": "LineString", "coordinates": [ [ 77.6297102, 12.9062897 ], [ 77.6297006, 12.9062822 ], [ 77.6297235, 12.9062283 ], [ 77.6297016, 12.9062115 ] ] } },
{ "type": "Feature", "properties": { "full_id": "w1285829249", "osm_id": "1285829249", "osm_type": "way", "highway": "steps" }, "geometry": { "type": "LineString", "coordinates": [ [ 77.6297016, 12.9062115 ], [ 77.6296816, 12.9062469 ] ] } },
{ "type": "Feature", "properties": { "full_id": "w1285830706", "osm_id": "1285830706", "osm_type": "way", "highway": "footway" }, "geometry": { "type": "LineString", "coordinates": [ [ 77.6286314, 12.9139844 ], [ 77.6286316, 12.9139626 ], [ 77.6286286, 12.9135942 ], [ 77.6286284, 12.9135844 ] ] } },
{ "type": "Feature", "properties": { "full_id": "w1285830707", "osm_id": "1285830707", "osm_type": "way", "highway": "footway" }, "geometry": { "type": "LineString", "coordinates": [ [ 77.6286281, 12.9135236 ], [ 77.6286273, 12.9135119 ], [ 77.6286156, 12.9131546 ], [ 77.6286153, 12.9131459 ] ] } },
{ "type": "Feature", "properties": { "full_id": "w1285830708", "osm_id": "1285830708", "osm_type": "way", "highway": "footway" }, "geometry": { "type": "LineString", "coordinates": [ [ 77.6285242, 12.9135008 ], [ 77.6285247, 12.9135103 ], [ 77.6285468, 12.9139645 ], [ 77.6285476, 12.9139812 ] ] } },
{ "type": "Feature", "properties": { "full_id": "w1285830709", "osm_id": "1285830709", "osm_type": "way", "highway": "footway" }, "geometry": { "type": "LineString", "coordinates": [ [ 77.6285235, 12.9134269 ], [ 77.6285235, 12.9134072 ], [ 77.6285231, 12.9130895 ], [ 77.6285241, 12.913078 ], [ 77.628534, 12.9129678 ] ] } },
{ "type": "Feature", "properties": { "full_id": "w1285830710", "osm_id": "1285830710", "osm_type": "way", "highway": "footway" }, "geometry": { "type": "LineString", "coordinates": [ [ 77.6285235, 12.9134072 ], [ 77.6282903, 12.9134309 ], [ 77.6282462, 12.9134312 ], [ 77.6279737, 12.9134577 ] ] } },
{ "type": "Feature", "properties": { "full_id": "w1285830711", "osm_id": "1285830711", "osm_type": "way", "highway": "footway" }, "geometry": { "type": "LineString", "coordinates": [ [ 77.6283248, 12.9135204 ], [ 77.6285247, 12.9135103 ] ] } },
{ "type": "Feature", "properties": { "full_id": "w1285830712", "osm_id": "1285830712", "osm_type": "way", "highway": "footway" }, "geometry": { "type": "LineString", "coordinates": [ [ 77.6286039, 12.9130753 ], [ 77.6285687, 12.9130768 ], [ 77.6285331, 12.9130783 ] ] } },
{ "type": "Feature", "properties": { "full_id": "w1285830713", "osm_id": "1285830713", "osm_type": "way", "highway": "footway" }, "geometry": { "type": "LineString", "coordinates": [ [ 77.6285331, 12.9130783 ], [ 77.6285241, 12.913078 ] ] } },
{ "type": "Feature", "properties": { "full_id": "w1285830714", "osm_id": "1285830714", "osm_type": "way", "highway": "service" }, "geometry": { "type": "LineString", "coordinates": [ [ 77.6283062, 12.9134784 ], [ 77.6282903, 12.9134309 ], [ 77.628259, 12.9133372 ], [ 77.6284127, 12.9130839 ] ] } },
{ "type": "Feature", "properties": { "full_id": "w1285831933", "osm_id": "1285831933", "osm_type": "way", "highway": "tertiary" }, "geometry": { "type": "LineString", "coordinates": [ [ 77.6353868, 12.9159033 ], [ 77.6353851, 12.9158671 ] ] } },
{ "type": "Feature", "properties": { "full_id": "w1285831934", "osm_id": "1285831934", "osm_type": "way", "highway": "footway" }, "geometry": { "type": "LineString", "coordinates": [ [ 77.6324422, 12.9146514 ], [ 77.6329557, 12.9146443 ] ] } },
{ "type": "Feature", "properties": { "full_id": "w1285831935", "osm_id": "1285831935", "osm_type": "way", "highway": "footway" }, "geometry": { "type": "LineString", "coordinates": [ [ 77.6329557, 12.9146443 ], [ 77.6329372, 12.9152874 ], [ 77.6329226, 12.916031 ] ] } },
{ "type": "Feature", "properties": { "full_id": "w1285831936", "osm_id": "1285831936", "osm_type": "way", "highway": "footway" }, "geometry": { "type": "LineString", "coordinates": [ [ 77.6323986, 12.9160844 ], [ 77.6329226, 12.916031 ] ] } },
{ "type": "Feature", "properties": { "full_id": "w1285831939", "osm_id": "1285831939", "osm_type": "way", "highway": "footway" }, "geometry": { "type": "LineString", "coordinates": [ [ 77.6383445, 12.9161745 ], [ 77.6383504, 12.9161735 ], [ 77.6384108, 12.9161802 ], [ 77.6389427, 12.9163251 ], [ 77.6389913, 12.9163432 ], [ 77.6390132, 12.9163514 ], [ 77.6392425, 12.9164392 ], [ 77.6394904, 12.9165345 ], [ 77.6398193, 12.9166874 ], [ 77.6399694, 12.916786 ], [ 77.640762, 12.9174577 ], [ 77.6409725, 12.9176713 ] ] } },
{ "type": "Feature", "properties": { "full_id": "w1291993937", "osm_id": "1291993937", "osm_type": "way", "highway": "trunk_link" }, "geometry": { "type": "LineString", "coordinates": [ [ 77.6349622, 12.916221 ], [ 77.6348217, 12.9161567 ] ] } },
{ "type": "Feature", "properties": { "full_id": "w1292583899", "osm_id": "1292583899", "osm_type": "way", "highway": "residential" }, "geometry": { "type": "LineString", "coordinates": [ [ 77.6417182, 12.9119738 ], [ 77.6417856, 12.911974 ], [ 77.6426929, 12.9119496 ], [ 77.6444101, 12.9119307 ] ] } },
{ "type": "Feature", "properties": { "full_id": "w1292583900", "osm_id": "1292583900", "osm_type": "way", "highway": "residential" }, "geometry": { "type": "LineString", "coordinates": [ [ 77.6381184, 12.9120704 ], [ 77.6398734, 12.9120233 ] ] } },
{ "type": "Feature", "properties": { "full_id": "w1292583901", "osm_id": "1292583901", "osm_type": "way", "highway": "secondary_link" }, "geometry": { "type": "LineString", "coordinates": [ [ 77.6442773, 12.9120995 ], [ 77.6442772, 12.9121964 ] ] } },
{ "type": "Feature", "properties": { "full_id": "w1292583903", "osm_id": "1292583903", "osm_type": "way", "highway": "footway" }, "geometry": { "type": "LineString", "coordinates": [ [ 77.6382217, 12.9121447 ], [ 77.639083, 12.9121207 ], [ 77.6398486, 12.9121005 ], [ 77.6402702, 12.9120923 ], [ 77.6407534, 12.912082 ], [ 77.6416784, 12.9120525 ] ] } },
{ "type": "Feature", "properties": { "full_id": "w1292583904", "osm_id": "1292583904", "osm_type": "way", "highway": "footway" }, "geometry": { "type": "LineString", "coordinates": [ [ 77.6416784, 12.9120525 ], [ 77.6417134, 12.9120516 ], [ 77.6417394, 12.9120509 ] ] } },
{ "type": "Feature", "properties": { "full_id": "w1292583905", "osm_id": "1292583905", "osm_type": "way", "highway": "footway" }, "geometry": { "type": "LineString", "coordinates": [ [ 77.6382217, 12.9121447 ], [ 77.6382235, 12.9122079 ], [ 77.638224, 12.9122231 ] ] } },
{ "type": "Feature", "properties": { "full_id": "w1292583906", "osm_id": "1292583906", "osm_type": "way", "highway": "footway" }, "geometry": { "type": "LineString", "coordinates": [ [ 77.638185, 12.9124352 ], [ 77.6381933, 12.9124349 ] ] } },
{ "type": "Feature", "properties": { "full_id": "w1299917512", "osm_id": "1299917512", "osm_type": "way", "highway": "primary" }, "geometry": { "type": "LineString", "coordinates": [ [ 77.623078428784311, 12.917376281643145 ], [ 77.6233245, 12.9168819 ], [ 77.6234745, 12.9163879 ], [ 77.6237162, 12.9159263 ], [ 77.6240067, 12.9153976 ], [ 77.6242747, 12.9149255 ] ] } },
{ "type": "Feature", "properties": { "full_id": "w1301590116", "osm_id": "1301590116", "osm_type": "way", "highway": "steps" }, "geometry": { "type": "LineString", "coordinates": [ [ 77.6415599, 12.9097227 ], [ 77.6415588, 12.9096868 ] ] } },
{ "type": "Feature", "properties": { "full_id": "w1301808819", "osm_id": "1301808819", "osm_type": "way", "highway": "primary" }, "geometry": { "type": "LineString", "coordinates": [ [ 77.6242747, 12.9149255 ], [ 77.6243203, 12.9148464 ], [ 77.6243915, 12.9145188 ] ] } },
{ "type": "Feature", "properties": { "full_id": "w1303068639", "osm_id": "1303068639", "osm_type": "way", "highway": "trunk" }, "geometry": { "type": "LineString", "coordinates": [ [ 77.622849415998175, 12.917109887445973 ], [ 77.6228631, 12.9171577 ], [ 77.6228991, 12.917215 ] ] } },
{ "type": "Feature", "properties": { "full_id": "w1303669678", "osm_id": "1303669678", "osm_type": "way", "highway": "tertiary" }, "geometry": { "type": "LineString", "coordinates": [ [ 77.6472229, 12.9240963 ], [ 77.6473712, 12.9241866 ] ] } },
{ "type": "Feature", "properties": { "full_id": "w1303669679", "osm_id": "1303669679", "osm_type": "way", "highway": "trunk" }, "geometry": { "type": "LineString", "coordinates": [ [ 77.6629056, 12.921278 ], [ 77.6630783, 12.9212384 ], [ 77.6635896, 12.9211189 ] ] } },
{ "type": "Feature", "properties": { "full_id": "w1303738167", "osm_id": "1303738167", "osm_type": "way", "highway": "tertiary" }, "geometry": { "type": "LineString", "coordinates": [ [ 77.6502913, 12.9243028 ], [ 77.6501326, 12.924293 ], [ 77.6499973, 12.9242847 ], [ 77.6492311, 12.9242374 ], [ 77.6486752, 12.9242046 ], [ 77.6484505, 12.9241744 ] ] } },
{ "type": "Feature", "properties": { "full_id": "w1303738168", "osm_id": "1303738168", "osm_type": "way", "highway": "tertiary" }, "geometry": { "type": "LineString", "coordinates": [ [ 77.6484505, 12.9241744 ], [ 77.6481348, 12.9241151 ], [ 77.6479182, 12.9240567 ], [ 77.6475091, 12.9239017 ] ] } },
{ "type": "Feature", "properties": { "full_id": "w1303738169", "osm_id": "1303738169", "osm_type": "way", "highway": "residential" }, "geometry": { "type": "LineString", "coordinates": [ [ 77.6472923, 12.9238729 ], [ 77.6473553, 12.9238258 ] ] } },
{ "type": "Feature", "properties": { "full_id": "w1303740766", "osm_id": "1303740766", "osm_type": "way", "highway": "motorway" }, "geometry": { "type": "LineString", "coordinates": [ [ 77.6275614, 12.9093186 ], [ 77.6284047, 12.9079368 ] ] } },
{ "type": "Feature", "properties": { "full_id": "w1303900275", "osm_id": "1303900275", "osm_type": "way", "highway": "trunk" }, "geometry": { "type": "LineString", "coordinates": [ [ 77.6629848, 12.921113 ], [ 77.662842207920619, 12.921151768955436 ] ] } },
{ "type": "Feature", "properties": { "full_id": "w1304489452", "osm_id": "1304489452", "osm_type": "way", "highway": "tertiary_link" }, "geometry": { "type": "LineString", "coordinates": [ [ 77.6445516, 12.9091016 ], [ 77.6444765, 12.9091051 ] ] } },
{ "type": "Feature", "properties": { "full_id": "w1305577667", "osm_id": "1305577667", "osm_type": "way", "highway": "tertiary" }, "geometry": { "type": "LineString", "coordinates": [ [ 77.6248374, 12.9175235 ], [ 77.6247419, 12.9175115 ], [ 77.6242922, 12.9174544 ] ] } },
{ "type": "Feature", "properties": { "full_id": "w1305706253", "osm_id": "1305706253", "osm_type": "way", "highway": "steps" }, "geometry": { "type": "LineString", "coordinates": [ [ 77.6393081, 12.9108854 ], [ 77.6393237, 12.9108855 ] ] } },
{ "type": "Feature", "properties": { "full_id": "w1305706254", "osm_id": "1305706254", "osm_type": "way", "highway": "footway" }, "geometry": { "type": "LineString", "coordinates": [ [ 77.6401235, 12.9107373 ], [ 77.6401368, 12.9107369 ] ] } },
{ "type": "Feature", "properties": { "full_id": "w1305706255", "osm_id": "1305706255", "osm_type": "way", "highway": "steps" }, "geometry": { "type": "LineString", "coordinates": [ [ 77.6401368, 12.9107369 ], [ 77.6401456, 12.9107362 ] ] } },
{ "type": "Feature", "properties": { "full_id": "w1305706256", "osm_id": "1305706256", "osm_type": "way", "highway": "footway" }, "geometry": { "type": "LineString", "coordinates": [ [ 77.6401456, 12.9107362 ], [ 77.6401765, 12.9107356 ] ] } },
{ "type": "Feature", "properties": { "full_id": "w1305706257", "osm_id": "1305706257", "osm_type": "way", "highway": "footway" }, "geometry": { "type": "LineString", "coordinates": [ [ 77.640115, 12.9105085 ], [ 77.6401036, 12.9105085 ] ] } },
{ "type": "Feature", "properties": { "full_id": "w1305706258", "osm_id": "1305706258", "osm_type": "way", "highway": "steps" }, "geometry": { "type": "LineString", "coordinates": [ [ 77.6401036, 12.9105085 ], [ 77.6400901, 12.910509 ] ] } },
{ "type": "Feature", "properties": { "full_id": "w1305706259", "osm_id": "1305706259", "osm_type": "way", "highway": "footway" }, "geometry": { "type": "LineString", "coordinates": [ [ 77.6400901, 12.910509 ], [ 77.6400669, 12.9105099 ] ] } },
{ "type": "Feature", "properties": { "full_id": "w1305706261", "osm_id": "1305706261", "osm_type": "way", "highway": "footway" }, "geometry": { "type": "LineString", "coordinates": [ [ 77.6407363, 12.912332 ], [ 77.6407363, 12.9123185 ] ] } },
{ "type": "Feature", "properties": { "full_id": "w1305706262", "osm_id": "1305706262", "osm_type": "way", "highway": "footway" }, "geometry": { "type": "LineString", "coordinates": [ [ 77.6407363, 12.9123185 ], [ 77.640736, 12.9122717 ], [ 77.6407359, 12.9122419 ], [ 77.6407358, 12.912216 ], [ 77.6407356, 12.9121812 ] ] } },
{ "type": "Feature", "properties": { "full_id": "w1305706263", "osm_id": "1305706263", "osm_type": "way", "highway": "footway" }, "geometry": { "type": "LineString", "coordinates": [ [ 77.6407356, 12.9121812 ], [ 77.6407355, 12.9121593 ] ] } },
{ "type": "Feature", "properties": { "full_id": "w1305706265", "osm_id": "1305706265", "osm_type": "way", "highway": "footway" }, "geometry": { "type": "LineString", "coordinates": [ [ 77.6417496, 12.9121368 ], [ 77.6417489, 12.912153 ] ] } },
{ "type": "Feature", "properties": { "full_id": "w1305706266", "osm_id": "1305706266", "osm_type": "way", "highway": "footway" }, "geometry": { "type": "LineString", "coordinates": [ [ 77.6417433, 12.9123018 ], [ 77.6417441, 12.9122799 ] ] } },
{ "type": "Feature", "properties": { "full_id": "w1305706267", "osm_id": "1305706267", "osm_type": "way", "highway": "footway" }, "geometry": { "type": "LineString", "coordinates": [ [ 77.6417441, 12.9122799 ], [ 77.6417455, 12.9122436 ], [ 77.6417466, 12.9122157 ], [ 77.6417476, 12.9121878 ], [ 77.6417489, 12.912153 ] ] } },
{ "type": "Feature", "properties": { "full_id": "w1307645127", "osm_id": "1307645127", "osm_type": "way", "highway": "footway" }, "geometry": { "type": "LineString", "coordinates": [ [ 77.638207395883683, 12.916175123682162 ], [ 77.6382608, 12.9161749 ], [ 77.6383445, 12.9161745 ] ] } },
{ "type": "Feature", "properties": { "full_id": "w1307645128", "osm_id": "1307645128", "osm_type": "way", "highway": "footway" }, "geometry": { "type": "LineString", "coordinates": [ [ 77.6383067, 12.9157495 ], [ 77.6383252, 12.9157499 ], [ 77.6383409, 12.9157644 ], [ 77.6383597, 12.9157706 ], [ 77.6385122, 12.9157747 ], [ 77.6386281, 12.9157885 ], [ 77.6387061, 12.9158117 ], [ 77.6389298, 12.9158894 ], [ 77.6397202, 12.9161746 ], [ 77.6397954, 12.916205 ], [ 77.6401889, 12.9164505 ], [ 77.6404096, 12.9166086 ], [ 77.6409055, 12.9170399 ], [ 77.6411991, 12.9173183 ] ] } },
{ "type": "Feature", "properties": { "full_id": "w1307645129", "osm_id": "1307645129", "osm_type": "way", "highway": "footway" }, "geometry": { "type": "LineString", "coordinates": [ [ 77.6380997, 12.9157493 ], [ 77.6380999, 12.9157553 ], [ 77.6381099, 12.9157545 ] ] } },
{ "type": "Feature", "properties": { "full_id": "w1307645130", "osm_id": "1307645130", "osm_type": "way", "highway": "footway" }, "geometry": { "type": "LineString", "coordinates": [ [ 77.6380938, 12.9155464 ], [ 77.6380919, 12.9155004 ], [ 77.6380904, 12.9154648 ] ] } },
{ "type": "Feature", "properties": { "full_id": "w1307645131", "osm_id": "1307645131", "osm_type": "way", "highway": "footway" }, "geometry": { "type": "LineString", "coordinates": [ [ 77.6383169, 12.9155375 ], [ 77.6383094, 12.9155107 ], [ 77.6383065, 12.915476 ], [ 77.6382901, 12.9152719 ], [ 77.6382778, 12.9151524 ] ] } },
{ "type": "Feature", "properties": { "full_id": "w1307645132", "osm_id": "1307645132", "osm_type": "way", "highway": "footway" }, "geometry": { "type": "LineString", "coordinates": [ [ 77.6382742, 12.9150825 ], [ 77.6382762, 12.9151208 ], [ 77.6382778, 12.9151524 ] ] } },
{ "type": "Feature", "properties": { "full_id": "w1307645133", "osm_id": "1307645133", "osm_type": "way", "highway": "footway" }, "geometry": { "type": "LineString", "coordinates": [ [ 77.6383409, 12.9157644 ], [ 77.6383409, 12.9157756 ] ] } },
{ "type": "Feature", "properties": { "full_id": "w1307645134", "osm_id": "1307645134", "osm_type": "way", "highway": "footway" }, "geometry": { "type": "LineString", "coordinates": [ [ 77.6383409, 12.9157756 ], [ 77.6383414, 12.9157954 ], [ 77.638342, 12.9158242 ] ] } },
{ "type": "Feature", "properties": { "full_id": "w1307645135", "osm_id": "1307645135", "osm_type": "way", "highway": "footway" }, "geometry": { "type": "LineString", "coordinates": [ [ 77.638342, 12.9158242 ], [ 77.638343, 12.9158771 ], [ 77.6383418, 12.9159324 ], [ 77.638348, 12.9161381 ], [ 77.6383484, 12.9161604 ] ] } },
{ "type": "Feature", "properties": { "full_id": "w1307645136", "osm_id": "1307645136", "osm_type": "way", "highway": "footway" }, "geometry": { "type": "LineString", "coordinates": [ [ 77.6383484, 12.9161604 ], [ 77.6383504, 12.9161735 ] ] } },
{ "type": "Feature", "properties": { "full_id": "w1308646544", "osm_id": "1308646544", "osm_type": "way", "highway": "footway" }, "geometry": { "type": "LineString", "coordinates": [ [ 77.638186, 12.9122085 ], [ 77.6382235, 12.9122079 ] ] } },
{ "type": "Feature", "properties": { "full_id": "w1308646545", "osm_id": "1308646545", "osm_type": "way", "highway": "footway" }, "geometry": { "type": "LineString", "coordinates": [ [ 77.6381676, 12.9122089 ], [ 77.638186, 12.9122085 ] ] } },
{ "type": "Feature", "properties": { "full_id": "w1308999492", "osm_id": "1308999492", "osm_type": "way", "highway": "residential" }, "geometry": { "type": "LineString", "coordinates": [ [ 77.6421606, 12.913964 ], [ 77.642157, 12.9139024 ], [ 77.6421546, 12.9138656 ], [ 77.6421176, 12.913265 ], [ 77.6420695, 12.9127829 ] ] } },
{ "type": "Feature", "properties": { "full_id": "w1308999493", "osm_id": "1308999493", "osm_type": "way", "highway": "tertiary" }, "geometry": { "type": "LineString", "coordinates": [ [ 77.6421606, 12.913964 ], [ 77.6415678, 12.9140993 ], [ 77.6411588, 12.914192 ], [ 77.6406511, 12.914302 ], [ 77.6402275, 12.9143821 ], [ 77.6397964, 12.9144482 ] ] } },
{ "type": "Feature", "properties": { "full_id": "w1309086957", "osm_id": "1309086957", "osm_type": "way", "highway": "footway" }, "geometry": { "type": "LineString", "coordinates": [ [ 77.6517723, 12.9085882 ], [ 77.6517684, 12.9085439 ], [ 77.6517613, 12.9084649 ] ] } },
{ "type": "Feature", "properties": { "full_id": "w1309086958", "osm_id": "1309086958", "osm_type": "way", "highway": "footway" }, "geometry": { "type": "LineString", "coordinates": [ [ 77.6517613, 12.9084649 ], [ 77.6517283, 12.9080991 ], [ 77.6517232, 12.9080742 ], [ 77.651651, 12.9077213 ] ] } },
{ "type": "Feature", "properties": { "full_id": "w1310034044", "osm_id": "1310034044", "osm_type": "way", "highway": "trunk_link" }, "geometry": { "type": "LineString", "coordinates": [ [ 77.6237354, 12.9173475 ], [ 77.6236747, 12.9173673 ], [ 77.6235614, 12.9174042 ] ] } },
{ "type": "Feature", "properties": { "full_id": "w1310427179", "osm_id": "1310427179", "osm_type": "way", "highway": "service" }, "geometry": { "type": "LineString", "coordinates": [ [ 77.6510964, 12.920522 ], [ 77.6510844, 12.9205108 ], [ 77.6510613, 12.9205101 ], [ 77.6510397, 12.9205221 ] ] } },
{ "type": "Feature", "properties": { "full_id": "w1311161164", "osm_id": "1311161164", "osm_type": "way", "highway": "footway" }, "geometry": { "type": "LineString", "coordinates": [ [ 77.6691751, 12.928902 ], [ 77.6691851, 12.9290339 ], [ 77.6692142, 12.9294198 ], [ 77.6692253, 12.929424 ], [ 77.6692417, 12.9294302 ] ] } },
{ "type": "Feature", "properties": { "full_id": "w1311756193", "osm_id": "1311756193", "osm_type": "way", "highway": "tertiary" }, "geometry": { "type": "LineString", "coordinates": [ [ 77.6430337, 12.9198785 ], [ 77.6431146, 12.9198251 ] ] } },
{ "type": "Feature", "properties": { "full_id": "w1312150565", "osm_id": "1312150565", "osm_type": "way", "highway": "residential" }, "geometry": { "type": "LineString", "coordinates": [ [ 77.65326, 12.8993692 ], [ 77.6540028, 12.8992186 ] ] } },
{ "type": "Feature", "properties": { "full_id": "w1313015586", "osm_id": "1313015586", "osm_type": "way", "highway": "service" }, "geometry": { "type": "LineString", "coordinates": [ [ 77.6448143, 12.9217005 ], [ 77.6448243, 12.9216691 ], [ 77.6448345, 12.9216449 ], [ 77.6448395, 12.921624 ], [ 77.6448391, 12.9216097 ], [ 77.6448372, 12.9215974 ], [ 77.6448321, 12.9215812 ], [ 77.6448209, 12.9215612 ], [ 77.6446359, 12.9213415 ], [ 77.6446152, 12.9213219 ], [ 77.644588, 12.9213144 ], [ 77.6445582, 12.9213132 ], [ 77.6444944, 12.9213215 ] ] } },
{ "type": "Feature", "properties": { "full_id": "w1313424313", "osm_id": "1313424313", "osm_type": "way", "highway": "service" }, "geometry": { "type": "LineString", "coordinates": [ [ 77.6643062, 12.9209196 ], [ 77.6643171, 12.9210013 ], [ 77.6643193, 12.9210178 ] ] } },
{ "type": "Feature", "properties": { "full_id": "w1313424314", "osm_id": "1313424314", "osm_type": "way", "highway": "service" }, "geometry": { "type": "LineString", "coordinates": [ [ 77.6639949, 12.921182 ], [ 77.663979, 12.9211139 ] ] } },
{ "type": "Feature", "properties": { "full_id": "w1313439140", "osm_id": "1313439140", "osm_type": "way", "highway": "footway" }, "geometry": { "type": "LineString", "coordinates": [ [ 77.6351544, 12.9137535 ], [ 77.6352096, 12.9137514 ] ] } },
{ "type": "Feature", "properties": { "full_id": "w1313439141", "osm_id": "1313439141", "osm_type": "way", "highway": "footway" }, "geometry": { "type": "LineString", "coordinates": [ [ 77.6352096, 12.9137514 ], [ 77.6352564, 12.9137505 ] ] } },
{ "type": "Feature", "properties": { "full_id": "w1313439142", "osm_id": "1313439142", "osm_type": "way", "highway": "footway" }, "geometry": { "type": "LineString", "coordinates": [ [ 77.6352564, 12.9137505 ], [ 77.6352963, 12.9137502 ], [ 77.6353445, 12.9137496 ] ] } },
{ "type": "Feature", "properties": { "full_id": "w1313439143", "osm_id": "1313439143", "osm_type": "way", "highway": "footway" }, "geometry": { "type": "LineString", "coordinates": [ [ 77.6353445, 12.9137496 ], [ 77.6353778, 12.9137494 ] ] } },
{ "type": "Feature", "properties": { "full_id": "w1313904597", "osm_id": "1313904597", "osm_type": "way", "highway": "residential" }, "geometry": { "type": "LineString", "coordinates": [ [ 77.6304571, 12.9071941 ], [ 77.6304848, 12.9069107 ] ] } },
{ "type": "Feature", "properties": { "full_id": "w1315234832", "osm_id": "1315234832", "osm_type": "way", "highway": "residential" }, "geometry": { "type": "LineString", "coordinates": [ [ 77.632777, 12.9071432 ], [ 77.632637, 12.9071372 ], [ 77.6325507, 12.9071335 ] ] } },
{ "type": "Feature", "properties": { "full_id": "w1315236763", "osm_id": "1315236763", "osm_type": "way", "highway": "residential" }, "geometry": { "type": "LineString", "coordinates": [ [ 77.6371716, 12.9080611 ], [ 77.637516, 12.9080584 ] ] } },
{ "type": "Feature", "properties": { "full_id": "w1315238724", "osm_id": "1315238724", "osm_type": "way", "highway": "residential" }, "geometry": { "type": "LineString", "coordinates": [ [ 77.6515597, 12.9003336 ], [ 77.6516241, 12.900317 ], [ 77.6525875, 12.9000687 ] ] } },
{ "type": "Feature", "properties": { "full_id": "w1315244547", "osm_id": "1315244547", "osm_type": "way", "highway": "residential" }, "geometry": { "type": "LineString", "coordinates": [ [ 77.6479597, 12.9062514 ], [ 77.647952, 12.9061531 ] ] } },
{ "type": "Feature", "properties": { "full_id": "w1315244548", "osm_id": "1315244548", "osm_type": "way", "highway": "residential" }, "geometry": { "type": "LineString", "coordinates": [ [ 77.647952, 12.9061531 ], [ 77.6479488, 12.9061126 ] ] } },
{ "type": "Feature", "properties": { "full_id": "w1315244549", "osm_id": "1315244549", "osm_type": "way", "highway": "residential" }, "geometry": { "type": "LineString", "coordinates": [ [ 77.6472288, 12.9056793 ], [ 77.6472762, 12.9058989 ], [ 77.6472937, 12.9059177 ], [ 77.6473149, 12.9059261 ], [ 77.6473423, 12.9059285 ], [ 77.6488731, 12.9057255 ] ] } },
{ "type": "Feature", "properties": { "full_id": "w1315245393", "osm_id": "1315245393", "osm_type": "way", "highway": "residential" }, "geometry": { "type": "LineString", "coordinates": [ [ 77.6296669, 12.9118283 ], [ 77.6286746, 12.9117282 ] ] } },
{ "type": "Feature", "properties": { "full_id": "w1315846883", "osm_id": "1315846883", "osm_type": "way", "highway": "residential" }, "geometry": { "type": "LineString", "coordinates": [ [ 77.6526199, 12.9013919 ], [ 77.6525617, 12.9013913 ], [ 77.6524757, 12.9013905 ] ] } },
{ "type": "Feature", "properties": { "full_id": "w1315846884", "osm_id": "1315846884", "osm_type": "way", "highway": "residential" }, "geometry": { "type": "LineString", "coordinates": [ [ 77.6535349, 12.9005842 ], [ 77.6536694, 12.9006088 ], [ 77.6536909, 12.9006268 ], [ 77.6537017, 12.9006524 ], [ 77.6536755, 12.9008326 ], [ 77.6536771, 12.9008566 ], [ 77.6536879, 12.9008746 ], [ 77.653714, 12.9008885 ], [ 77.6538773, 12.90093 ] ] } },
{ "type": "Feature", "properties": { "full_id": "w1316086117", "osm_id": "1316086117", "osm_type": "way", "highway": "residential" }, "geometry": { "type": "LineString", "coordinates": [ [ 77.6496054, 12.8995979 ], [ 77.6496569, 12.8999963 ] ] } },
{ "type": "Feature", "properties": { "full_id": "w1316346879", "osm_id": "1316346879", "osm_type": "way", "highway": "residential" }, "geometry": { "type": "LineString", "coordinates": [ [ 77.664343, 12.9244444 ], [ 77.6643714, 12.9244611 ], [ 77.6644346, 12.9245003 ] ] } },
{ "type": "Feature", "properties": { "full_id": "w1316346880", "osm_id": "1316346880", "osm_type": "way", "highway": "service" }, "geometry": { "type": "LineString", "coordinates": [ [ 77.6642205, 12.9237767 ], [ 77.6642105, 12.9238259 ], [ 77.6640081, 12.924334 ] ] } },
{ "type": "Feature", "properties": { "full_id": "w1316346881", "osm_id": "1316346881", "osm_type": "way", "highway": "service" }, "geometry": { "type": "LineString", "coordinates": [ [ 77.6641514, 12.9237306 ], [ 77.6641459, 12.9237469 ] ] } },
{ "type": "Feature", "properties": { "full_id": "w1316346882", "osm_id": "1316346882", "osm_type": "way", "highway": "service" }, "geometry": { "type": "LineString", "coordinates": [ [ 77.6641709, 12.9236774 ], [ 77.6641514, 12.9237306 ] ] } },
{ "type": "Feature", "properties": { "full_id": "w1316658981", "osm_id": "1316658981", "osm_type": "way", "highway": "primary_link" }, "geometry": { "type": "LineString", "coordinates": [ [ 77.643183075182776, 12.923857991087189 ], [ 77.6431918, 12.9238283 ] ] } },
{ "type": "Feature", "properties": { "full_id": "w1317541083", "osm_id": "1317541083", "osm_type": "way", "highway": "residential" }, "geometry": { "type": "LineString", "coordinates": [ [ 77.6548027, 12.9004423 ], [ 77.654794, 12.9004137 ], [ 77.6547666, 12.9003988 ], [ 77.6541756, 12.9002765 ], [ 77.65412, 12.9002638 ], [ 77.6540685, 12.900261 ], [ 77.654025, 12.900269 ], [ 77.6536394, 12.9004754 ], [ 77.6535675, 12.9005284 ], [ 77.6535423, 12.9005633 ], [ 77.6535349, 12.9005842 ], [ 77.6535264, 12.9006085 ], [ 77.6535291, 12.9006544 ], [ 77.6535404, 12.9007214 ], [ 77.6535815, 12.9009273 ], [ 77.6535813, 12.9009494 ], [ 77.6535719, 12.900976 ], [ 77.6535534, 12.9010081 ], [ 77.6535279, 12.9010321 ], [ 77.6534735, 12.9010655 ], [ 77.653418, 12.9010984 ], [ 77.6533611, 12.9011279 ], [ 77.6532707, 12.9011643 ], [ 77.6530785, 12.9012193 ], [ 77.6526629, 12.9013421 ], [ 77.6526443, 12.9013509 ], [ 77.6526288, 12.9013628 ], [ 77.6526207, 12.9013801 ], [ 77.6526199, 12.9013919 ] ] } },
{ "type": "Feature", "properties": { "full_id": "w1317541084", "osm_id": "1317541084", "osm_type": "way", "highway": "residential" }, "geometry": { "type": "LineString", "coordinates": [ [ 77.6526199, 12.9013919 ], [ 77.6526165, 12.9014421 ] ] } },
{ "type": "Feature", "properties": { "full_id": "w1317800996", "osm_id": "1317800996", "osm_type": "way", "highway": "service" }, "geometry": { "type": "LineString", "coordinates": [ [ 77.6324375, 12.9116876 ], [ 77.6326997, 12.9116868 ] ] } },
{ "type": "Feature", "properties": { "full_id": "w1317811395", "osm_id": "1317811395", "osm_type": "way", "highway": "service" }, "geometry": { "type": "LineString", "coordinates": [ [ 77.6244988, 12.9148822 ], [ 77.6256253, 12.9149229 ], [ 77.6256944, 12.9149337 ], [ 77.6257221, 12.9149381 ] ] } },
{ "type": "Feature", "properties": { "full_id": "w1317811589", "osm_id": "1317811589", "osm_type": "way", "highway": "trunk_link" }, "geometry": { "type": "LineString", "coordinates": [ [ 77.6235864, 12.9165801 ], [ 77.623375, 12.9164764 ], [ 77.623243698291901, 12.916416661609901 ] ] } },
{ "type": "Feature", "properties": { "full_id": "w1317814028", "osm_id": "1317814028", "osm_type": "way", "highway": "service" }, "geometry": { "type": "LineString", "coordinates": [ [ 77.6256121, 12.9133075 ], [ 77.6255832, 12.9131305 ] ] } },
{ "type": "Feature", "properties": { "full_id": "w1317959473", "osm_id": "1317959473", "osm_type": "way", "highway": "service" }, "geometry": { "type": "LineString", "coordinates": [ [ 77.6279584, 12.9105213 ], [ 77.6280341, 12.9103267 ], [ 77.6280446, 12.9102996 ], [ 77.6281317, 12.9102088 ], [ 77.6281798, 12.910162 ], [ 77.6281573, 12.9100434 ], [ 77.6282203, 12.9099687 ] ] } },
{ "type": "Feature", "properties": { "full_id": "w1317959474", "osm_id": "1317959474", "osm_type": "way", "highway": "service" }, "geometry": { "type": "LineString", "coordinates": [ [ 77.6280341, 12.9103267 ], [ 77.6278749, 12.9102586 ], [ 77.6277968, 12.91026 ], [ 77.6277202, 12.9103391 ], [ 77.6276361, 12.9103567 ], [ 77.627567, 12.9103186 ], [ 77.6275054, 12.9102454 ] ] } },
{ "type": "Feature", "properties": { "full_id": "w1317959475", "osm_id": "1317959475", "osm_type": "way", "highway": "residential" }, "geometry": { "type": "LineString", "coordinates": [ [ 77.628588, 12.9104351 ], [ 77.6288198, 12.9104891 ] ] } },
{ "type": "Feature", "properties": { "full_id": "w1317959476", "osm_id": "1317959476", "osm_type": "way", "highway": "residential" }, "geometry": { "type": "LineString", "coordinates": [ [ 77.6286175, 12.9103072 ], [ 77.6288562, 12.9103611 ] ] } },
{ "type": "Feature", "properties": { "full_id": "w1318040825", "osm_id": "1318040825", "osm_type": "way", "highway": "residential" }, "geometry": { "type": "LineString", "coordinates": [ [ 77.6454435, 12.9045222 ], [ 77.6454626, 12.9046229 ], [ 77.6454773, 12.9047114 ] ] } },
{ "type": "Feature", "properties": { "full_id": "w1318040826", "osm_id": "1318040826", "osm_type": "way", "highway": "residential" }, "geometry": { "type": "LineString", "coordinates": [ [ 77.6454773, 12.9047114 ], [ 77.6454957, 12.9048357 ], [ 77.6455076, 12.9049162 ], [ 77.6455153, 12.9050058 ] ] } },
{ "type": "Feature", "properties": { "full_id": "w1318040827", "osm_id": "1318040827", "osm_type": "way", "highway": "residential" }, "geometry": { "type": "LineString", "coordinates": [ [ 77.6455614, 12.904692 ], [ 77.6455822, 12.9048073 ] ] } },
{ "type": "Feature", "properties": { "full_id": "w1318040828", "osm_id": "1318040828", "osm_type": "way", "highway": "residential" }, "geometry": { "type": "LineString", "coordinates": [ [ 77.6454773, 12.9047114 ], [ 77.6455614, 12.904692 ] ] } },
{ "type": "Feature", "properties": { "full_id": "w1318351691", "osm_id": "1318351691", "osm_type": "way", "highway": "steps" }, "geometry": { "type": "LineString", "coordinates": [ [ 77.6387298, 12.9180077 ], [ 77.638802, 12.9179334 ] ] } },
{ "type": "Feature", "properties": { "full_id": "w1318351692", "osm_id": "1318351692", "osm_type": "way", "highway": "footway" }, "geometry": { "type": "LineString", "coordinates": [ [ 77.6386938, 12.9180236 ], [ 77.6387298, 12.9180077 ] ] } },
{ "type": "Feature", "properties": { "full_id": "w1318351695", "osm_id": "1318351695", "osm_type": "way", "highway": "footway" }, "geometry": { "type": "LineString", "coordinates": [ [ 77.6404303, 12.9172982 ], [ 77.6404018, 12.9173121 ] ] } },
{ "type": "Feature", "properties": { "full_id": "w1318351696", "osm_id": "1318351696", "osm_type": "way", "highway": "steps" }, "geometry": { "type": "LineString", "coordinates": [ [ 77.6404018, 12.9173121 ], [ 77.6402728, 12.9173403 ] ] } },
{ "type": "Feature", "properties": { "full_id": "w1318351697", "osm_id": "1318351697", "osm_type": "way", "highway": "steps" }, "geometry": { "type": "LineString", "coordinates": [ [ 77.6400159, 12.9169817 ], [ 77.6399832, 12.9169965 ] ] } },
{ "type": "Feature", "properties": { "full_id": "w1318351698", "osm_id": "1318351698", "osm_type": "way", "highway": "footway" }, "geometry": { "type": "LineString", "coordinates": [ [ 77.6400368, 12.9169676 ], [ 77.6400159, 12.9169817 ] ] } },
{ "type": "Feature", "properties": { "full_id": "w1318351699", "osm_id": "1318351699", "osm_type": "way", "highway": "footway" }, "geometry": { "type": "LineString", "coordinates": [ [ 77.6441317, 12.921639 ], [ 77.6440931, 12.9216731 ] ] } },
{ "type": "Feature", "properties": { "full_id": "w1318351700", "osm_id": "1318351700", "osm_type": "way", "highway": "steps" }, "geometry": { "type": "LineString", "coordinates": [ [ 77.6440931, 12.9216731 ], [ 77.6441205, 12.9217007 ] ] } },
{ "type": "Feature", "properties": { "full_id": "w1318351701", "osm_id": "1318351701", "osm_type": "way", "highway": "steps" }, "geometry": { "type": "LineString", "coordinates": [ [ 77.6440931, 12.9216731 ], [ 77.6440676, 12.9216454 ] ] } },
{ "type": "Feature", "properties": { "full_id": "w1318353843", "osm_id": "1318353843", "osm_type": "way", "highway": "footway" }, "geometry": { "type": "LineString", "coordinates": [ [ 77.6451016, 12.9208841 ], [ 77.6450722, 12.9196418 ] ] } },
{ "type": "Feature", "properties": { "full_id": "w1318353844", "osm_id": "1318353844", "osm_type": "way", "highway": "footway" }, "geometry": { "type": "LineString", "coordinates": [ [ 77.6450672, 12.9195315 ], [ 77.6450703, 12.9195986 ], [ 77.6450722, 12.9196418 ] ] } },
{ "type": "Feature", "properties": { "full_id": "w1318353846", "osm_id": "1318353846", "osm_type": "way", "highway": "footway" }, "geometry": { "type": "LineString", "coordinates": [ [ 77.645128, 12.9219567 ], [ 77.6451403, 12.9219646 ], [ 77.6451034, 12.9209788 ] ] } },
{ "type": "Feature", "properties": { "full_id": "w1318353847", "osm_id": "1318353847", "osm_type": "way", "highway": "footway" }, "geometry": { "type": "LineString", "coordinates": [ [ 77.6451034, 12.9209788 ], [ 77.6451026, 12.9209341 ], [ 77.6451016, 12.9208841 ] ] } },
{ "type": "Feature", "properties": { "full_id": "w1318353848", "osm_id": "1318353848", "osm_type": "way", "highway": "footway" }, "geometry": { "type": "LineString", "coordinates": [ [ 77.6448824, 12.9194733 ], [ 77.6449163, 12.9194711 ] ] } },
{ "type": "Feature", "properties": { "full_id": "w1318353849", "osm_id": "1318353849", "osm_type": "way", "highway": "footway" }, "geometry": { "type": "LineString", "coordinates": [ [ 77.6449163, 12.9194711 ], [ 77.64499, 12.9194663 ], [ 77.6450383, 12.9194632 ] ] } },
{ "type": "Feature", "properties": { "full_id": "w1318353850", "osm_id": "1318353850", "osm_type": "way", "highway": "footway" }, "geometry": { "type": "LineString", "coordinates": [ [ 77.6450383, 12.9194632 ], [ 77.645062, 12.9194623 ] ] } },
{ "type": "Feature", "properties": { "full_id": "w1318368201", "osm_id": "1318368201", "osm_type": "way", "highway": "residential" }, "geometry": { "type": "LineString", "coordinates": [ [ 77.652774064794258, 12.921014713874055 ], [ 77.6527729, 12.9209404 ], [ 77.652772, 12.9208876 ] ] } },
{ "type": "Feature", "properties": { "full_id": "w1318368202", "osm_id": "1318368202", "osm_type": "way", "highway": "residential" }, "geometry": { "type": "LineString", "coordinates": [ [ 77.6517904, 12.9209817 ], [ 77.6517899, 12.9210712 ], [ 77.651789442206578, 12.921139869013462 ] ] } },
{ "type": "Feature", "properties": { "full_id": "w1318597581", "osm_id": "1318597581", "osm_type": "way", "highway": "primary" }, "geometry": { "type": "LineString", "coordinates": [ [ 77.6499808, 12.9244154 ], [ 77.649974, 12.9244696 ] ] } },
{ "type": "Feature", "properties": { "full_id": "w1320024406", "osm_id": "1320024406", "osm_type": "way", "highway": "construction" }, "geometry": { "type": "LineString", "coordinates": [ [ 77.6511326, 12.924212 ], [ 77.6511023, 12.9241319 ] ] } },
{ "type": "Feature", "properties": { "full_id": "w1320024407", "osm_id": "1320024407", "osm_type": "way", "highway": "construction" }, "geometry": { "type": "LineString", "coordinates": [ [ 77.6504768, 12.9235961 ], [ 77.6503877, 12.9236029 ] ] } },
{ "type": "Feature", "properties": { "full_id": "w1320024411", "osm_id": "1320024411", "osm_type": "way", "highway": "construction" }, "geometry": { "type": "LineString", "coordinates": [ [ 77.6504768, 12.9235961 ], [ 77.6504526, 12.9239325 ], [ 77.6505451, 12.9239404 ], [ 77.6505413, 12.9239824 ], [ 77.6506015, 12.9239875 ], [ 77.6505936, 12.9240762 ], [ 77.6511023, 12.9241319 ], [ 77.6511553, 12.9235443 ], [ 77.6504768, 12.9235961 ] ] } },
{ "type": "Feature", "properties": { "full_id": "w1323096186", "osm_id": "1323096186", "osm_type": "way", "highway": "footway" }, "geometry": { "type": "LineString", "coordinates": [ [ 77.6658755, 12.9256865 ], [ 77.6657853, 12.9256917 ] ] } },
{ "type": "Feature", "properties": { "full_id": "w1334191538", "osm_id": "1334191538", "osm_type": "way", "highway": "service" }, "geometry": { "type": "LineString", "coordinates": [ [ 77.6692252, 12.9290317 ], [ 77.6691851, 12.9290339 ], [ 77.6690524, 12.9290413 ] ] } },
{ "type": "Feature", "properties": { "full_id": "w1335927784", "osm_id": "1335927784", "osm_type": "way", "highway": "construction" }, "geometry": { "type": "LineString", "coordinates": [ [ 77.6381602, 12.9159263 ], [ 77.6379034, 12.915936 ] ] } },
{ "type": "Feature", "properties": { "full_id": "w1335927786", "osm_id": "1335927786", "osm_type": "way", "highway": "secondary" }, "geometry": { "type": "LineString", "coordinates": [ [ 77.638251, 12.9155402 ], [ 77.6382491, 12.9154889 ], [ 77.6382359, 12.9152702 ], [ 77.6382242, 12.9151224 ], [ 77.6381897, 12.9145027 ], [ 77.6381877, 12.9144661 ] ] } },
{ "type": "Feature", "properties": { "full_id": "w1340140110", "osm_id": "1340140110", "osm_type": "way", "highway": "tertiary" }, "geometry": { "type": "LineString", "coordinates": [ [ 77.641843, 12.9172868 ], [ 77.6411991, 12.9173183 ], [ 77.6411017, 12.917323 ], [ 77.6410596, 12.9173675 ] ] } },
{ "type": "Feature", "properties": { "full_id": "w1340140111", "osm_id": "1340140111", "osm_type": "way", "highway": "tertiary" }, "geometry": { "type": "LineString", "coordinates": [ [ 77.642425, 12.9172606 ], [ 77.641843, 12.9172868 ] ] } },
{ "type": "Feature", "properties": { "full_id": "w1340257805", "osm_id": "1340257805", "osm_type": "way", "highway": "residential" }, "geometry": { "type": "LineString", "coordinates": [ [ 77.6329888, 12.9095955 ], [ 77.6327488, 12.9096249 ], [ 77.6324906, 12.9096249 ] ] } },
{ "type": "Feature", "properties": { "full_id": "w1340257806", "osm_id": "1340257806", "osm_type": "way", "highway": "tertiary" }, "geometry": { "type": "LineString", "coordinates": [ [ 77.6324391, 12.9120397 ], [ 77.6324383, 12.9120136 ], [ 77.6324381, 12.9119096 ], [ 77.6324375, 12.9116876 ], [ 77.6324379, 12.911614 ], [ 77.6324633, 12.9105706 ], [ 77.6324653, 12.9104866 ], [ 77.6324763, 12.9101102 ], [ 77.6324795, 12.9100028 ] ] } },
{ "type": "Feature", "properties": { "full_id": "w1340257807", "osm_id": "1340257807", "osm_type": "way", "highway": "tertiary" }, "geometry": { "type": "LineString", "coordinates": [ [ 77.6325163, 12.9089908 ], [ 77.6325179, 12.9089512 ] ] } },
{ "type": "Feature", "properties": { "full_id": "w1346908287", "osm_id": "1346908287", "osm_type": "way", "highway": "service" }, "geometry": { "type": "LineString", "coordinates": [ [ 77.6687616, 12.9273117 ], [ 77.668779, 12.9273471 ], [ 77.6687438, 12.9276284 ], [ 77.668414, 12.9276046 ] ] } },
{ "type": "Feature", "properties": { "full_id": "w1346908288", "osm_id": "1346908288", "osm_type": "way", "highway": "footway" }, "geometry": { "type": "LineString", "coordinates": [ [ 77.6691652, 12.9271949 ], [ 77.6690169, 12.9271903 ], [ 77.6688194, 12.9271968 ], [ 77.6687391, 12.9272795 ], [ 77.6686783, 12.9272836 ], [ 77.668025, 12.9272305 ] ] } },
{ "type": "Feature", "properties": { "full_id": "w1346908289", "osm_id": "1346908289", "osm_type": "way", "highway": "footway" }, "geometry": { "type": "LineString", "coordinates": [ [ 77.669298528466385, 12.927197386175012 ], [ 77.6692631, 12.9271971 ], [ 77.66923, 12.9271968 ] ] } },
{ "type": "Feature", "properties": { "full_id": "w1346908290", "osm_id": "1346908290", "osm_type": "way", "highway": "footway" }, "geometry": { "type": "LineString", "coordinates": [ [ 77.66923, 12.9271968 ], [ 77.669198, 12.9271959 ], [ 77.6691652, 12.9271949 ] ] } },
{ "type": "Feature", "properties": { "full_id": "w1346908291", "osm_id": "1346908291", "osm_type": "way", "highway": "footway" }, "geometry": { "type": "LineString", "coordinates": [ [ 77.6692657, 12.9272625 ], [ 77.6692643, 12.927231 ], [ 77.6692634, 12.927211 ] ] } },
{ "type": "Feature", "properties": { "full_id": "w1346908292", "osm_id": "1346908292", "osm_type": "way", "highway": "footway" }, "geometry": { "type": "LineString", "coordinates": [ [ 77.6692634, 12.927211 ], [ 77.6692631, 12.9271971 ] ] } },
{ "type": "Feature", "properties": { "full_id": "w1347472884", "osm_id": "1347472884", "osm_type": "way", "highway": "footway" }, "geometry": { "type": "LineString", "coordinates": [ [ 77.6290118, 12.9072859 ], [ 77.6289933, 12.907276 ], [ 77.6289241, 12.9072388 ], [ 77.628825137326785, 12.907185710079728 ] ] } },
{ "type": "Feature", "properties": { "full_id": "w1347472885", "osm_id": "1347472885", "osm_type": "way", "highway": "footway" }, "geometry": { "type": "LineString", "coordinates": [ [ 77.629649, 12.9064118 ], [ 77.6296615, 12.9063859 ], [ 77.6296856, 12.9063361 ], [ 77.6297008, 12.9063044 ] ] } },
{ "type": "Feature", "properties": { "full_id": "w1347472886", "osm_id": "1347472886", "osm_type": "way", "highway": "footway" }, "geometry": { "type": "LineString", "coordinates": [ [ 77.6297008, 12.9063044 ], [ 77.6297006, 12.9062822 ] ] } },
{ "type": "Feature", "properties": { "full_id": "w1355085832", "osm_id": "1355085832", "osm_type": "way", "highway": "footway" }, "geometry": { "type": "LineString", "coordinates": [ [ 77.6446754, 12.9106475 ], [ 77.6446207, 12.9092143 ], [ 77.6446168, 12.9091379 ] ] } },
{ "type": "Feature", "properties": { "full_id": "w1355085833", "osm_id": "1355085833", "osm_type": "way", "highway": "footway" }, "geometry": { "type": "LineString", "coordinates": [ [ 77.6446754, 12.9106475 ], [ 77.6446759, 12.9106904 ], [ 77.6446765, 12.9107321 ] ] } },
{ "type": "Feature", "properties": { "full_id": "w1362147394", "osm_id": "1362147394", "osm_type": "way", "highway": "footway" }, "geometry": { "type": "LineString", "coordinates": [ [ 77.632235, 12.9161158 ], [ 77.632243, 12.9156589 ] ] } },
{ "type": "Feature", "properties": { "full_id": "w1362147395", "osm_id": "1362147395", "osm_type": "way", "highway": "footway" }, "geometry": { "type": "LineString", "coordinates": [ [ 77.632243, 12.9156589 ], [ 77.6322433, 12.9156042 ], [ 77.632243, 12.9155511 ] ] } },
{ "type": "Feature", "properties": { "full_id": "w1362147397", "osm_id": "1362147397", "osm_type": "way", "highway": "footway" }, "geometry": { "type": "LineString", "coordinates": [ [ 77.6324965, 12.9123544 ], [ 77.6324621, 12.9123546 ], [ 77.6324155, 12.9123548 ], [ 77.6323894, 12.9123549 ] ] } },
{ "type": "Feature", "properties": { "full_id": "w1362147398", "osm_id": "1362147398", "osm_type": "way", "highway": "footway" }, "geometry": { "type": "LineString", "coordinates": [ [ 77.6324469, 12.914506 ], [ 77.6324781, 12.9135476 ] ] } },
{ "type": "Feature", "properties": { "full_id": "w1362147399", "osm_id": "1362147399", "osm_type": "way", "highway": "footway" }, "geometry": { "type": "LineString", "coordinates": [ [ 77.6324429, 12.9146308 ], [ 77.6324446, 12.9145768 ], [ 77.6324469, 12.914506 ] ] } },
{ "type": "Feature", "properties": { "full_id": "w1364676160", "osm_id": "1364676160", "osm_type": "way", "highway": "secondary" }, "geometry": { "type": "LineString", "coordinates": [ [ 77.6518499, 12.9125057 ], [ 77.6518889, 12.91244 ], [ 77.6518901, 12.9123432 ], [ 77.6518944, 12.9119916 ] ] } },
{ "type": "Feature", "properties": { "full_id": "w1366479378", "osm_id": "1366479378", "osm_type": "way", "highway": "residential" }, "geometry": { "type": "LineString", "coordinates": [ [ 77.6627351, 12.9232706 ], [ 77.663081, 12.9232823 ] ] } },
{ "type": "Feature", "properties": { "full_id": "w1369114852", "osm_id": "1369114852", "osm_type": "way", "highway": "residential" }, "geometry": { "type": "LineString", "coordinates": [ [ 77.6446328, 12.9106951 ], [ 77.6445595, 12.9106993 ] ] } },
{ "type": "Feature", "properties": { "full_id": "w1369114853", "osm_id": "1369114853", "osm_type": "way", "highway": "secondary" }, "geometry": { "type": "LineString", "coordinates": [ [ 77.6446328, 12.9106951 ], [ 77.6445927, 12.9106023 ] ] } },
{ "type": "Feature", "properties": { "full_id": "w1369114854", "osm_id": "1369114854", "osm_type": "way", "highway": "secondary" }, "geometry": { "type": "LineString", "coordinates": [ [ 77.6445927, 12.9106023 ], [ 77.6445595, 12.9106993 ] ] } },
{ "type": "Feature", "properties": { "full_id": "w1369156733", "osm_id": "1369156733", "osm_type": "way", "highway": "residential" }, "geometry": { "type": "LineString", "coordinates": [ [ 77.6380334, 12.9087426 ], [ 77.637964, 12.9087444 ], [ 77.6378142, 12.9087485 ] ] } },
{ "type": "Feature", "properties": { "full_id": "w1369156734", "osm_id": "1369156734", "osm_type": "way", "highway": "tertiary" }, "geometry": { "type": "LineString", "coordinates": [ [ 77.6380306, 12.9085255 ], [ 77.6380334, 12.9087426 ] ] } },
{ "type": "Feature", "properties": { "full_id": "w1369156735", "osm_id": "1369156735", "osm_type": "way", "highway": "tertiary" }, "geometry": { "type": "LineString", "coordinates": [ [ 77.6380334, 12.9087426 ], [ 77.6380356, 12.9089152 ] ] } },
{ "type": "Feature", "properties": { "full_id": "w1369630478", "osm_id": "1369630478", "osm_type": "way", "highway": "path" }, "geometry": { "type": "LineString", "coordinates": [ [ 77.6686552, 12.9266669 ], [ 77.6686488, 12.92667 ], [ 77.6686438, 12.9266749 ], [ 77.6686405, 12.9266811 ], [ 77.6686394, 12.9266886 ], [ 77.6686409, 12.9266961 ], [ 77.6686449, 12.9267026 ], [ 77.668651, 12.9267074 ], [ 77.6686583, 12.92671 ], [ 77.6686661, 12.92671 ], [ 77.6686735, 12.9267074 ], [ 77.6686795, 12.9267026 ], [ 77.6686835, 12.9266961 ], [ 77.668685, 12.9266886 ], [ 77.6686839, 12.9266811 ], [ 77.6686806, 12.9266749 ], [ 77.6686756, 12.92667 ], [ 77.6686692, 12.9266669 ], [ 77.6686622, 12.9266658 ], [ 77.6686552, 12.9266669 ] ] } },
{ "type": "Feature", "properties": { "full_id": "w1369630479", "osm_id": "1369630479", "osm_type": "way", "highway": "path" }, "geometry": { "type": "LineString", "coordinates": [ [ 77.6687163, 12.9266812 ], [ 77.6686839, 12.9266811 ] ] } },
{ "type": "Feature", "properties": { "full_id": "w1370312649", "osm_id": "1370312649", "osm_type": "way", "highway": "service" }, "geometry": { "type": "LineString", "coordinates": [ [ 77.6320397, 12.9161779 ], [ 77.6320376, 12.9161364 ], [ 77.632027, 12.9159435 ] ] } },
{ "type": "Feature", "properties": { "full_id": "w1370791079", "osm_id": "1370791079", "osm_type": "way", "highway": "tertiary" }, "geometry": { "type": "LineString", "coordinates": [ [ 77.6381067, 12.9145041 ], [ 77.6381897, 12.9145027 ], [ 77.638253, 12.9145016 ], [ 77.6383421, 12.9145026 ], [ 77.6383696, 12.9144803 ] ] } },
{ "type": "Feature", "properties": { "full_id": "w1370791080", "osm_id": "1370791080", "osm_type": "way", "highway": "tertiary" }, "geometry": { "type": "LineString", "coordinates": [ [ 77.6383696, 12.9144803 ], [ 77.6383464, 12.9144491 ], [ 77.6382516, 12.9144501 ], [ 77.638187, 12.9144489 ], [ 77.6381045, 12.9144473 ] ] } },
{ "type": "Feature", "properties": { "full_id": "w1371062099", "osm_id": "1371062099", "osm_type": "way", "highway": "primary" }, "geometry": { "type": "MultiLineString", "coordinates": [ [ [ 77.651703328767269, 12.924249447488561 ], [ 77.651224319541612, 12.92432288209559 ] ], [ [ 77.650562189409825, 12.924410806285128 ], [ 77.6504559, 12.9244231 ], [ 77.6503668, 12.9244217 ], [ 77.6503383, 12.9244212 ], [ 77.6499808, 12.9244154 ] ] ] } },
{ "type": "Feature", "properties": { "full_id": "w1371102772", "osm_id": "1371102772", "osm_type": "way", "highway": "tertiary" }, "geometry": { "type": "LineString", "coordinates": [ [ 77.6323958, 12.9143852 ], [ 77.6324092, 12.9138509 ] ] } },
{ "type": "Feature", "properties": { "full_id": "w1371102773", "osm_id": "1371102773", "osm_type": "way", "highway": "tertiary" }, "geometry": { "type": "LineString", "coordinates": [ [ 77.6323607, 12.9138503 ], [ 77.6323431, 12.9143932 ] ] } },
{ "type": "Feature", "properties": { "full_id": "w1371102774", "osm_id": "1371102774", "osm_type": "way", "highway": "tertiary" }, "geometry": { "type": "LineString", "coordinates": [ [ 77.6323629, 12.9137805 ], [ 77.6323607, 12.9138503 ] ] } },
{ "type": "Feature", "properties": { "full_id": "w1371102775", "osm_id": "1371102775", "osm_type": "way", "highway": "tertiary" }, "geometry": { "type": "LineString", "coordinates": [ [ 77.6324092, 12.9138509 ], [ 77.632411, 12.9137785 ] ] } },
{ "type": "Feature", "properties": { "full_id": "w1371102776", "osm_id": "1371102776", "osm_type": "way", "highway": "tertiary" }, "geometry": { "type": "LineString", "coordinates": [ [ 77.6323629, 12.9137805 ], [ 77.632411, 12.9137785 ] ] } },
{ "type": "Feature", "properties": { "full_id": "w1371585900", "osm_id": "1371585900", "osm_type": "way", "highway": "tertiary" }, "geometry": { "type": "LineString", "coordinates": [ [ 77.6323677, 12.9136732 ], [ 77.6323629, 12.9137805 ] ] } },
{ "type": "Feature", "properties": { "full_id": "w1371585901", "osm_id": "1371585901", "osm_type": "way", "highway": "tertiary" }, "geometry": { "type": "LineString", "coordinates": [ [ 77.632411, 12.9137785 ], [ 77.6324161, 12.9136749 ] ] } },
{ "type": "Feature", "properties": { "full_id": "w1371607295", "osm_id": "1371607295", "osm_type": "way", "highway": "tertiary" }, "geometry": { "type": "LineString", "coordinates": [ [ 77.6431146, 12.9198251 ], [ 77.6431776, 12.9197934 ] ] } },
{ "type": "Feature", "properties": { "full_id": "w1372257025", "osm_id": "1372257025", "osm_type": "way", "highway": "service" }, "geometry": { "type": "LineString", "coordinates": [ [ 77.6517258, 12.9010568 ], [ 77.6516885, 12.9010705 ], [ 77.6513397, 12.9011982 ] ] } },
{ "type": "Feature", "properties": { "full_id": "w1374007778", "osm_id": "1374007778", "osm_type": "way", "highway": "secondary" }, "geometry": { "type": "LineString", "coordinates": [ [ 77.6382597, 12.9157863 ], [ 77.6382596, 12.9157508 ] ] } },
{ "type": "Feature", "properties": { "full_id": "w1374007779", "osm_id": "1374007779", "osm_type": "way", "highway": "footway" }, "geometry": { "type": "LineString", "coordinates": [ [ 77.6381099, 12.9157545 ], [ 77.6381578, 12.9157532 ], [ 77.6382596, 12.9157508 ], [ 77.6383067, 12.9157495 ] ] } },
{ "type": "Feature", "properties": { "full_id": "w1374191515", "osm_id": "1374191515", "osm_type": "way", "highway": "residential" }, "geometry": { "type": "LineString", "coordinates": [ [ 77.6468481, 12.9066531 ], [ 77.6469238, 12.906981 ], [ 77.6469859, 12.9073323 ], [ 77.6470272, 12.9075835 ], [ 77.6470669, 12.9078325 ] ] } },
{ "type": "Feature", "properties": { "full_id": "w1374191516", "osm_id": "1374191516", "osm_type": "way", "highway": "residential" }, "geometry": { "type": "LineString", "coordinates": [ [ 77.6470669, 12.9078325 ], [ 77.6467565, 12.9078542 ], [ 77.6458441, 12.9079181 ] ] } },
{ "type": "Feature", "properties": { "full_id": "w1374191517", "osm_id": "1374191517", "osm_type": "way", "highway": "residential" }, "geometry": { "type": "LineString", "coordinates": [ [ 77.6476909, 12.9077822 ], [ 77.6473613, 12.907802 ], [ 77.6470669, 12.9078325 ] ] } },
{ "type": "Feature", "properties": { "full_id": "w1375808444", "osm_id": "1375808444", "osm_type": "way", "highway": "service" }, "geometry": { "type": "LineString", "coordinates": [ [ 77.6432914, 12.9197243 ], [ 77.6431482, 12.9194768 ], [ 77.6432253, 12.9194392 ] ] } },
{ "type": "Feature", "properties": { "full_id": "w1379614329", "osm_id": "1379614329", "osm_type": "way", "highway": "service" }, "geometry": { "type": "LineString", "coordinates": [ [ 77.6254247, 12.9130333 ], [ 77.625539, 12.9130657 ], [ 77.6255838, 12.9130683 ], [ 77.6256186, 12.9130652 ], [ 77.626386, 12.912921 ] ] } },
{ "type": "Feature", "properties": { "full_id": "w1379614784", "osm_id": "1379614784", "osm_type": "way", "highway": "residential" }, "geometry": { "type": "LineString", "coordinates": [ [ 77.6254048, 12.9132206 ], [ 77.6253962, 12.9131798 ], [ 77.6253805, 12.9131047 ] ] } },
{ "type": "Feature", "properties": { "full_id": "w1379614785", "osm_id": "1379614785", "osm_type": "way", "highway": "residential" }, "geometry": { "type": "LineString", "coordinates": [ [ 77.6254162, 12.9132753 ], [ 77.6254093, 12.9132426 ], [ 77.6254048, 12.9132206 ] ] } },
{ "type": "Feature", "properties": { "full_id": "w1384558966", "osm_id": "1384558966", "osm_type": "way", "highway": "service" }, "geometry": { "type": "LineString", "coordinates": [ [ 77.6381024, 12.9143945 ], [ 77.6381846, 12.9143896 ] ] } },
{ "type": "Feature", "properties": { "full_id": "w1384558967", "osm_id": "1384558967", "osm_type": "way", "highway": "service" }, "geometry": { "type": "LineString", "coordinates": [ [ 77.6368417, 12.9140958 ], [ 77.6369563, 12.9140898 ], [ 77.6370732, 12.9140837 ] ] } },
{ "type": "Feature", "properties": { "full_id": "w1384558968", "osm_id": "1384558968", "osm_type": "way", "highway": "service" }, "geometry": { "type": "LineString", "coordinates": [ [ 77.6380883, 12.913741 ], [ 77.638166, 12.9137433 ] ] } },
{ "type": "Feature", "properties": { "full_id": "w1384558969", "osm_id": "1384558969", "osm_type": "way", "highway": "service" }, "geometry": { "type": "LineString", "coordinates": [ [ 77.6380802, 12.9130148 ], [ 77.6381561, 12.9130148 ] ] } },
{ "type": "Feature", "properties": { "full_id": "w1384558970", "osm_id": "1384558970", "osm_type": "way", "highway": "service" }, "geometry": { "type": "LineString", "coordinates": [ [ 77.6380871, 12.9133852 ], [ 77.6381611, 12.9133857 ] ] } },
{ "type": "Feature", "properties": { "full_id": "w1384907602", "osm_id": "1384907602", "osm_type": "way", "highway": "residential" }, "geometry": { "type": "LineString", "coordinates": [ [ 77.6292164, 12.9166941 ], [ 77.6292106, 12.9166108 ] ] } },
{ "type": "Feature", "properties": { "full_id": "w1384917245", "osm_id": "1384917245", "osm_type": "way", "highway": "tertiary" }, "geometry": { "type": "LineString", "coordinates": [ [ 77.6324906, 12.9096249 ], [ 77.6325163, 12.9089908 ] ] } },
{ "type": "Feature", "properties": { "full_id": "w1384917246", "osm_id": "1384917246", "osm_type": "way", "highway": "tertiary" }, "geometry": { "type": "LineString", "coordinates": [ [ 77.6325179, 12.9089512 ], [ 77.632524, 12.9086158 ], [ 77.6325458, 12.9074067 ] ] } },
{ "type": "Feature", "properties": { "full_id": "w1384917247", "osm_id": "1384917247", "osm_type": "way", "highway": "residential" }, "geometry": { "type": "LineString", "coordinates": [ [ 77.6325179, 12.9089512 ], [ 77.6324396, 12.9089491 ] ] } },
{ "type": "Feature", "properties": { "full_id": "w1384917248", "osm_id": "1384917248", "osm_type": "way", "highway": "footway" }, "geometry": { "type": "LineString", "coordinates": [ [ 77.6324321, 12.9090014 ], [ 77.6324396, 12.9089491 ] ] } },
{ "type": "Feature", "properties": { "full_id": "w1384923777", "osm_id": "1384923777", "osm_type": "way", "highway": "secondary" }, "geometry": { "type": "LineString", "coordinates": [ [ 77.6490427, 12.9119116 ], [ 77.6489842, 12.9119108 ] ] } },
{ "type": "Feature", "properties": { "full_id": "w1384923778", "osm_id": "1384923778", "osm_type": "way", "highway": "tertiary" }, "geometry": { "type": "LineString", "coordinates": [ [ 77.6490427, 12.9119116 ], [ 77.6490502, 12.9118644 ] ] } },
{ "type": "Feature", "properties": { "full_id": "w1387946771", "osm_id": "1387946771", "osm_type": "way", "highway": "tertiary" }, "geometry": { "type": "LineString", "coordinates": [ [ 77.6383683, 12.9157991 ], [ 77.6383414, 12.9157954 ], [ 77.6382597, 12.9157863 ] ] } },
{ "type": "Feature", "properties": { "full_id": "w1387960815", "osm_id": "1387960815", "osm_type": "way", "highway": "tertiary" }, "geometry": { "type": "LineString", "coordinates": [ [ 77.6324003, 12.9129069 ], [ 77.6323963, 12.9130587 ], [ 77.6323878, 12.91323 ], [ 77.6323855, 12.9132756 ], [ 77.6323829, 12.9133345 ], [ 77.6323677, 12.9136732 ] ] } },
{ "type": "Feature", "properties": { "full_id": "w1387960816", "osm_id": "1387960816", "osm_type": "way", "highway": "residential" }, "geometry": { "type": "LineString", "coordinates": [ [ 77.6323855, 12.9132756 ], [ 77.6323019, 12.9132828 ], [ 77.6319508, 12.9133021 ], [ 77.6309261, 12.9133923 ], [ 77.6305121, 12.9134364 ], [ 77.6304686, 12.91344 ], [ 77.6304165, 12.9134433 ], [ 77.6286283, 12.9135569 ], [ 77.6285751, 12.9135605 ] ] } },
{ "type": "Feature", "properties": { "full_id": "w1391538488", "osm_id": "1391538488", "osm_type": "way", "highway": "tertiary" }, "geometry": { "type": "LineString", "coordinates": [ [ 77.6325491, 12.9072203 ], [ 77.6325507, 12.9071335 ] ] } },
{ "type": "Feature", "properties": { "full_id": "w1391538489", "osm_id": "1391538489", "osm_type": "way", "highway": "tertiary" }, "geometry": { "type": "LineString", "coordinates": [ [ 77.6325507, 12.9071335 ], [ 77.6325516, 12.9070831 ], [ 77.6325545, 12.9069208 ], [ 77.6325586, 12.9066949 ] ] } },
{ "type": "Feature", "properties": { "full_id": "w1391538490", "osm_id": "1391538490", "osm_type": "way", "highway": "tertiary" }, "geometry": { "type": "LineString", "coordinates": [ [ 77.6325458, 12.9074067 ], [ 77.6325491, 12.9072203 ] ] } },
{ "type": "Feature", "properties": { "full_id": "w1391538491", "osm_id": "1391538491", "osm_type": "way", "highway": "residential" }, "geometry": { "type": "LineString", "coordinates": [ [ 77.632777, 12.9071432 ], [ 77.6327781, 12.9072177 ] ] } },
{ "type": "Feature", "properties": { "full_id": "w1391538492", "osm_id": "1391538492", "osm_type": "way", "highway": "residential" }, "geometry": { "type": "LineString", "coordinates": [ [ 77.6327781, 12.9072177 ], [ 77.6327928, 12.9075346 ], [ 77.632826, 12.9075835 ], [ 77.6337442, 12.9075842 ], [ 77.6338036, 12.9075728 ], [ 77.6338521, 12.9075443 ], [ 77.633867, 12.9072825 ], [ 77.6338344, 12.9072496 ], [ 77.6333695, 12.9072475 ], [ 77.6333479, 12.9072195 ], [ 77.6333348, 12.9069193 ], [ 77.6333574, 12.9068588 ], [ 77.6333901, 12.9067715 ] ] } },
{ "type": "Feature", "properties": { "full_id": "w1391538493", "osm_id": "1391538493", "osm_type": "way", "highway": "residential" }, "geometry": { "type": "LineString", "coordinates": [ [ 77.6325491, 12.9072203 ], [ 77.6326299, 12.9072194 ] ] } },
{ "type": "Feature", "properties": { "full_id": "w1411430413", "osm_id": "1411430413", "osm_type": "way", "highway": "construction" }, "geometry": { "type": "LineString", "coordinates": [ [ 77.6281379, 12.9167864 ], [ 77.626947, 12.917172 ] ] } },
{ "type": "Feature", "properties": { "full_id": "w1411430414", "osm_id": "1411430414", "osm_type": "way", "highway": "construction" }, "geometry": { "type": "LineString", "coordinates": [ [ 77.628383, 12.9166937 ], [ 77.6281379, 12.9167864 ] ] } },
{ "type": "Feature", "properties": { "full_id": "w1414001560", "osm_id": "1414001560", "osm_type": "way", "highway": "service" }, "geometry": { "type": "LineString", "coordinates": [ [ 77.6256631, 12.9133329 ], [ 77.6265207, 12.9131711 ], [ 77.6264791, 12.9129616 ], [ 77.6255832, 12.9131305 ], [ 77.6254837, 12.9131447 ], [ 77.6253962, 12.9131798 ] ] } },
{ "type": "Feature", "properties": { "full_id": "w1415385667", "osm_id": "1415385667", "osm_type": "way", "highway": "secondary" }, "geometry": { "type": "LineString", "coordinates": [ [ 77.6518489, 12.9125414 ], [ 77.6518362, 12.9129905 ], [ 77.6518151, 12.9137348 ], [ 77.6518057, 12.914053 ], [ 77.6517954, 12.9144253 ], [ 77.6517702, 12.9153187 ], [ 77.6517675, 12.9154157 ] ] } },
{ "type": "Feature", "properties": { "full_id": "w1415385668", "osm_id": "1415385668", "osm_type": "way", "highway": "residential" }, "geometry": { "type": "LineString", "coordinates": [ [ 77.651923, 12.9125435 ], [ 77.6521078, 12.9125471 ] ] } },
{ "type": "Feature", "properties": { "full_id": "w1415385669", "osm_id": "1415385669", "osm_type": "way", "highway": "residential" }, "geometry": { "type": "LineString", "coordinates": [ [ 77.6521078, 12.9125471 ], [ 77.653556, 12.9125775 ] ] } },
{ "type": "Feature", "properties": { "full_id": "w1416769967", "osm_id": "1416769967", "osm_type": "way", "highway": "trunk" }, "geometry": { "type": "LineString", "coordinates": [ [ 77.6243915, 12.9145188 ], [ 77.6246589, 12.9140741 ] ] } },
{ "type": "Feature", "properties": { "full_id": "w1421507412", "osm_id": "1421507412", "osm_type": "way", "highway": "residential" }, "geometry": { "type": "LineString", "coordinates": [ [ 77.6332662, 12.9078697 ], [ 77.6330763, 12.9078734 ] ] } },
{ "type": "Feature", "properties": { "full_id": "w1421521662", "osm_id": "1421521662", "osm_type": "way", "highway": "service" }, "geometry": { "type": "LineString", "coordinates": [ [ 77.6259188, 12.9122579 ], [ 77.6260337, 12.9122958 ], [ 77.6261486, 12.9123337 ], [ 77.6261742, 12.9123579 ], [ 77.6262003, 12.9123755 ], [ 77.6266742, 12.912395 ], [ 77.6266877, 12.9123898 ], [ 77.6266971, 12.9123797 ], [ 77.626703, 12.9122558 ] ] } },
{ "type": "Feature", "properties": { "full_id": "w1422284154", "osm_id": "1422284154", "osm_type": "way", "highway": "service" }, "geometry": { "type": "LineString", "coordinates": [ [ 77.656964969836977, 12.899656212587832 ], [ 77.6569067, 12.8996677 ], [ 77.6568485, 12.8996792 ] ] } },
{ "type": "Feature", "properties": { "full_id": "w1422778342", "osm_id": "1422778342", "osm_type": "way", "highway": "footway" }, "geometry": { "type": "LineString", "coordinates": [ [ 77.6349692, 12.9161434 ], [ 77.6349688, 12.9161007 ] ] } },
{ "type": "Feature", "properties": { "full_id": "w1422778344", "osm_id": "1422778344", "osm_type": "way", "highway": "steps" }, "geometry": { "type": "LineString", "coordinates": [ [ 77.6349688, 12.9161007 ], [ 77.6348857, 12.916106 ] ] } },
{ "type": "Feature", "properties": { "full_id": "w1422778346", "osm_id": "1422778346", "osm_type": "way", "highway": "footway" }, "geometry": { "type": "LineString", "coordinates": [ [ 77.634901060221097, 12.916286857237422 ], [ 77.6348857, 12.916106 ] ] } },
{ "type": "Feature", "properties": { "full_id": "w1422947045", "osm_id": "1422947045", "osm_type": "way", "highway": "residential" }, "geometry": { "type": "LineString", "coordinates": [ [ 77.6520376, 12.9007415 ], [ 77.651974, 12.9004198 ] ] } },
{ "type": "Feature", "properties": { "full_id": "w1425834266", "osm_id": "1425834266", "osm_type": "way", "highway": "residential" }, "geometry": { "type": "LineString", "coordinates": [ [ 77.651712, 12.9173361 ], [ 77.6516287, 12.917332 ], [ 77.6512187, 12.9173178 ], [ 77.6511952, 12.917317 ], [ 77.650068, 12.9172867 ], [ 77.6497519, 12.9172829 ], [ 77.6491762, 12.917292 ] ] } },
{ "type": "Feature", "properties": { "full_id": "w1427896667", "osm_id": "1427896667", "osm_type": "way", "highway": "secondary" }, "geometry": { "type": "LineString", "coordinates": [ [ 77.6389368, 12.9057627 ], [ 77.6390583, 12.9057448 ], [ 77.6398567, 12.9056654 ], [ 77.6401126, 12.9056416 ], [ 77.641227, 12.9054993 ] ] } },
{ "type": "Feature", "properties": { "full_id": "w1428213746", "osm_id": "1428213746", "osm_type": "way", "highway": "residential" }, "geometry": { "type": "LineString", "coordinates": [ [ 77.6469308, 12.9211026 ], [ 77.646305, 12.9211739 ], [ 77.6458987, 12.9212202 ] ] } },
{ "type": "Feature", "properties": { "full_id": "w1429184344", "osm_id": "1429184344", "osm_type": "way", "highway": "residential" }, "geometry": { "type": "LineString", "coordinates": [ [ 77.667635, 12.9288303 ], [ 77.6678176, 12.9288125 ] ] } },
{ "type": "Feature", "properties": { "full_id": "w1429458948", "osm_id": "1429458948", "osm_type": "way", "highway": "service" }, "geometry": { "type": "LineString", "coordinates": [ [ 77.6661002, 12.926263 ], [ 77.6661032, 12.9262331 ], [ 77.6660939, 12.9262174 ], [ 77.666055, 12.9262017 ], [ 77.6658377, 12.9261952 ] ] } },
{ "type": "Feature", "properties": { "full_id": "w1429458976", "osm_id": "1429458976", "osm_type": "way", "highway": "residential" }, "geometry": { "type": "LineString", "coordinates": [ [ 77.6639323, 12.9227081 ], [ 77.6640017, 12.9226797 ], [ 77.6641969, 12.9226483 ] ] } },
{ "type": "Feature", "properties": { "full_id": "w1429882199", "osm_id": "1429882199", "osm_type": "way", "highway": "residential" }, "geometry": { "type": "LineString", "coordinates": [ [ 77.6653637, 12.9238776 ], [ 77.6652964, 12.9238773 ], [ 77.6652755, 12.9238778 ], [ 77.6648645, 12.9238886 ], [ 77.6647246, 12.9241917 ], [ 77.6644346, 12.9245003 ], [ 77.6644228, 12.9247188 ], [ 77.6644403, 12.9251483 ] ] } },
{ "type": "Feature", "properties": { "full_id": "w1429934345", "osm_id": "1429934345", "osm_type": "way", "highway": "residential" }, "geometry": { "type": "LineString", "coordinates": [ [ 77.665367089884398, 12.921185842957737 ], [ 77.6652824, 12.9211838 ], [ 77.6645805, 12.921213 ], [ 77.6645636, 12.9212204 ], [ 77.6645601, 12.9212288 ], [ 77.6645646, 12.9214062 ] ] } },
{ "type": "Feature", "properties": { "full_id": "w1429957267", "osm_id": "1429957267", "osm_type": "way", "highway": "residential" }, "geometry": { "type": "LineString", "coordinates": [ [ 77.6663247, 12.9259456 ], [ 77.6662234, 12.9259486 ], [ 77.6661615, 12.9259508 ] ] } },
{ "type": "Feature", "properties": { "full_id": "w1430862729", "osm_id": "1430862729", "osm_type": "way", "highway": "residential" }, "geometry": { "type": "LineString", "coordinates": [ [ 77.6306589, 12.911441 ], [ 77.6306104, 12.9116137 ] ] } },
{ "type": "Feature", "properties": { "full_id": "w1433963591", "osm_id": "1433963591", "osm_type": "way", "highway": "residential" }, "geometry": { "type": "LineString", "coordinates": [ [ 77.6446775, 12.9128809 ], [ 77.6447311, 12.912879 ] ] } },
{ "type": "Feature", "properties": { "full_id": "w1444549026", "osm_id": "1444549026", "osm_type": "way", "highway": "track" }, "geometry": { "type": "LineString", "coordinates": [ [ 77.6668787, 12.9309366 ], [ 77.666864242263372, 12.931015733408742 ] ] } },
{ "type": "Feature", "properties": { "full_id": "w1447303986", "osm_id": "1447303986", "osm_type": "way", "highway": "secondary" }, "geometry": { "type": "LineString", "coordinates": [ [ 77.6516422, 12.9193736 ], [ 77.651633, 12.9196937 ] ] } },
{ "type": "Feature", "properties": { "full_id": "w1447303987", "osm_id": "1447303987", "osm_type": "way", "highway": "secondary" }, "geometry": { "type": "LineString", "coordinates": [ [ 77.6516244, 12.9200111 ], [ 77.6516083, 12.9205873 ], [ 77.6515866, 12.9210288 ], [ 77.651579544174055, 12.921183322588201 ] ] } },
{ "type": "Feature", "properties": { "full_id": "w1447303988", "osm_id": "1447303988", "osm_type": "way", "highway": "footway" }, "geometry": { "type": "LineString", "coordinates": [ [ 77.6515388, 12.9197373 ], [ 77.6515431, 12.919701 ] ] } },
{ "type": "Feature", "properties": { "full_id": "w1447303989", "osm_id": "1447303989", "osm_type": "way", "highway": "tertiary" }, "geometry": { "type": "LineString", "coordinates": [ [ 77.651633, 12.9196937 ], [ 77.6515431, 12.919701 ] ] } },
{ "type": "Feature", "properties": { "full_id": "w1447944691", "osm_id": "1447944691", "osm_type": "way", "highway": "footway" }, "geometry": { "type": "LineString", "coordinates": [ [ 77.6380074, 12.912238 ], [ 77.6380071, 12.9122115 ], [ 77.6380011, 12.9117279 ] ] } },
{ "type": "Feature", "properties": { "full_id": "w1447944692", "osm_id": "1447944692", "osm_type": "way", "highway": "residential" }, "geometry": { "type": "LineString", "coordinates": [ [ 77.6380011, 12.9117279 ], [ 77.6380449, 12.9117269 ] ] } },
{ "type": "Feature", "properties": { "full_id": "w1449982782", "osm_id": "1449982782", "osm_type": "way", "highway": "residential" }, "geometry": { "type": "LineString", "coordinates": [ [ 77.6517158, 12.8998521 ], [ 77.6524408, 12.8996712 ] ] } },
{ "type": "Feature", "properties": { "full_id": "w1449982783", "osm_id": "1449982783", "osm_type": "way", "highway": "residential" }, "geometry": { "type": "LineString", "coordinates": [ [ 77.6524408, 12.8996712 ], [ 77.6524611, 12.8996583 ], [ 77.6524995, 12.8996161 ] ] } },
{ "type": "Feature", "properties": { "full_id": "w1449982784", "osm_id": "1449982784", "osm_type": "way", "highway": "residential" }, "geometry": { "type": "LineString", "coordinates": [ [ 77.6514714, 12.8999166 ], [ 77.6515448, 12.8998972 ], [ 77.6517158, 12.8998521 ] ] } },
{ "type": "Feature", "properties": { "full_id": "w1451284519", "osm_id": "1451284519", "osm_type": "way", "highway": "footway" }, "geometry": { "type": "LineString", "coordinates": [ [ 77.6518131, 12.9162975 ], [ 77.6518346, 12.9159138 ] ] } },
{ "type": "Feature", "properties": { "full_id": "w1451284520", "osm_id": "1451284520", "osm_type": "way", "highway": "footway" }, "geometry": { "type": "LineString", "coordinates": [ [ 77.6518124, 12.9163903 ], [ 77.6518125, 12.9163473 ], [ 77.6518131, 12.9162975 ] ] } },
{ "type": "Feature", "properties": { "full_id": "w1453821325", "osm_id": "1453821325", "osm_type": "way", "highway": "trunk" }, "geometry": { "type": "LineString", "coordinates": [ [ 77.6228991, 12.917215 ], [ 77.6229219, 12.9172485 ], [ 77.6229515, 12.9172887 ] ] } },
{ "type": "Feature", "properties": { "full_id": "w1453821744", "osm_id": "1453821744", "osm_type": "way", "highway": "residential" }, "geometry": { "type": "LineString", "coordinates": [ [ 77.6518489, 12.9125414 ], [ 77.651923, 12.9125435 ] ] } },
{ "type": "Feature", "properties": { "full_id": "w1455375808", "osm_id": "1455375808", "osm_type": "way", "highway": "residential" }, "geometry": { "type": "LineString", "coordinates": [ [ 77.6659888, 12.9290979 ], [ 77.6665375, 12.9290139 ] ] } },
{ "type": "Feature", "properties": { "full_id": "w1463058121", "osm_id": "1463058121", "osm_type": "way", "highway": "residential" }, "geometry": { "type": "LineString", "coordinates": [ [ 77.6561912, 12.9005174 ], [ 77.6561998, 12.9005621 ], [ 77.6562594, 12.9008956 ] ] } },
{ "type": "Feature", "properties": { "full_id": "w1463636863", "osm_id": "1463636863", "osm_type": "way", "highway": "service" }, "geometry": { "type": "LineString", "coordinates": [ [ 77.6496609, 12.9035696 ], [ 77.6496655, 12.9034717 ], [ 77.64967, 12.9033738 ], [ 77.6496224, 12.9033431 ], [ 77.6495811, 12.9033506 ], [ 77.6495393, 12.9033535 ], [ 77.649492, 12.9033512 ], [ 77.6494454, 12.9033374 ], [ 77.6486541, 12.9027444 ] ] } },
{ "type": "Feature", "properties": { "full_id": "w1469400152", "osm_id": "1469400152", "osm_type": "way", "highway": "living_street" }, "geometry": { "type": "LineString", "coordinates": [ [ 77.6472934, 12.9212187 ], [ 77.6474546, 12.9212345 ] ] } },
{ "type": "Feature", "properties": { "full_id": "w1473496397", "osm_id": "1473496397", "osm_type": "way", "highway": "footway" }, "geometry": { "type": "LineString", "coordinates": [ [ 77.6383245, 12.9157403 ], [ 77.6383169, 12.9155375 ] ] } },
{ "type": "Feature", "properties": { "full_id": "w1473496398", "osm_id": "1473496398", "osm_type": "way", "highway": "footway" }, "geometry": { "type": "LineString", "coordinates": [ [ 77.6383252, 12.9157499 ], [ 77.6383245, 12.9157403 ] ] } },
{ "type": "Feature", "properties": { "full_id": "w1473496399", "osm_id": "1473496399", "osm_type": "way", "highway": "footway" }, "geometry": { "type": "LineString", "coordinates": [ [ 77.6380938, 12.9155464 ], [ 77.6380997, 12.9157493 ] ] } },
{ "type": "Feature", "properties": { "full_id": "w1473496400", "osm_id": "1473496400", "osm_type": "way", "highway": "secondary" }, "geometry": { "type": "LineString", "coordinates": [ [ 77.6382595, 12.9157429 ], [ 77.638251, 12.9155402 ] ] } },
{ "type": "Feature", "properties": { "full_id": "w1473496401", "osm_id": "1473496401", "osm_type": "way", "highway": "secondary" }, "geometry": { "type": "LineString", "coordinates": [ [ 77.6381487, 12.9154942 ], [ 77.6381505, 12.9155442 ] ] } },
{ "type": "Feature", "properties": { "full_id": "w1473496402", "osm_id": "1473496402", "osm_type": "way", "highway": "secondary" }, "geometry": { "type": "LineString", "coordinates": [ [ 77.6381576, 12.915747 ], [ 77.6381578, 12.9157532 ], [ 77.6381586, 12.9157758 ] ] } },
{ "type": "Feature", "properties": { "full_id": "w1473783860", "osm_id": "1473783860", "osm_type": "way", "highway": "service" }, "geometry": { "type": "LineString", "coordinates": [ [ 77.647268, 12.9214322 ], [ 77.6473214, 12.9214243 ], [ 77.647572, 12.9213894 ] ] } },
{ "type": "Feature", "properties": { "full_id": "w1473869988", "osm_id": "1473869988", "osm_type": "way", "highway": "secondary" }, "geometry": { "type": "LineString", "coordinates": [ [ 77.6446347, 12.9107931 ], [ 77.6446337, 12.9107477 ], [ 77.6446328, 12.9106951 ] ] } },
{ "type": "Feature", "properties": { "full_id": "w1473869989", "osm_id": "1473869989", "osm_type": "way", "highway": "secondary" }, "geometry": { "type": "LineString", "coordinates": [ [ 77.6445595, 12.9106993 ], [ 77.6445457, 12.9107431 ], [ 77.6445478, 12.9107992 ] ] } },
{ "type": "Feature", "properties": { "full_id": "w1487173148", "osm_id": "1487173148", "osm_type": "way", "highway": "residential" }, "geometry": { "type": "LineString", "coordinates": [ [ 77.650058, 12.8994146 ], [ 77.650053405218557, 12.899398243225226 ] ] } },
{ "type": "Feature", "properties": { "full_id": "w1487204017", "osm_id": "1487204017", "osm_type": "way", "highway": "service" }, "geometry": { "type": "LineString", "coordinates": [ [ 77.6247959, 12.9142822 ], [ 77.6248263, 12.9142929 ], [ 77.6248659, 12.914307 ], [ 77.6254451, 12.9144736 ] ] } },
{ "type": "Feature", "properties": { "full_id": "w1487204018", "osm_id": "1487204018", "osm_type": "way", "highway": "service" }, "geometry": { "type": "LineString", "coordinates": [ [ 77.6248263, 12.9142929 ], [ 77.6248619, 12.9142736 ], [ 77.6248894, 12.9142346 ], [ 77.6249164, 12.9141627 ], [ 77.6249327, 12.9141099 ], [ 77.6249474, 12.9140543 ], [ 77.6249135, 12.9140032 ] ] } },
{ "type": "Feature", "properties": { "full_id": "w1487204019", "osm_id": "1487204019", "osm_type": "way", "highway": "service" }, "geometry": { "type": "LineString", "coordinates": [ [ 77.6247184, 12.9142548 ], [ 77.6247959, 12.9142822 ] ] } },
{ "type": "Feature", "properties": { "full_id": "w1487204020", "osm_id": "1487204020", "osm_type": "way", "highway": "service" }, "geometry": { "type": "LineString", "coordinates": [ [ 77.6249135, 12.9140032 ], [ 77.624869, 12.9139861 ] ] } },
{ "type": "Feature", "properties": { "full_id": "w1487215387", "osm_id": "1487215387", "osm_type": "way", "highway": "service" }, "geometry": { "type": "LineString", "coordinates": [ [ 77.6268065, 12.9120655 ], [ 77.6268029, 12.9123753 ] ] } },
{ "type": "Feature", "properties": { "full_id": "w1487215388", "osm_id": "1487215388", "osm_type": "way", "highway": "service" }, "geometry": { "type": "LineString", "coordinates": [ [ 77.6268065, 12.9120655 ], [ 77.627081, 12.9120803 ], [ 77.6271511, 12.9120834 ] ] } },
{ "type": "Feature", "properties": { "full_id": "w1487215389", "osm_id": "1487215389", "osm_type": "way", "highway": "service" }, "geometry": { "type": "LineString", "coordinates": [ [ 77.6266157, 12.9113081 ], [ 77.6266579, 12.9113303 ], [ 77.6267022, 12.9113085 ], [ 77.6267303, 12.9112763 ], [ 77.6267501, 12.9112423 ], [ 77.6267629, 12.9111997 ], [ 77.6267625, 12.9111457 ], [ 77.6267525, 12.9111128 ], [ 77.6267342, 12.9110882 ] ] } },
{ "type": "Feature", "properties": { "full_id": "w1487215390", "osm_id": "1487215390", "osm_type": "way", "highway": "service" }, "geometry": { "type": "LineString", "coordinates": [ [ 77.6265139, 12.9112778 ], [ 77.6266157, 12.9113081 ] ] } },
{ "type": "Feature", "properties": { "full_id": "w1487215391", "osm_id": "1487215391", "osm_type": "way", "highway": "service" }, "geometry": { "type": "LineString", "coordinates": [ [ 77.6267342, 12.9110882 ], [ 77.6266566, 12.9110446 ] ] } },
{ "type": "Feature", "properties": { "full_id": "w1487215392", "osm_id": "1487215392", "osm_type": "way", "highway": "service" }, "geometry": { "type": "LineString", "coordinates": [ [ 77.6266579, 12.9113303 ], [ 77.6267494, 12.9113827 ], [ 77.6268148, 12.9114139 ], [ 77.6268814, 12.9114346 ], [ 77.6271192, 12.9114523 ] ] } },
{ "type": "Feature", "properties": { "full_id": "w1487215393", "osm_id": "1487215393", "osm_type": "way", "highway": "service" }, "geometry": { "type": "LineString", "coordinates": [ [ 77.6271192, 12.9114523 ], [ 77.6271522, 12.9114547 ] ] } },
{ "type": "Feature", "properties": { "full_id": "w1487217992", "osm_id": "1487217992", "osm_type": "way", "highway": "residential" }, "geometry": { "type": "LineString", "coordinates": [ [ 77.6481491, 12.9055158 ], [ 77.6481181, 12.9052527 ] ] } },
{ "type": "Feature", "properties": { "full_id": "w1487220088", "osm_id": "1487220088", "osm_type": "way", "highway": "service" }, "geometry": { "type": "LineString", "coordinates": [ [ 77.6266893, 12.9109912 ], [ 77.6267848, 12.9110074 ], [ 77.6268254, 12.9110007 ], [ 77.6268611, 12.9109733 ], [ 77.6268933, 12.9109361 ], [ 77.6269056, 12.9109067 ], [ 77.6269146, 12.91087 ], [ 77.6269168, 12.9108262 ], [ 77.6269138, 12.910766 ], [ 77.6269089, 12.9107358 ], [ 77.626881, 12.9106762 ] ] } },
{ "type": "Feature", "properties": { "full_id": "w1487220089", "osm_id": "1487220089", "osm_type": "way", "highway": "service" }, "geometry": { "type": "LineString", "coordinates": [ [ 77.6271598, 12.9112393 ], [ 77.6272757, 12.9112026 ], [ 77.627372, 12.9111762 ], [ 77.6275092, 12.9111729 ], [ 77.6276487, 12.9112055 ], [ 77.6277211, 12.9112661 ], [ 77.6277844, 12.9113634 ], [ 77.6278027, 12.9114506 ], [ 77.6277967, 12.9115218 ], [ 77.6277686, 12.9115981 ], [ 77.6277165, 12.9116417 ], [ 77.6276337, 12.9116491 ], [ 77.6275296, 12.9116106 ], [ 77.6274599, 12.91151 ], [ 77.6274206, 12.9113648 ], [ 77.627372, 12.9111762 ] ] } },
{ "type": "Feature", "properties": { "full_id": "w1487220090", "osm_id": "1487220090", "osm_type": "way", "highway": "service" }, "geometry": { "type": "LineString", "coordinates": [ [ 77.6271716, 12.9109024 ], [ 77.6276474, 12.9108988 ] ] } },
{ "type": "Feature", "properties": { "full_id": "w1487220091", "osm_id": "1487220091", "osm_type": "way", "highway": "service" }, "geometry": { "type": "LineString", "coordinates": [ [ 77.6273218, 12.9104048 ], [ 77.6273221, 12.9104734 ], [ 77.6273611, 12.9105731 ], [ 77.6273996, 12.9106321 ], [ 77.6274791, 12.9106966 ] ] } },
{ "type": "Feature", "properties": { "full_id": "w1487221736", "osm_id": "1487221736", "osm_type": "way", "highway": "residential" }, "geometry": { "type": "LineString", "coordinates": [ [ 77.6473164, 12.9053592 ], [ 77.6473108, 12.9050445 ], [ 77.6472999, 12.9050219 ], [ 77.6472743, 12.9050131 ], [ 77.6471182, 12.905012 ] ] } },
{ "type": "Feature", "properties": { "full_id": "w1487223333", "osm_id": "1487223333", "osm_type": "way", "highway": "service" }, "geometry": { "type": "LineString", "coordinates": [ [ 77.6480376, 12.903915 ], [ 77.6487511, 12.9038839 ], [ 77.6488488, 12.9038797 ] ] } },
{ "type": "Feature", "properties": { "full_id": "w1487224516", "osm_id": "1487224516", "osm_type": "way", "highway": "service" }, "geometry": { "type": "LineString", "coordinates": [ [ 77.6500369, 12.9029758 ], [ 77.650408, 12.9024039 ], [ 77.6504521, 12.9023116 ], [ 77.6504692, 12.9022024 ], [ 77.6504746, 12.9020938 ], [ 77.6504438, 12.9020122 ], [ 77.6502892, 12.9018831 ] ] } },
{ "type": "Feature", "properties": { "full_id": "w1487513669", "osm_id": "1487513669", "osm_type": "way", "highway": "service" }, "geometry": { "type": "LineString", "coordinates": [ [ 77.6507784, 12.9016598 ], [ 77.6507603, 12.9016127 ], [ 77.6507181, 12.9015031 ] ] } },
{ "type": "Feature", "properties": { "full_id": "w1487513670", "osm_id": "1487513670", "osm_type": "way", "highway": "service" }, "geometry": { "type": "LineString", "coordinates": [ [ 77.6507079, 12.901745 ], [ 77.6506788, 12.9016948 ], [ 77.6506003, 12.9015592 ] ] } },
{ "type": "Feature", "properties": { "full_id": "w1487514782", "osm_id": "1487514782", "osm_type": "way", "highway": "service" }, "geometry": { "type": "LineString", "coordinates": [ [ 77.650892, 12.9012987 ], [ 77.6511661, 12.9012312 ] ] } },
{ "type": "Feature", "properties": { "full_id": "w1487514783", "osm_id": "1487514783", "osm_type": "way", "highway": "service" }, "geometry": { "type": "LineString", "coordinates": [ [ 77.6507688, 12.9007888 ], [ 77.651082, 12.9007319 ] ] } },
{ "type": "Feature", "properties": { "full_id": "w1487514784", "osm_id": "1487514784", "osm_type": "way", "highway": "service" }, "geometry": { "type": "LineString", "coordinates": [ [ 77.6506123, 12.9000387 ], [ 77.6509544, 12.899974 ] ] } },
{ "type": "Feature", "properties": { "full_id": "w1487514785", "osm_id": "1487514785", "osm_type": "way", "highway": "service" }, "geometry": { "type": "LineString", "coordinates": [ [ 77.6505181, 12.8996612 ], [ 77.6508902, 12.8995927 ] ] } },
{ "type": "Feature", "properties": { "full_id": "w1487515195", "osm_id": "1487515195", "osm_type": "way", "highway": "service" }, "geometry": { "type": "LineString", "coordinates": [ [ 77.6515286, 12.9004351 ], [ 77.6515486, 12.9004304 ], [ 77.6515806, 12.9004238 ] ] } },
{ "type": "Feature", "properties": { "full_id": "w1487515196", "osm_id": "1487515196", "osm_type": "way", "highway": "service" }, "geometry": { "type": "LineString", "coordinates": [ [ 77.6513993, 12.9004663 ], [ 77.6515044, 12.900441 ], [ 77.6515286, 12.9004351 ] ] } },
{ "type": "Feature", "properties": { "full_id": "w1487540139", "osm_id": "1487540139", "osm_type": "way", "highway": "service" }, "geometry": { "type": "LineString", "coordinates": [ [ 77.6458294, 12.9044406 ], [ 77.6458477, 12.9045491 ], [ 77.6458526, 12.904578 ], [ 77.645854, 12.9045935 ], [ 77.645847, 12.9046052 ], [ 77.6458292, 12.9046222 ] ] } },
{ "type": "Feature", "properties": { "full_id": "w1487540140", "osm_id": "1487540140", "osm_type": "way", "highway": "service" }, "geometry": { "type": "LineString", "coordinates": [ [ 77.645759, 12.9044552 ], [ 77.6457835, 12.904562 ], [ 77.6457907, 12.9045935 ], [ 77.6457974, 12.9046036 ], [ 77.6458097, 12.9046147 ], [ 77.6458292, 12.9046222 ] ] } },
{ "type": "Feature", "properties": { "full_id": "w1487540141", "osm_id": "1487540141", "osm_type": "way", "highway": "service" }, "geometry": { "type": "LineString", "coordinates": [ [ 77.6461723, 12.9054673 ], [ 77.6459913, 12.9049736 ], [ 77.6459763, 12.9049462 ], [ 77.6459539, 12.9049374 ], [ 77.6459282, 12.9049335 ], [ 77.6459044, 12.904927 ], [ 77.6458932, 12.9049157 ], [ 77.6458292, 12.9046222 ] ] } },
{ "type": "Feature", "properties": { "full_id": "w1487542226", "osm_id": "1487542226", "osm_type": "way", "highway": "service" }, "geometry": { "type": "LineString", "coordinates": [ [ 77.650266, 12.9149654 ], [ 77.6502662, 12.9149483 ], [ 77.6502722, 12.9145481 ] ] } },
{ "type": "Feature", "properties": { "full_id": "w1487542227", "osm_id": "1487542227", "osm_type": "way", "highway": "service" }, "geometry": { "type": "LineString", "coordinates": [ [ 77.6502663, 12.9150383 ], [ 77.6502664, 12.9149931 ], [ 77.650266, 12.9149654 ] ] } },
{ "type": "Feature", "properties": { "full_id": "w1487542228", "osm_id": "1487542228", "osm_type": "way", "highway": "service" }, "geometry": { "type": "LineString", "coordinates": [ [ 77.6502662, 12.9149483 ], [ 77.6506847, 12.9149573 ], [ 77.6507653, 12.914959 ] ] } },
{ "type": "Feature", "properties": { "full_id": "w1487542229", "osm_id": "1487542229", "osm_type": "way", "highway": "service" }, "geometry": { "type": "LineString", "coordinates": [ [ 77.6507643, 12.9150443 ], [ 77.6507647, 12.9150123 ], [ 77.6507653, 12.914959 ] ] } },
{ "type": "Feature", "properties": { "full_id": "w1487542230", "osm_id": "1487542230", "osm_type": "way", "highway": "service" }, "geometry": { "type": "LineString", "coordinates": [ [ 77.6506847, 12.9149573 ], [ 77.6506934, 12.9147222 ], [ 77.6506914, 12.9147012 ], [ 77.6506829, 12.9146827 ], [ 77.6506641, 12.9146735 ], [ 77.650456, 12.9146714 ] ] } },
{ "type": "Feature", "properties": { "full_id": "w1487542989", "osm_id": "1487542989", "osm_type": "way", "highway": "service" }, "geometry": { "type": "LineString", "coordinates": [ [ 77.648915, 12.9112932 ], [ 77.6489386, 12.9110202 ] ] } },
{ "type": "Feature", "properties": { "full_id": "w1487542990", "osm_id": "1487542990", "osm_type": "way", "highway": "service" }, "geometry": { "type": "LineString", "coordinates": [ [ 77.6481342, 12.9112208 ], [ 77.6483142, 12.9112223 ], [ 77.6484887, 12.9112484 ], [ 77.6488567, 12.9113162 ] ] } },
{ "type": "Feature", "properties": { "full_id": "w1487667128", "osm_id": "1487667128", "osm_type": "way", "highway": "service" }, "geometry": { "type": "LineString", "coordinates": [ [ 77.6472498, 12.9041182 ], [ 77.647249535215479, 12.904100437372318 ] ] } }
]
}
