{
"type": "FeatureCollection",
"name": "buildings",
"crs": { "type": "name", "properties": { "name": "urn:ogc:def:crs:OGC:1.3:CRS84" } },
"features": [
{ "type": "Feature", "properties": { "type": "commercial", "area_sqm": 898.31072868016986, "waste_kg_day": 2.5 }, "geometry": { "type": "Point", "coordinates": [ 77.668197520941504, 12.931010593381135 ] } },
{ "type": "Feature", "properties": { "type": "commercial", "area_sqm": 1522.1376235969544, "waste_kg_day": 2.5 }, "geometry": { "type": "Point", "coordinates": [ 77.669216103739643, 12.93060174796854 ] } },
{ "type": "Feature", "properties": { "type": "commercial", "area_sqm": 1447.2783962069402, "waste_kg_day": 2.5 }, "geometry": { "type": "Point", "coordinates": [ 77.668073281092731, 12.93053702306775 ] } },
{ "type": "Feature", "properties": { "type": "commercial", "area_sqm": 648.77997071345601, "waste_kg_day": 2.5 }, "geometry": { "type": "Point", "coordinates": [ 77.667530571837744, 12.930367102574447 ] } },
{ "type": "Feature", "properties": { "type": "commercial", "area_sqm": 1072.9822592568696, "waste_kg_day": 2.5 }, "geometry": { "type": "Point", "coordinates": [ 77.666839047204334, 12.930371303950812 ] } },
{ "type": "Feature", "properties": { "type": "commercial", "area_sqm": 948.21688027351263, "waste_kg_day": 2.5 }, "geometry": { "type": "Point", "coordinates": [ 77.668296617513562, 12.930151217113831 ] } },
{ "type": "Feature", "properties": { "type": "commercial", "area_sqm": 2595.119882853824, "waste_kg_day": 2.5 }, "geometry": { "type": "Point", "coordinates": [ 77.666517631711002, 12.929677156549097 ] } },
{ "type": "Feature", "properties": { "type": "commercial", "area_sqm": 2046.1522153270535, "waste_kg_day": 2.5 }, "geometry": { "type": "Point", "coordinates": [ 77.667246748862055, 12.929670735909118 ] } },
{ "type": "Feature", "properties": { "type": "commercial", "area_sqm": 548.96766752677047, "waste_kg_day": 2.5 }, "geometry": { "type": "Point", "coordinates": [ 77.668356008725112, 12.929717355172656 ] } },
{ "type": "Feature", "properties": { "type": "commercial", "area_sqm": 1197.7476382402265, "waste_kg_day": 2.5 }, "geometry": { "type": "Point", "coordinates": [ 77.668966538887091, 12.929626614991754 ] } },
{ "type": "Feature", "properties": { "type": "commercial", "area_sqm": 4217.0698096374645, "waste_kg_day": 2.5 }, "geometry": { "type": "Point", "coordinates": [ 77.668683187529524, 12.929258397825864 ] } },
{ "type": "Feature", "properties": { "type": "commercial", "area_sqm": 2545.2137312604814, "waste_kg_day": 2.5 }, "geometry": { "type": "Point", "coordinates": [ 77.667288236128073, 12.929071214513923 ] } },
{ "type": "Feature", "properties": { "type": "commercial", "area_sqm": 1023.0761076635267, "waste_kg_day": 2.5 }, "geometry": { "type": "Point", "coordinates": [ 77.666357774133047, 12.929088639849413 ] } },
{ "type": "Feature", "properties": { "type": "commercial", "area_sqm": 5664.3482058444042, "waste_kg_day": 2.5 }, "geometry": { "type": "Point", "coordinates": [ 77.668297770864655, 12.928205021063716 ] } },
{ "type": "Feature", "properties": { "type": "mixed", "area_sqm": 249.53075796671385, "waste_kg_day": 1.2 }, "geometry": { "type": "Point", "coordinates": [ 77.669262136213277, 12.928380195666529 ] } },
{ "type": "Feature", "properties": { "type": "residential", "area_sqm": 299.43690956005662, "waste_kg_day": 524.05984634047775 }, "geometry": { "type": "Point", "coordinates": [ 77.666000880260654, 12.92812520813297 ] } },
{ "type": "Feature", "properties": { "type": "mixed", "area_sqm": 299.43690956005662, "waste_kg_day": 1.2 }, "geometry": { "type": "Point", "coordinates": [ 77.665698696886565, 12.92788662330625 ] } },
{ "type": "Feature", "properties": { "type": "residential", "area_sqm": 249.53075796671385, "waste_kg_day": 436.71653861706477 }, "geometry": { "type": "Point", "coordinates": [ 77.665882331398507, 12.927883640995915 ] } },
{ "type": "Feature", "properties": { "type": "commercial", "area_sqm": 1746.7153057669971, "waste_kg_day": 2.5 }, "geometry": { "type": "Point", "coordinates": [ 77.66678622496363, 12.927501479228827 ] } },
{ "type": "Feature", "properties": { "type": "residential", "area_sqm": 199.62460637337108, "waste_kg_day": 349.37323089365179 }, "geometry": { "type": "Point", "coordinates": [ 77.666186839260092, 12.927655494255363 ] } },
{ "type": "Feature", "properties": { "type": "commercial", "area_sqm": 2694.9321860405098, "waste_kg_day": 2.5 }, "geometry": { "type": "Point", "coordinates": [ 77.665127045147557, 12.927445489902675 ] } },
{ "type": "Feature", "properties": { "type": "commercial", "area_sqm": 524.01459173009903, "waste_kg_day": 2.5 }, "geometry": { "type": "Point", "coordinates": [ 77.667532274758983, 12.927503183406161 ] } },
{ "type": "Feature", "properties": { "type": "commercial", "area_sqm": 2096.0583669203961, "waste_kg_day": 2.5 }, "geometry": { "type": "Point", "coordinates": [ 77.663969167501918, 12.927046783413973 ] } },
{ "type": "Feature", "properties": { "type": "commercial", "area_sqm": 998.1230318668554, "waste_kg_day": 2.5 }, "geometry": { "type": "Point", "coordinates": [ 77.667227047413192, 12.927091837602234 ] } },
{ "type": "Feature", "properties": { "type": "commercial", "area_sqm": 2669.979110243838, "waste_kg_day": 2.5 }, "geometry": { "type": "Point", "coordinates": [ 77.666000119914273, 12.927067463486466 ] } },
{ "type": "Feature", "properties": { "type": "commercial", "area_sqm": 199.62460637337108, "waste_kg_day": 2.5 }, "geometry": { "type": "Point", "coordinates": [ 77.665594094949384, 12.927230515032765 ] } },
{ "type": "Feature", "properties": { "type": "commercial", "area_sqm": 1671.8560783769829, "waste_kg_day": 2.5 }, "geometry": { "type": "Point", "coordinates": [ 77.666446522676281, 12.926614245083892 ] } },
{ "type": "Feature", "properties": { "type": "commercial", "area_sqm": 224.57768217004246, "waste_kg_day": 2.5 }, "geometry": { "type": "Point", "coordinates": [ 77.663313514442393, 12.927086370033287 ] } },
{ "type": "Feature", "properties": { "type": "commercial", "area_sqm": 548.96766752677047, "waste_kg_day": 2.5 }, "geometry": { "type": "Point", "coordinates": [ 77.663675336182465, 12.926888904939959 ] } },
{ "type": "Feature", "properties": { "type": "mixed", "area_sqm": 199.62460637337108, "waste_kg_day": 1.2 }, "geometry": { "type": "Point", "coordinates": [ 77.664495774608952, 12.926816719473919 ] } },
{ "type": "Feature", "properties": { "type": "commercial", "area_sqm": 2495.3075796671383, "waste_kg_day": 2.5 }, "geometry": { "type": "Point", "coordinates": [ 77.664943703348854, 12.926565758059311 ] } },
{ "type": "Feature", "properties": { "type": "commercial", "area_sqm": 374.29613695007077, "waste_kg_day": 2.5 }, "geometry": { "type": "Point", "coordinates": [ 77.663655472380256, 12.926714575344979 ] } },
{ "type": "Feature", "properties": { "type": "mixed", "area_sqm": 274.48383376338523, "waste_kg_day": 1.2 }, "geometry": { "type": "Point", "coordinates": [ 77.663943708829379, 12.92647002589759 ] } },
{ "type": "Feature", "properties": { "type": "commercial", "area_sqm": 524.01459173009903, "waste_kg_day": 2.5 }, "geometry": { "type": "Point", "coordinates": [ 77.663210941819685, 12.926331561489224 ] } },
{ "type": "Feature", "properties": { "type": "commercial", "area_sqm": 1372.4191688169262, "waste_kg_day": 2.5 }, "geometry": { "type": "Point", "coordinates": [ 77.665329948643361, 12.926248792694631 ] } },
{ "type": "Feature", "properties": { "type": "commercial", "area_sqm": 2769.7914134305238, "waste_kg_day": 2.5 }, "geometry": { "type": "Point", "coordinates": [ 77.6672256338735, 12.926153659193238 ] } },
{ "type": "Feature", "properties": { "type": "commercial", "area_sqm": 5265.0989930976621, "waste_kg_day": 2.5 }, "geometry": { "type": "Point", "coordinates": [ 77.664977279524109, 12.925348267321006 ] } },
{ "type": "Feature", "properties": { "type": "commercial", "area_sqm": 324.389985356728, "waste_kg_day": 2.5 }, "geometry": { "type": "Point", "coordinates": [ 77.665367010401994, 12.925747389162808 ] } },
{ "type": "Feature", "properties": { "type": "commercial", "area_sqm": 4316.8821128241498, "waste_kg_day": 2.5 }, "geometry": { "type": "Point", "coordinates": [ 77.666096748574304, 12.925555680578999 ] } },
{ "type": "Feature", "properties": { "type": "mixed", "area_sqm": 249.53075796671385, "waste_kg_day": 1.2 }, "geometry": { "type": "Point", "coordinates": [ 77.667216587219471, 12.925848214192948 ] } },
{ "type": "Feature", "properties": { "type": "residential", "area_sqm": 274.48383376338523, "waste_kg_day": 480.38819247877132 }, "geometry": { "type": "Point", "coordinates": [ 77.663867634693247, 12.925648534960128 ] } },
{ "type": "Feature", "properties": { "type": "commercial", "area_sqm": 698.68612230679878, "waste_kg_day": 2.5 }, "geometry": { "type": "Point", "coordinates": [ 77.666965542570225, 12.925599297791139 ] } },
{ "type": "Feature", "properties": { "type": "commercial", "area_sqm": 199.62460637337108, "waste_kg_day": 2.5 }, "geometry": { "type": "Point", "coordinates": [ 77.667447873725024, 12.925692761266786 ] } },
{ "type": "Feature", "properties": { "type": "commercial", "area_sqm": 573.92074332344191, "waste_kg_day": 2.5 }, "geometry": { "type": "Point", "coordinates": [ 77.667794272893801, 12.925526708172374 ] } },
{ "type": "Feature", "properties": { "type": "commercial", "area_sqm": 823.45150129015565, "waste_kg_day": 2.5 }, "geometry": { "type": "Point", "coordinates": [ 77.665307408158583, 12.925418083707045 ] } },
{ "type": "Feature", "properties": { "type": "commercial", "area_sqm": 823.45150129015565, "waste_kg_day": 2.5 }, "geometry": { "type": "Point", "coordinates": [ 77.666941593305154, 12.925324547610206 ] } },
{ "type": "Feature", "properties": { "type": "commercial", "area_sqm": 524.01459173009903, "waste_kg_day": 2.5 }, "geometry": { "type": "Point", "coordinates": [ 77.663233079795816, 12.925298403980655 ] } },
{ "type": "Feature", "properties": { "type": "commercial", "area_sqm": 1097.9353350535409, "waste_kg_day": 2.5 }, "geometry": { "type": "Point", "coordinates": [ 77.664343098044071, 12.92527032378595 ] } },
{ "type": "Feature", "properties": { "type": "mixed", "area_sqm": 299.43690956005662, "waste_kg_day": 1.2 }, "geometry": { "type": "Point", "coordinates": [ 77.667380076173146, 12.925336747970663 ] } },
{ "type": "Feature", "properties": { "type": "commercial", "area_sqm": 773.54534969681299, "waste_kg_day": 2.5 }, "geometry": { "type": "Point", "coordinates": [ 77.665842290226848, 12.92496636426789 ] } },
{ "type": "Feature", "properties": { "type": "commercial", "area_sqm": 449.15536434008493, "waste_kg_day": 2.5 }, "geometry": { "type": "Point", "coordinates": [ 77.666312103308314, 12.924921709782511 ] } },
{ "type": "Feature", "properties": { "type": "commercial", "area_sqm": 324.389985356728, "waste_kg_day": 2.5 }, "geometry": { "type": "Point", "coordinates": [ 77.666940509627992, 12.925079810464963 ] } },
{ "type": "Feature", "properties": { "type": "commercial", "area_sqm": 1397.3722446135976, "waste_kg_day": 2.5 }, "geometry": { "type": "Point", "coordinates": [ 77.66753338165779, 12.925012954277255 ] } },
{ "type": "Feature", "properties": { "type": "commercial", "area_sqm": 948.21688027351263, "waste_kg_day": 2.5 }, "geometry": { "type": "Point", "coordinates": [ 77.666894584530965, 12.924780704057071 ] } },
{ "type": "Feature", "properties": { "type": "mixed", "area_sqm": 224.57768217004246, "waste_kg_day": 1.2 }, "geometry": { "type": "Point", "coordinates": [ 77.666097733906184, 12.92484466676555 ] } },
{ "type": "Feature", "properties": { "type": "commercial", "area_sqm": 2495.3075796671383, "waste_kg_day": 2.5 }, "geometry": { "type": "Point", "coordinates": [ 77.665284008317812, 12.924305763288192 ] } },
{ "type": "Feature", "properties": { "type": "commercial", "area_sqm": 249.53075796671385, "waste_kg_day": 2.5 }, "geometry": { "type": "Point", "coordinates": [ 77.665770755998849, 12.924559856128651 ] } },
{ "type": "Feature", "properties": { "type": "commercial", "area_sqm": 2744.8383376338525, "waste_kg_day": 2.5 }, "geometry": { "type": "Point", "coordinates": [ 77.666036592841223, 12.924256067153262 ] } },
{ "type": "Feature", "properties": { "type": "commercial", "area_sqm": 324.389985356728, "waste_kg_day": 2.5 }, "geometry": { "type": "Point", "coordinates": [ 77.666625809782801, 12.924508583331754 ] } },
{ "type": "Feature", "properties": { "type": "commercial", "area_sqm": 2295.6829732937676, "waste_kg_day": 2.5 }, "geometry": { "type": "Point", "coordinates": [ 77.664156955290693, 12.924126318972052 ] } },
{ "type": "Feature", "properties": { "type": "commercial", "area_sqm": 199.62460637337108, "waste_kg_day": 2.5 }, "geometry": { "type": "Point", "coordinates": [ 77.648950764499773, 12.924412231767118 ] } },
{ "type": "Feature", "properties": { "type": "mixed", "area_sqm": 224.57768217004246, "waste_kg_day": 1.2 }, "geometry": { "type": "Point", "coordinates": [ 77.667074018653238, 12.924337674008767 ] } },
{ "type": "Feature", "properties": { "type": "commercial", "area_sqm": 349.34306115339939, "waste_kg_day": 2.5 }, "geometry": { "type": "Point", "coordinates": [ 77.647994403931236, 12.924214121152071 ] } },
{ "type": "Feature", "properties": { "type": "commercial", "area_sqm": 723.63919810347011, "waste_kg_day": 2.5 }, "geometry": { "type": "Point", "coordinates": [ 77.66337461016731, 12.924134568391191 ] } },
{ "type": "Feature", "properties": { "type": "commercial", "area_sqm": 723.63919810347011, "waste_kg_day": 2.5 }, "geometry": { "type": "Point", "coordinates": [ 77.663684007468092, 12.924116057499463 ] } },
{ "type": "Feature", "properties": { "type": "commercial", "area_sqm": 274.48383376338523, "waste_kg_day": 2.5 }, "geometry": { "type": "Point", "coordinates": [ 77.666762678207206, 12.924200758852523 ] } },
{ "type": "Feature", "properties": { "type": "mixed", "area_sqm": 249.53075796671385, "waste_kg_day": 1.2 }, "geometry": { "type": "Point", "coordinates": [ 77.664529479677597, 12.924108036113047 ] } },
{ "type": "Feature", "properties": { "type": "commercial", "area_sqm": 324.389985356728, "waste_kg_day": 2.5 }, "geometry": { "type": "Point", "coordinates": [ 77.648058518915931, 12.92410941256397 ] } },
{ "type": "Feature", "properties": { "type": "commercial", "area_sqm": 424.20228854341354, "waste_kg_day": 2.5 }, "geometry": { "type": "Point", "coordinates": [ 77.664657463224273, 12.923980673918782 ] } },
{ "type": "Feature", "properties": { "type": "residential", "area_sqm": 199.62460637337108, "waste_kg_day": 349.37323089365179 }, "geometry": { "type": "Point", "coordinates": [ 77.666500645071636, 12.924054354527035 ] } },
{ "type": "Feature", "properties": { "type": "commercial", "area_sqm": 3443.524459940651, "waste_kg_day": 2.5 }, "geometry": { "type": "Point", "coordinates": [ 77.646949010197858, 12.923623864513603 ] } },
{ "type": "Feature", "properties": { "type": "commercial", "area_sqm": 1596.9968509869686, "waste_kg_day": 2.5 }, "geometry": { "type": "Point", "coordinates": [ 77.645726264505626, 12.923885201612777 ] } },
{ "type": "Feature", "properties": { "type": "mixed", "area_sqm": 299.43690956005662, "waste_kg_day": 1.2 }, "geometry": { "type": "Point", "coordinates": [ 77.666779583570786, 12.923964885217014 ] } },
{ "type": "Feature", "properties": { "type": "commercial", "area_sqm": 2096.0583669203961, "waste_kg_day": 2.5 }, "geometry": { "type": "Point", "coordinates": [ 77.648392887501458, 12.923783283819889 ] } },
{ "type": "Feature", "properties": { "type": "mixed", "area_sqm": 199.62460637337108, "waste_kg_day": 1.2 }, "geometry": { "type": "Point", "coordinates": [ 77.650636017932172, 12.923897783234498 ] } },
{ "type": "Feature", "properties": { "type": "commercial", "area_sqm": 698.68612230679878, "waste_kg_day": 2.5 }, "geometry": { "type": "Point", "coordinates": [ 77.649063668178002, 12.923824290586982 ] } },
{ "type": "Feature", "properties": { "type": "commercial", "area_sqm": 4092.3044306541069, "waste_kg_day": 2.5 }, "geometry": { "type": "Point", "coordinates": [ 77.650364166285129, 12.923231400538217 ] } },
{ "type": "Feature", "properties": { "type": "commercial", "area_sqm": 748.59227390014155, "waste_kg_day": 2.5 }, "geometry": { "type": "Point", "coordinates": [ 77.6624947782921, 12.923790420062474 ] } },
{ "type": "Feature", "properties": { "type": "commercial", "area_sqm": 349.34306115339939, "waste_kg_day": 2.5 }, "geometry": { "type": "Point", "coordinates": [ 77.664916672879997, 12.923779555931972 ] } },
{ "type": "Feature", "properties": { "type": "commercial", "area_sqm": 2370.5422006837816, "waste_kg_day": 2.5 }, "geometry": { "type": "Point", "coordinates": [ 77.66310444650297, 12.923597590154824 ] } },
{ "type": "Feature", "properties": { "type": "mixed", "area_sqm": 249.53075796671385, "waste_kg_day": 1.2 }, "geometry": { "type": "Point", "coordinates": [ 77.664283084003344, 12.923794893527974 ] } },
{ "type": "Feature", "properties": { "type": "residential", "area_sqm": 274.48383376338523, "waste_kg_day": 480.38819247877132 }, "geometry": { "type": "Point", "coordinates": [ 77.666559813844188, 12.923777813023335 ] } },
{ "type": "Feature", "properties": { "type": "commercial", "area_sqm": 224.57768217004246, "waste_kg_day": 2.5 }, "geometry": { "type": "Point", "coordinates": [ 77.6655915121855, 12.923716359355845 ] } },
{ "type": "Feature", "properties": { "type": "mixed", "area_sqm": 249.53075796671385, "waste_kg_day": 1.2 }, "geometry": { "type": "Point", "coordinates": [ 77.6669422976953, 12.923736738476462 ] } },
{ "type": "Feature", "properties": { "type": "commercial", "area_sqm": 1696.8091541736542, "waste_kg_day": 2.5 }, "geometry": { "type": "Point", "coordinates": [ 77.646012338839554, 12.923482014087933 ] } },
{ "type": "Feature", "properties": { "type": "commercial", "area_sqm": 424.20228854341354, "waste_kg_day": 2.5 }, "geometry": { "type": "Point", "coordinates": [ 77.665259095281272, 12.923630691029585 ] } },
{ "type": "Feature", "properties": { "type": "commercial", "area_sqm": 1023.0761076635267, "waste_kg_day": 2.5 }, "geometry": { "type": "Point", "coordinates": [ 77.666395192712201, 12.923479350546781 ] } },
{ "type": "Feature", "properties": { "type": "commercial", "area_sqm": 948.21688027351263, "waste_kg_day": 2.5 }, "geometry": { "type": "Point", "coordinates": [ 77.647268569603554, 12.923445727773343 ] } },
{ "type": "Feature", "properties": { "type": "commercial", "area_sqm": 3792.8675210940505, "waste_kg_day": 2.5 }, "geometry": { "type": "Point", "coordinates": [ 77.664682651169244, 12.923021925778508 ] } },
{ "type": "Feature", "properties": { "type": "commercial", "area_sqm": 1297.559941426912, "waste_kg_day": 2.5 }, "geometry": { "type": "Point", "coordinates": [ 77.649309271993872, 12.923379033292745 ] } },
{ "type": "Feature", "properties": { "type": "mixed", "area_sqm": 199.62460637337108, "waste_kg_day": 1.2 }, "geometry": { "type": "Point", "coordinates": [ 77.64958999856033, 12.923551089658169 ] } },
{ "type": "Feature", "properties": { "type": "commercial", "area_sqm": 524.01459173009903, "waste_kg_day": 2.5 }, "geometry": { "type": "Point", "coordinates": [ 77.64992815614562, 12.923500496893574 ] } },
{ "type": "Feature", "properties": { "type": "commercial", "area_sqm": 1422.3253204102689, "waste_kg_day": 2.5 }, "geometry": { "type": "Point", "coordinates": [ 77.66586039149901, 12.92339824625355 ] } },
{ "type": "Feature", "properties": { "type": "commercial", "area_sqm": 1372.4191688169262, "waste_kg_day": 2.5 }, "geometry": { "type": "Point", "coordinates": [ 77.651092251431919, 12.922925414506048 ] } },
{ "type": "Feature", "properties": { "type": "commercial", "area_sqm": 598.87381912011324, "waste_kg_day": 2.5 }, "geometry": { "type": "Point", "coordinates": [ 77.663965016631394, 12.923347919766664 ] } },
{ "type": "Feature", "properties": { "type": "mixed", "area_sqm": 199.62460637337108, "waste_kg_day": 1.2 }, "geometry": { "type": "Point", "coordinates": [ 77.648288285564277, 12.923349783710623 ] } },
{ "type": "Feature", "properties": { "type": "commercial", "area_sqm": 1297.559941426912, "waste_kg_day": 2.5 }, "geometry": { "type": "Point", "coordinates": [ 77.663495797970157, 12.923077934653252 ] } },
{ "type": "Feature", "properties": { "type": "mixed", "area_sqm": 249.53075796671385, "waste_kg_day": 1.2 }, "geometry": { "type": "Point", "coordinates": [ 77.648648581125684, 12.923316232719365 ] } },
{ "type": "Feature", "properties": { "type": "commercial", "area_sqm": 1097.9353350535409, "waste_kg_day": 2.5 }, "geometry": { "type": "Point", "coordinates": [ 77.645354148397018, 12.923118993558639 ] } },
{ "type": "Feature", "properties": { "type": "commercial", "area_sqm": 449.15536434008493, "waste_kg_day": 2.5 }, "geometry": { "type": "Point", "coordinates": [ 77.649066988874424, 12.92319196978878 ] } },
{ "type": "Feature", "properties": { "type": "mixed", "area_sqm": 224.57768217004246, "waste_kg_day": 1.2 }, "geometry": { "type": "Point", "coordinates": [ 77.647155743602426, 12.923169602461275 ] } },
{ "type": "Feature", "properties": { "type": "commercial", "area_sqm": 1048.0291834601981, "waste_kg_day": 2.5 }, "geometry": { "type": "Point", "coordinates": [ 77.649821893860235, 12.923055280565139 ] } },
{ "type": "Feature", "properties": { "type": "commercial", "area_sqm": 2769.7914134305238, "waste_kg_day": 2.5 }, "geometry": { "type": "Point", "coordinates": [ 77.646303571130531, 12.922647429476216 ] } },
{ "type": "Feature", "properties": { "type": "commercial", "area_sqm": 374.29613695007077, "waste_kg_day": 2.5 }, "geometry": { "type": "Point", "coordinates": [ 77.647408854462768, 12.923114926771818 ] } },
{ "type": "Feature", "properties": { "type": "commercial", "area_sqm": 1023.0761076635267, "waste_kg_day": 2.5 }, "geometry": { "type": "Point", "coordinates": [ 77.640164768724546, 12.922895617853353 ] } },
{ "type": "Feature", "properties": { "type": "commercial", "area_sqm": 324.389985356728, "waste_kg_day": 2.5 }, "geometry": { "type": "Point", "coordinates": [ 77.649045532066793, 12.922987605061405 ] } },
{ "type": "Feature", "properties": { "type": "commercial", "area_sqm": 349.34306115339939, "waste_kg_day": 2.5 }, "geometry": { "type": "Point", "coordinates": [ 77.662907651546803, 12.922987113471789 ] } },
{ "type": "Feature", "properties": { "type": "commercial", "area_sqm": 524.01459173009903, "waste_kg_day": 2.5 }, "geometry": { "type": "Point", "coordinates": [ 77.646782349738473, 12.922803914408414 ] } },
{ "type": "Feature", "properties": { "type": "commercial", "area_sqm": 524.01459173009903, "waste_kg_day": 2.5 }, "geometry": { "type": "Point", "coordinates": [ 77.64756824789086, 12.922893383718435 ] } },
{ "type": "Feature", "properties": { "type": "commercial", "area_sqm": 598.87381912011324, "waste_kg_day": 2.5 }, "geometry": { "type": "Point", "coordinates": [ 77.648729938187941, 12.922855838561551 ] } },
{ "type": "Feature", "properties": { "type": "commercial", "area_sqm": 848.40457708682709, "waste_kg_day": 2.5 }, "geometry": { "type": "Point", "coordinates": [ 77.666183420896118, 12.922912305099125 ] } },
{ "type": "Feature", "properties": { "type": "mixed", "area_sqm": 299.43690956005662, "waste_kg_day": 1.2 }, "geometry": { "type": "Point", "coordinates": [ 77.649241325436392, 12.922790600522994 ] } },
{ "type": "Feature", "properties": { "type": "commercial", "area_sqm": 224.57768217004246, "waste_kg_day": 2.5 }, "geometry": { "type": "Point", "coordinates": [ 77.663819736163092, 12.922921076600108 ] } },
{ "type": "Feature", "properties": { "type": "commercial", "area_sqm": 1447.2783962069402, "waste_kg_day": 2.5 }, "geometry": { "type": "Point", "coordinates": [ 77.648278266221638, 12.922615903982308 ] } },
{ "type": "Feature", "properties": { "type": "commercial", "area_sqm": 349.34306115339939, "waste_kg_day": 2.5 }, "geometry": { "type": "Point", "coordinates": [ 77.664113064346722, 12.92282095618175 ] } },
{ "type": "Feature", "properties": { "type": "mixed", "area_sqm": 274.48383376338523, "waste_kg_day": 1.2 }, "geometry": { "type": "Point", "coordinates": [ 77.665532813006379, 12.922826184907661 ] } },
{ "type": "Feature", "properties": { "type": "commercial", "area_sqm": 1821.574533157011, "waste_kg_day": 2.5 }, "geometry": { "type": "Point", "coordinates": [ 77.662597416621125, 12.922497833654074 ] } },
{ "type": "Feature", "properties": { "type": "commercial", "area_sqm": 1821.574533157011, "waste_kg_day": 2.5 }, "geometry": { "type": "Point", "coordinates": [ 77.665515444482153, 12.922329312693419 ] } },
{ "type": "Feature", "properties": { "type": "commercial", "area_sqm": 573.92074332344191, "waste_kg_day": 2.5 }, "geometry": { "type": "Point", "coordinates": [ 77.647031546347975, 12.922679250131718 ] } },
{ "type": "Feature", "properties": { "type": "mixed", "area_sqm": 274.48383376338523, "waste_kg_day": 1.2 }, "geometry": { "type": "Point", "coordinates": [ 77.663436547921819, 12.922626912353525 ] } },
{ "type": "Feature", "properties": { "type": "mixed", "area_sqm": 249.53075796671385, "waste_kg_day": 1.2 }, "geometry": { "type": "Point", "coordinates": [ 77.647560720978987, 12.922613898635703 ] } },
{ "type": "Feature", "properties": { "type": "mixed", "area_sqm": 199.62460637337108, "waste_kg_day": 1.2 }, "geometry": { "type": "Point", "coordinates": [ 77.661956272022891, 12.92257251907982 ] } },
{ "type": "Feature", "properties": { "type": "commercial", "area_sqm": 723.63919810347011, "waste_kg_day": 2.5 }, "geometry": { "type": "Point", "coordinates": [ 77.639937363858962, 12.922417683183383 ] } },
{ "type": "Feature", "properties": { "type": "commercial", "area_sqm": 324.389985356728, "waste_kg_day": 2.5 }, "geometry": { "type": "Point", "coordinates": [ 77.649006194586136, 12.922571228657079 ] } },
{ "type": "Feature", "properties": { "type": "commercial", "area_sqm": 823.45150129015565, "waste_kg_day": 2.5 }, "geometry": { "type": "Point", "coordinates": [ 77.665334174984253, 12.922500841962131 ] } },
{ "type": "Feature", "properties": { "type": "commercial", "area_sqm": 1097.9353350535409, "waste_kg_day": 2.5 }, "geometry": { "type": "Point", "coordinates": [ 77.647195776442587, 12.922378838357558 ] } },
{ "type": "Feature", "properties": { "type": "commercial", "area_sqm": 1347.4660930202549, "waste_kg_day": 2.5 }, "geometry": { "type": "Point", "coordinates": [ 77.649238312211864, 12.922314673498857 ] } },
{ "type": "Feature", "properties": { "type": "commercial", "area_sqm": 1172.7945624435552, "waste_kg_day": 2.5 }, "geometry": { "type": "Point", "coordinates": [ 77.6498622603401, 12.92241249750804 ] } },
{ "type": "Feature", "properties": { "type": "commercial", "area_sqm": 948.21688027351263, "waste_kg_day": 2.5 }, "geometry": { "type": "Point", "coordinates": [ 77.66462392727469, 12.92235326040888 ] } },
{ "type": "Feature", "properties": { "type": "commercial", "area_sqm": 598.87381912011324, "waste_kg_day": 2.5 }, "geometry": { "type": "Point", "coordinates": [ 77.664125793682999, 12.922360029468519 ] } },
{ "type": "Feature", "properties": { "type": "commercial", "area_sqm": 798.49842549348432, "waste_kg_day": 2.5 }, "geometry": { "type": "Point", "coordinates": [ 77.646603032131878, 12.922304111149757 ] } },
{ "type": "Feature", "properties": { "type": "commercial", "area_sqm": 548.96766752677047, "waste_kg_day": 2.5 }, "geometry": { "type": "Point", "coordinates": [ 77.662223588084586, 12.922399172291653 ] } },
{ "type": "Feature", "properties": { "type": "commercial", "area_sqm": 673.73304651012745, "waste_kg_day": 2.5 }, "geometry": { "type": "Point", "coordinates": [ 77.650296384481805, 12.922264968326623 ] } },
{ "type": "Feature", "properties": { "type": "commercial", "area_sqm": 948.21688027351263, "waste_kg_day": 2.5 }, "geometry": { "type": "Point", "coordinates": [ 77.650922908625375, 12.922189625749764 ] } },
{ "type": "Feature", "properties": { "type": "mixed", "area_sqm": 274.48383376338523, "waste_kg_day": 1.2 }, "geometry": { "type": "Point", "coordinates": [ 77.663068856263848, 12.922293435834357 ] } },
{ "type": "Feature", "properties": { "type": "commercial", "area_sqm": 948.21688027351263, "waste_kg_day": 2.5 }, "geometry": { "type": "Point", "coordinates": [ 77.645742971759489, 12.9221401821837 ] } },
{ "type": "Feature", "properties": { "type": "commercial", "area_sqm": 673.73304651012745, "waste_kg_day": 2.5 }, "geometry": { "type": "Point", "coordinates": [ 77.64792885092416, 12.922221890510688 ] } },
{ "type": "Feature", "properties": { "type": "commercial", "area_sqm": 823.45150129015565, "waste_kg_day": 2.5 }, "geometry": { "type": "Point", "coordinates": [ 77.66343373036122, 12.922118564001135 ] } },
{ "type": "Feature", "properties": { "type": "commercial", "area_sqm": 1596.9968509869686, "waste_kg_day": 2.5 }, "geometry": { "type": "Point", "coordinates": [ 77.646145398656699, 12.921876336011222 ] } },
{ "type": "Feature", "properties": { "type": "commercial", "area_sqm": 424.20228854341354, "waste_kg_day": 2.5 }, "geometry": { "type": "Point", "coordinates": [ 77.649966702268756, 12.922080766805992 ] } },
{ "type": "Feature", "properties": { "type": "commercial", "area_sqm": 424.20228854341354, "waste_kg_day": 2.5 }, "geometry": { "type": "Point", "coordinates": [ 77.662286485981454, 12.92210181840835 ] } },
{ "type": "Feature", "properties": { "type": "mixed", "area_sqm": 224.57768217004246, "waste_kg_day": 1.2 }, "geometry": { "type": "Point", "coordinates": [ 77.663824901690845, 12.922165557982156 ] } },
{ "type": "Feature", "properties": { "type": "mixed", "area_sqm": 199.62460637337108, "waste_kg_day": 1.2 }, "geometry": { "type": "Point", "coordinates": [ 77.648817106468925, 12.922125172529716 ] } },
{ "type": "Feature", "properties": { "type": "mixed", "area_sqm": 224.57768217004246, "waste_kg_day": 1.2 }, "geometry": { "type": "Point", "coordinates": [ 77.646938791436412, 12.922026383499901 ] } },
{ "type": "Feature", "properties": { "type": "commercial", "area_sqm": 2320.636049090439, "waste_kg_day": 2.5 }, "geometry": { "type": "Point", "coordinates": [ 77.647345868350058, 12.921607416999752 ] } },
{ "type": "Feature", "properties": { "type": "mixed", "area_sqm": 199.62460637337108, "waste_kg_day": 1.2 }, "geometry": { "type": "Point", "coordinates": [ 77.663955331266848, 12.922069254210953 ] } },
{ "type": "Feature", "properties": { "type": "commercial", "area_sqm": 598.87381912011324, "waste_kg_day": 2.5 }, "geometry": { "type": "Point", "coordinates": [ 77.650608898911415, 12.921959281517386 ] } },
{ "type": "Feature", "properties": { "type": "mixed", "area_sqm": 199.62460637337108, "waste_kg_day": 1.2 }, "geometry": { "type": "Point", "coordinates": [ 77.66248509292754, 12.921946233909676 ] } },
{ "type": "Feature", "properties": { "type": "commercial", "area_sqm": 499.0615159334277, "waste_kg_day": 2.5 }, "geometry": { "type": "Point", "coordinates": [ 77.663030185244637, 12.92190261762104 ] } },
{ "type": "Feature", "properties": { "type": "commercial", "area_sqm": 3618.1959905173508, "waste_kg_day": 2.5 }, "geometry": { "type": "Point", "coordinates": [ 77.664393216617668, 12.921594565531194 ] } },
{ "type": "Feature", "properties": { "type": "mixed", "area_sqm": 199.62460637337108, "waste_kg_day": 1.2 }, "geometry": { "type": "Point", "coordinates": [ 77.66549530423093, 12.922002152228439 ] } },
{ "type": "Feature", "properties": { "type": "commercial", "area_sqm": 249.53075796671385, "waste_kg_day": 2.5 }, "geometry": { "type": "Point", "coordinates": [ 77.66270708148312, 12.921848936035028 ] } },
{ "type": "Feature", "properties": { "type": "commercial", "area_sqm": 748.59227390014155, "waste_kg_day": 2.5 }, "geometry": { "type": "Point", "coordinates": [ 77.639414167145318, 12.921492549950113 ] } },
{ "type": "Feature", "properties": { "type": "commercial", "area_sqm": 2021.1991395303821, "waste_kg_day": 2.5 }, "geometry": { "type": "Point", "coordinates": [ 77.649422836342481, 12.921683970091181 ] } },
{ "type": "Feature", "properties": { "type": "commercial", "area_sqm": 1596.9968509869686, "waste_kg_day": 2.5 }, "geometry": { "type": "Point", "coordinates": [ 77.648230899779293, 12.921765198352681 ] } },
{ "type": "Feature", "properties": { "type": "commercial", "area_sqm": 374.29613695007077, "waste_kg_day": 2.5 }, "geometry": { "type": "Point", "coordinates": [ 77.648806646275204, 12.921835515638525 ] } },
{ "type": "Feature", "properties": { "type": "commercial", "area_sqm": 424.20228854341354, "waste_kg_day": 2.5 }, "geometry": { "type": "Point", "coordinates": [ 77.665220809604918, 12.921807095975341 ] } },
{ "type": "Feature", "properties": { "type": "mixed", "area_sqm": 274.48383376338523, "waste_kg_day": 1.2 }, "geometry": { "type": "Point", "coordinates": [ 77.644878685046194, 12.921732219253318 ] } },
{ "type": "Feature", "properties": { "type": "commercial", "area_sqm": 2595.119882853824, "waste_kg_day": 2.5 }, "geometry": { "type": "Point", "coordinates": [ 77.645535555952421, 12.921267041407162 ] } },
{ "type": "Feature", "properties": { "type": "commercial", "area_sqm": 524.01459173009903, "waste_kg_day": 2.5 }, "geometry": { "type": "Point", "coordinates": [ 77.64767008258103, 12.921696199141493 ] } },
{ "type": "Feature", "properties": { "type": "mixed", "area_sqm": 224.57768217004246, "waste_kg_day": 1.2 }, "geometry": { "type": "Point", "coordinates": [ 77.663799074052037, 12.921797739707626 ] } },
{ "type": "Feature", "properties": { "type": "commercial", "area_sqm": 898.31072868016986, "waste_kg_day": 2.5 }, "geometry": { "type": "Point", "coordinates": [ 77.650933035778493, 12.921439862467544 ] } },
{ "type": "Feature", "properties": { "type": "commercial", "area_sqm": 773.54534969681299, "waste_kg_day": 2.5 }, "geometry": { "type": "Point", "coordinates": [ 77.646568539736819, 12.921578074914207 ] } },
{ "type": "Feature", "properties": { "type": "mixed", "area_sqm": 199.62460637337108, "waste_kg_day": 1.2 }, "geometry": { "type": "Point", "coordinates": [ 77.650734808650625, 12.921733744298376 ] } },
{ "type": "Feature", "properties": { "type": "commercial", "area_sqm": 923.26380447684119, "waste_kg_day": 2.5 }, "geometry": { "type": "Point", "coordinates": [ 77.644936940015299, 12.921394456121018 ] } },
{ "type": "Feature", "properties": { "type": "commercial", "area_sqm": 224.57768217004246, "waste_kg_day": 2.5 }, "geometry": { "type": "Point", "coordinates": [ 77.647000777769563, 12.921628742122033 ] } },
{ "type": "Feature", "properties": { "type": "commercial", "area_sqm": 449.15536434008493, "waste_kg_day": 2.5 }, "geometry": { "type": "Point", "coordinates": [ 77.639500431458941, 12.921415009881429 ] } },
{ "type": "Feature", "properties": { "type": "mixed", "area_sqm": 199.62460637337108, "waste_kg_day": 1.2 }, "geometry": { "type": "Point", "coordinates": [ 77.647137664255254, 12.921616315828974 ] } },
{ "type": "Feature", "properties": { "type": "commercial", "area_sqm": 399.24921274674216, "waste_kg_day": 2.5 }, "geometry": { "type": "Point", "coordinates": [ 77.649043743999485, 12.921510071023325 ] } },
{ "type": "Feature", "properties": { "type": "commercial", "area_sqm": 249.53075796671385, "waste_kg_day": 2.5 }, "geometry": { "type": "Point", "coordinates": [ 77.64816973670213, 12.921441850674434 ] } },
{ "type": "Feature", "properties": { "type": "commercial", "area_sqm": 224.57768217004246, "waste_kg_day": 2.5 }, "geometry": { "type": "Point", "coordinates": [ 77.663871391440708, 12.921355363674747 ] } },
{ "type": "Feature", "properties": { "type": "commercial", "area_sqm": 324.389985356728, "waste_kg_day": 2.5 }, "geometry": { "type": "Point", "coordinates": [ 77.647922625800959, 12.921359951844492 ] } },
{ "type": "Feature", "properties": { "type": "commercial", "area_sqm": 698.68612230679878, "waste_kg_day": 2.5 }, "geometry": { "type": "Point", "coordinates": [ 77.646186284731357, 12.921295184912651 ] } },
{ "type": "Feature", "properties": { "type": "commercial", "area_sqm": 474.10844013675631, "waste_kg_day": 2.5 }, "geometry": { "type": "Point", "coordinates": [ 77.646634840908092, 12.921342021760095 ] } },
{ "type": "Feature", "properties": { "type": "commercial", "area_sqm": 998.1230318668554, "waste_kg_day": 2.5 }, "geometry": { "type": "Point", "coordinates": [ 77.648955413474752, 12.921211467201131 ] } },
{ "type": "Feature", "properties": { "type": "commercial", "area_sqm": 1122.8884108502123, "waste_kg_day": 2.5 }, "geometry": { "type": "Point", "coordinates": [ 77.650363536342709, 12.921250982813056 ] } },
{ "type": "Feature", "properties": { "type": "residential", "area_sqm": 274.48383376338523, "waste_kg_day": 480.38819247877132 }, "geometry": { "type": "Point", "coordinates": [ 77.66481856139491, 12.921256405195482 ] } },
{ "type": "Feature", "properties": { "type": "mixed", "area_sqm": 224.57768217004246, "waste_kg_day": 1.2 }, "geometry": { "type": "Point", "coordinates": [ 77.649227120235039, 12.921091926261909 ] } },
{ "type": "Feature", "properties": { "type": "commercial", "area_sqm": 623.82689491678457, "waste_kg_day": 2.5 }, "geometry": { "type": "Point", "coordinates": [ 77.645868494084098, 12.921005240441534 ] } },
{ "type": "Feature", "properties": { "type": "commercial", "area_sqm": 299.43690956005662, "waste_kg_day": 2.5 }, "geometry": { "type": "Point", "coordinates": [ 77.647761401732538, 12.921038493201758 ] } },
{ "type": "Feature", "properties": { "type": "commercial", "area_sqm": 1272.6068656302407, "waste_kg_day": 2.5 }, "geometry": { "type": "Point", "coordinates": [ 77.649463519093814, 12.920814162064133 ] } },
{ "type": "Feature", "properties": { "type": "commercial", "area_sqm": 873.35765288349853, "waste_kg_day": 2.5 }, "geometry": { "type": "Point", "coordinates": [ 77.646838137438309, 12.92090247854831 ] } },
{ "type": "Feature", "properties": { "type": "commercial", "area_sqm": 424.20228854341354, "waste_kg_day": 2.5 }, "geometry": { "type": "Point", "coordinates": [ 77.644792666578539, 12.920949243179262 ] } },
{ "type": "Feature", "properties": { "type": "commercial", "area_sqm": 698.68612230679878, "waste_kg_day": 2.5 }, "geometry": { "type": "Point", "coordinates": [ 77.650765525092496, 12.92098683532633 ] } },
{ "type": "Feature", "properties": { "type": "commercial", "area_sqm": 1347.4660930202549, "waste_kg_day": 2.5 }, "geometry": { "type": "Point", "coordinates": [ 77.644041791283158, 12.920626354481987 ] } },
{ "type": "Feature", "properties": { "type": "commercial", "area_sqm": 1048.0291834601981, "waste_kg_day": 2.5 }, "geometry": { "type": "Point", "coordinates": [ 77.650252477495826, 12.920892040462141 ] } },
{ "type": "Feature", "properties": { "type": "commercial", "area_sqm": 199.62460637337108, "waste_kg_day": 2.5 }, "geometry": { "type": "Point", "coordinates": [ 77.639466855528482, 12.920878194021304 ] } },
{ "type": "Feature", "properties": { "type": "commercial", "area_sqm": 598.87381912011324, "waste_kg_day": 2.5 }, "geometry": { "type": "Point", "coordinates": [ 77.64491584162657, 12.920708575121058 ] } },
{ "type": "Feature", "properties": { "type": "commercial", "area_sqm": 1447.2783962069402, "waste_kg_day": 2.5 }, "geometry": { "type": "Point", "coordinates": [ 77.647353280508923, 12.920695398965487 ] } },
{ "type": "Feature", "properties": { "type": "commercial", "area_sqm": 623.82689491678457, "waste_kg_day": 2.5 }, "geometry": { "type": "Point", "coordinates": [ 77.651590452496777, 12.920803039800887 ] } },
{ "type": "Feature", "properties": { "type": "mixed", "area_sqm": 199.62460637337108, "waste_kg_day": 1.2 }, "geometry": { "type": "Point", "coordinates": [ 77.639158860935666, 12.920816683870665 ] } },
{ "type": "Feature", "properties": { "type": "commercial", "area_sqm": 673.73304651012745, "waste_kg_day": 2.5 }, "geometry": { "type": "Point", "coordinates": [ 77.648376529996881, 12.920748960573498 ] } },
{ "type": "Feature", "properties": { "type": "commercial", "area_sqm": 324.389985356728, "waste_kg_day": 2.5 }, "geometry": { "type": "Point", "coordinates": [ 77.648605667510438, 12.920833459366294 ] } },
{ "type": "Feature", "properties": { "type": "residential", "area_sqm": 199.62460637337108, "waste_kg_day": 349.37323089365179 }, "geometry": { "type": "Point", "coordinates": [ 77.641274144554259, 12.920827867534419 ] } },
{ "type": "Feature", "properties": { "type": "commercial", "area_sqm": 1422.3253204102689, "waste_kg_day": 2.5 }, "geometry": { "type": "Point", "coordinates": [ 77.648818227932196, 12.920510898959115 ] } },
{ "type": "Feature", "properties": { "type": "mixed", "area_sqm": 274.48383376338523, "waste_kg_day": 1.2 }, "geometry": { "type": "Point", "coordinates": [ 77.650896994482508, 12.92080499185856 ] } },
{ "type": "Feature", "properties": { "type": "commercial", "area_sqm": 349.34306115339939, "waste_kg_day": 2.5 }, "geometry": { "type": "Point", "coordinates": [ 77.664192761060761, 12.920839850031296 ] } },
{ "type": "Feature", "properties": { "type": "commercial", "area_sqm": 224.57768217004246, "waste_kg_day": 2.5 }, "geometry": { "type": "Point", "coordinates": [ 77.651975181004502, 12.92075393109072 ] } },
{ "type": "Feature", "properties": { "type": "commercial", "area_sqm": 324.389985356728, "waste_kg_day": 2.5 }, "geometry": { "type": "Point", "coordinates": [ 77.64444304683073, 12.920630432855093 ] } },
{ "type": "Feature", "properties": { "type": "commercial", "area_sqm": 2170.9175943104105, "waste_kg_day": 2.5 }, "geometry": { "type": "Point", "coordinates": [ 77.647715045573918, 12.920382513476133 ] } },
{ "type": "Feature", "properties": { "type": "commercial", "area_sqm": 349.34306115339939, "waste_kg_day": 2.5 }, "geometry": { "type": "Point", "coordinates": [ 77.65270647214912, 12.920619372088744 ] } },
{ "type": "Feature", "properties": { "type": "commercial", "area_sqm": 399.24921274674216, "waste_kg_day": 2.5 }, "geometry": { "type": "Point", "coordinates": [ 77.663536923518109, 12.920718826812831 ] } },
{ "type": "Feature", "properties": { "type": "commercial", "area_sqm": 1023.0761076635267, "waste_kg_day": 2.5 }, "geometry": { "type": "Point", "coordinates": [ 77.66386660387839, 12.920548685099034 ] } },
{ "type": "Feature", "properties": { "type": "mixed", "area_sqm": 199.62460637337108, "waste_kg_day": 1.2 }, "geometry": { "type": "Point", "coordinates": [ 77.650810354494141, 12.920654520746252 ] } },
{ "type": "Feature", "properties": { "type": "commercial", "area_sqm": 1971.2929879370395, "waste_kg_day": 2.5 }, "geometry": { "type": "Point", "coordinates": [ 77.646408834442596, 12.920454630452346 ] } },
{ "type": "Feature", "properties": { "type": "mixed", "area_sqm": 249.53075796671385, "waste_kg_day": 1.2 }, "geometry": { "type": "Point", "coordinates": [ 77.648132544902253, 12.920538210643226 ] } },
{ "type": "Feature", "properties": { "type": "commercial", "area_sqm": 424.20228854341354, "waste_kg_day": 2.5 }, "geometry": { "type": "Point", "coordinates": [ 77.644089850948319, 12.920444004722675 ] } },
{ "type": "Feature", "properties": { "type": "commercial", "area_sqm": 274.48383376338523, "waste_kg_day": 2.5 }, "geometry": { "type": "Point", "coordinates": [ 77.638911091700621, 12.920337311374363 ] } },
{ "type": "Feature", "properties": { "type": "commercial", "area_sqm": 823.45150129015565, "waste_kg_day": 2.5 }, "geometry": { "type": "Point", "coordinates": [ 77.645540811786617, 12.920405091154681 ] } },
{ "type": "Feature", "properties": { "type": "commercial", "area_sqm": 1696.8091541736542, "waste_kg_day": 2.5 }, "geometry": { "type": "Point", "coordinates": [ 77.650083610316202, 12.920321642283971 ] } },
{ "type": "Feature", "properties": { "type": "commercial", "area_sqm": 948.21688027351263, "waste_kg_day": 2.5 }, "geometry": { "type": "Point", "coordinates": [ 77.651585999268107, 12.920355504894342 ] } },
{ "type": "Feature", "properties": { "type": "commercial", "area_sqm": 648.77997071345601, "waste_kg_day": 2.5 }, "geometry": { "type": "Point", "coordinates": [ 77.644768475079744, 12.920184806868646 ] } },
{ "type": "Feature", "properties": { "type": "mixed", "area_sqm": 199.62460637337108, "waste_kg_day": 1.2 }, "geometry": { "type": "Point", "coordinates": [ 77.646940082818361, 12.920425255639325 ] } },
{ "type": "Feature", "properties": { "type": "commercial", "area_sqm": 1097.9353350535409, "waste_kg_day": 2.5 }, "geometry": { "type": "Point", "coordinates": [ 77.650578962330073, 12.920213274376378 ] } },
{ "type": "Feature", "properties": { "type": "commercial", "area_sqm": 998.1230318668554, "waste_kg_day": 2.5 }, "geometry": { "type": "Point", "coordinates": [ 77.650960283937437, 12.920239606821033 ] } },
{ "type": "Feature", "properties": { "type": "mixed", "area_sqm": 274.48383376338523, "waste_kg_day": 1.2 }, "geometry": { "type": "Point", "coordinates": [ 77.652224065523953, 12.920406446750286 ] } },
{ "type": "Feature", "properties": { "type": "commercial", "area_sqm": 1572.0437751902973, "waste_kg_day": 2.5 }, "geometry": { "type": "Point", "coordinates": [ 77.652036429405115, 12.920036046388889 ] } },
{ "type": "Feature", "properties": { "type": "commercial", "area_sqm": 598.87381912011324, "waste_kg_day": 2.5 }, "geometry": { "type": "Point", "coordinates": [ 77.649369172248498, 12.92025190885116 ] } },
{ "type": "Feature", "properties": { "type": "commercial", "area_sqm": 1646.9030025803113, "waste_kg_day": 2.5 }, "geometry": { "type": "Point", "coordinates": [ 77.6531447034492, 12.920261398020404 ] } },
{ "type": "Feature", "properties": { "type": "commercial", "area_sqm": 998.1230318668554, "waste_kg_day": 2.5 }, "geometry": { "type": "Point", "coordinates": [ 77.651242709167832, 12.920039419239862 ] } },
{ "type": "Feature", "properties": { "type": "commercial", "area_sqm": 873.35765288349853, "waste_kg_day": 2.5 }, "geometry": { "type": "Point", "coordinates": [ 77.6634376346952, 12.920140711280135 ] } },
{ "type": "Feature", "properties": { "type": "mixed", "area_sqm": 249.53075796671385, "waste_kg_day": 1.2 }, "geometry": { "type": "Point", "coordinates": [ 77.644524940313175, 12.920157966075639 ] } },
{ "type": "Feature", "properties": { "type": "mixed", "area_sqm": 199.62460637337108, "waste_kg_day": 1.2 }, "geometry": { "type": "Point", "coordinates": [ 77.653756642391471, 12.920235133355531 ] } },
{ "type": "Feature", "properties": { "type": "commercial", "area_sqm": 524.01459173009903, "waste_kg_day": 2.5 }, "geometry": { "type": "Point", "coordinates": [ 77.645828202967564, 12.920117704886129 ] } },
{ "type": "Feature", "properties": { "type": "commercial", "area_sqm": 1372.4191688169262, "waste_kg_day": 2.5 }, "geometry": { "type": "Point", "coordinates": [ 77.64535457103112, 12.919903791899443 ] } },
{ "type": "Feature", "properties": { "type": "commercial", "area_sqm": 449.15536434008493, "waste_kg_day": 2.5 }, "geometry": { "type": "Point", "coordinates": [ 77.645590588690496, 12.920053088162225 ] } },
{ "type": "Feature", "properties": { "type": "commercial", "area_sqm": 623.82689491678457, "waste_kg_day": 2.5 }, "geometry": { "type": "Point", "coordinates": [ 77.646887549401015, 12.920108757955127 ] } },
{ "type": "Feature", "properties": { "type": "commercial", "area_sqm": 923.26380447684119, "waste_kg_day": 2.5 }, "geometry": { "type": "Point", "coordinates": [ 77.639000073310299, 12.919689703051707 ] } },
{ "type": "Feature", "properties": { "type": "commercial", "area_sqm": 499.0615159334277, "waste_kg_day": 2.5 }, "geometry": { "type": "Point", "coordinates": [ 77.648790374862756, 12.920081917162122 ] } },
{ "type": "Feature", "properties": { "type": "commercial", "area_sqm": 224.57768217004246, "waste_kg_day": 2.5 }, "geometry": { "type": "Point", "coordinates": [ 77.652491733780721, 12.920137586955024 ] } },
{ "type": "Feature", "properties": { "type": "commercial", "area_sqm": 948.21688027351263, "waste_kg_day": 2.5 }, "geometry": { "type": "Point", "coordinates": [ 77.653921497491297, 12.919991741515442 ] } },
{ "type": "Feature", "properties": { "type": "commercial", "area_sqm": 424.20228854341354, "waste_kg_day": 2.5 }, "geometry": { "type": "Point", "coordinates": [ 77.654831717856965, 12.920015078324635 ] } },
{ "type": "Feature", "properties": { "type": "commercial", "area_sqm": 249.53075796671385, "waste_kg_day": 2.5 }, "geometry": { "type": "Point", "coordinates": [ 77.646245061057968, 12.920037182507111 ] } },
{ "type": "Feature", "properties": { "type": "commercial", "area_sqm": 798.49842549348432, "waste_kg_day": 2.5 }, "geometry": { "type": "Point", "coordinates": [ 77.648546884797867, 12.91989123569514 ] } },
{ "type": "Feature", "properties": { "type": "commercial", "area_sqm": 224.57768217004246, "waste_kg_day": 2.5 }, "geometry": { "type": "Point", "coordinates": [ 77.649939963066217, 12.920023265058886 ] } },
{ "type": "Feature", "properties": { "type": "commercial", "area_sqm": 374.29613695007077, "waste_kg_day": 2.5 }, "geometry": { "type": "Point", "coordinates": [ 77.654435005324828, 12.919926837024752 ] } },
{ "type": "Feature", "properties": { "type": "commercial", "area_sqm": 1122.8884108502123, "waste_kg_day": 2.5 }, "geometry": { "type": "Point", "coordinates": [ 77.652680792096817, 12.919883096473187 ] } },
{ "type": "Feature", "properties": { "type": "commercial", "area_sqm": 424.20228854341354, "waste_kg_day": 2.5 }, "geometry": { "type": "Point", "coordinates": [ 77.653196372538389, 12.919857191306951 ] } },
{ "type": "Feature", "properties": { "type": "mixed", "area_sqm": 249.53075796671385, "waste_kg_day": 1.2 }, "geometry": { "type": "Point", "coordinates": [ 77.645817355359256, 12.91990297854208 ] } },
{ "type": "Feature", "properties": { "type": "commercial", "area_sqm": 1871.4806847503539, "waste_kg_day": 2.5 }, "geometry": { "type": "Point", "coordinates": [ 77.646678035594988, 12.919781300280452 ] } },
{ "type": "Feature", "properties": { "type": "commercial", "area_sqm": 1497.1845478002831, "waste_kg_day": 2.5 }, "geometry": { "type": "Point", "coordinates": [ 77.649654309380978, 12.919744916094377 ] } },
{ "type": "Feature", "properties": { "type": "commercial", "area_sqm": 823.45150129015565, "waste_kg_day": 2.5 }, "geometry": { "type": "Point", "coordinates": [ 77.647328553985744, 12.919697470248154 ] } },
{ "type": "Feature", "properties": { "type": "commercial", "area_sqm": 1097.9353350535409, "waste_kg_day": 2.5 }, "geometry": { "type": "Point", "coordinates": [ 77.644340883167132, 12.919789311850487 ] } },
{ "type": "Feature", "properties": { "type": "commercial", "area_sqm": 1921.3868363436966, "waste_kg_day": 2.5 }, "geometry": { "type": "Point", "coordinates": [ 77.647905952653915, 12.919610518472831 ] } },
{ "type": "Feature", "properties": { "type": "mixed", "area_sqm": 274.48383376338523, "waste_kg_day": 1.2 }, "geometry": { "type": "Point", "coordinates": [ 77.648297794831294, 12.919784228366963 ] } },
{ "type": "Feature", "properties": { "type": "mixed", "area_sqm": 224.57768217004246, "waste_kg_day": 1.2 }, "geometry": { "type": "Point", "coordinates": [ 77.650637309314106, 12.919814503335504 ] } },
{ "type": "Feature", "properties": { "type": "commercial", "area_sqm": 524.01459173009903, "waste_kg_day": 2.5 }, "geometry": { "type": "Point", "coordinates": [ 77.654386744536879, 12.919642665454354 ] } },
{ "type": "Feature", "properties": { "type": "mixed", "area_sqm": 249.53075796671385, "waste_kg_day": 1.2 }, "geometry": { "type": "Point", "coordinates": [ 77.643934520489964, 12.919585362491507 ] } },
{ "type": "Feature", "properties": { "type": "commercial", "area_sqm": 798.49842549348432, "waste_kg_day": 2.5 }, "geometry": { "type": "Point", "coordinates": [ 77.648940594866986, 12.919583684941944 ] } },
{ "type": "Feature", "properties": { "type": "commercial", "area_sqm": 2145.9645185137392, "waste_kg_day": 2.5 }, "geometry": { "type": "Point", "coordinates": [ 77.651360122815149, 12.919345251831592 ] } },
{ "type": "Feature", "properties": { "type": "commercial", "area_sqm": 1971.2929879370395, "waste_kg_day": 2.5 }, "geometry": { "type": "Point", "coordinates": [ 77.653367584975328, 12.919314179880311 ] } },
{ "type": "Feature", "properties": { "type": "commercial", "area_sqm": 1522.1376235969544, "waste_kg_day": 2.5 }, "geometry": { "type": "Point", "coordinates": [ 77.654060445285523, 12.919483352810984 ] } },
{ "type": "Feature", "properties": { "type": "commercial", "area_sqm": 698.68612230679878, "waste_kg_day": 2.5 }, "geometry": { "type": "Point", "coordinates": [ 77.65478688845532, 12.919550533367248 ] } },
{ "type": "Feature", "properties": { "type": "commercial", "area_sqm": 449.15536434008493, "waste_kg_day": 2.5 }, "geometry": { "type": "Point", "coordinates": [ 77.651949353365694, 12.91949887549182 ] } },
{ "type": "Feature", "properties": { "type": "commercial", "area_sqm": 1721.7622299703255, "waste_kg_day": 2.5 }, "geometry": { "type": "Point", "coordinates": [ 77.652459393085167, 12.919416861957634 ] } },
{ "type": "Feature", "properties": { "type": "commercial", "area_sqm": 1522.1376235969544, "waste_kg_day": 2.5 }, "geometry": { "type": "Point", "coordinates": [ 77.644824227604474, 12.919434218025973 ] } },
{ "type": "Feature", "properties": { "type": "commercial", "area_sqm": 673.73304651012745, "waste_kg_day": 2.5 }, "geometry": { "type": "Point", "coordinates": [ 77.645409795218825, 12.919454969256348 ] } },
{ "type": "Feature", "properties": { "type": "commercial", "area_sqm": 1372.4191688169262, "waste_kg_day": 2.5 }, "geometry": { "type": "Point", "coordinates": [ 77.650354332311437, 12.919418217553241 ] } },
{ "type": "Feature", "properties": { "type": "commercial", "area_sqm": 2470.3545038704669, "waste_kg_day": 2.5 }, "geometry": { "type": "Point", "coordinates": [ 77.646225948605249, 12.919311125500338 ] } },
{ "type": "Feature", "properties": { "type": "commercial", "area_sqm": 598.87381912011324, "waste_kg_day": 2.5 }, "geometry": { "type": "Point", "coordinates": [ 77.649783705851419, 12.919407542237842 ] } },
{ "type": "Feature", "properties": { "type": "commercial", "area_sqm": 623.82689491678457, "waste_kg_day": 2.5 }, "geometry": { "type": "Point", "coordinates": [ 77.643702071740663, 12.919289219075338 ] } },
{ "type": "Feature", "properties": { "type": "commercial", "area_sqm": 349.34306115339939, "waste_kg_day": 2.5 }, "geometry": { "type": "Point", "coordinates": [ 77.650740619869353, 12.919363606415956 ] } },
{ "type": "Feature", "properties": { "type": "commercial", "area_sqm": 449.15536434008493, "waste_kg_day": 2.5 }, "geometry": { "type": "Point", "coordinates": [ 77.651004061785216, 12.919324907389003 ] } },
{ "type": "Feature", "properties": { "type": "commercial", "area_sqm": 1172.7945624435552, "waste_kg_day": 2.5 }, "geometry": { "type": "Point", "coordinates": [ 77.649115456911503, 12.919242999610503 ] } },
{ "type": "Feature", "properties": { "type": "mixed", "area_sqm": 224.57768217004246, "waste_kg_day": 1.2 }, "geometry": { "type": "Point", "coordinates": [ 77.638875402599723, 12.919272716958158 ] } },
{ "type": "Feature", "properties": { "type": "mixed", "area_sqm": 249.53075796671385, "waste_kg_day": 1.2 }, "geometry": { "type": "Point", "coordinates": [ 77.644153022314299, 12.919308007630443 ] } },
{ "type": "Feature", "properties": { "type": "commercial", "area_sqm": 598.87381912011324, "waste_kg_day": 2.5 }, "geometry": { "type": "Point", "coordinates": [ 77.647106671088693, 12.919262154609058 ] } },
{ "type": "Feature", "properties": { "type": "commercial", "area_sqm": 798.49842549348432, "waste_kg_day": 2.5 }, "geometry": { "type": "Point", "coordinates": [ 77.648551243211912, 12.919274736230779 ] } },
{ "type": "Feature", "properties": { "type": "commercial", "area_sqm": 823.45150129015565, "waste_kg_day": 2.5 }, "geometry": { "type": "Point", "coordinates": [ 77.647886430984059, 12.919231145359563 ] } },
{ "type": "Feature", "properties": { "type": "commercial", "area_sqm": 1871.4806847503539, "waste_kg_day": 2.5 }, "geometry": { "type": "Point", "coordinates": [ 77.639304141403983, 12.91894923569726 ] } },
{ "type": "Feature", "properties": { "type": "mixed", "area_sqm": 274.48383376338523, "waste_kg_day": 1.2 }, "geometry": { "type": "Point", "coordinates": [ 77.648272436785916, 12.919129475689084 ] } },
{ "type": "Feature", "properties": { "type": "mixed", "area_sqm": 199.62460637337108, "waste_kg_day": 1.2 }, "geometry": { "type": "Point", "coordinates": [ 77.647387546660752, 12.919161501635285 ] } },
{ "type": "Feature", "properties": { "type": "commercial", "area_sqm": 673.73304651012745, "waste_kg_day": 2.5 }, "geometry": { "type": "Point", "coordinates": [ 77.654039670266769, 12.919092121499041 ] } },
{ "type": "Feature", "properties": { "type": "commercial", "area_sqm": 548.96766752677047, "waste_kg_day": 2.5 }, "geometry": { "type": "Point", "coordinates": [ 77.654726059334564, 12.919155909803408 ] } },
{ "type": "Feature", "properties": { "type": "commercial", "area_sqm": 474.10844013675631, "waste_kg_day": 2.5 }, "geometry": { "type": "Point", "coordinates": [ 77.650530192580518, 12.919081744454312 ] } },
{ "type": "Feature", "properties": { "type": "commercial", "area_sqm": 1122.8884108502123, "waste_kg_day": 2.5 }, "geometry": { "type": "Point", "coordinates": [ 77.644671124748839, 12.918920804338743 ] } },
{ "type": "Feature", "properties": { "type": "commercial", "area_sqm": 324.389985356728, "waste_kg_day": 2.5 }, "geometry": { "type": "Point", "coordinates": [ 77.647218127283864, 12.919016544147414 ] } },
{ "type": "Feature", "properties": { "type": "commercial", "area_sqm": 1048.0291834601981, "waste_kg_day": 2.5 }, "geometry": { "type": "Point", "coordinates": [ 77.647624699729974, 12.91884383232917 ] } },
{ "type": "Feature", "properties": { "type": "mixed", "area_sqm": 249.53075796671385, "waste_kg_day": 1.2 }, "geometry": { "type": "Point", "coordinates": [ 77.650099061321299, 12.919084334355391 ] } },
{ "type": "Feature", "properties": { "type": "commercial", "area_sqm": 349.34306115339939, "waste_kg_day": 2.5 }, "geometry": { "type": "Point", "coordinates": [ 77.652384364596514, 12.919015315173375 ] } },
{ "type": "Feature", "properties": { "type": "mixed", "area_sqm": 299.43690956005662, "waste_kg_day": 1.2 }, "geometry": { "type": "Point", "coordinates": [ 77.662986794811445, 12.91906271260547 ] } },
{ "type": "Feature", "properties": { "type": "commercial", "area_sqm": 773.54534969681299, "waste_kg_day": 2.5 }, "geometry": { "type": "Point", "coordinates": [ 77.652915140427282, 12.918941616375376 ] } },
{ "type": "Feature", "properties": { "type": "commercial", "area_sqm": 1048.0291834601981, "waste_kg_day": 2.5 }, "geometry": { "type": "Point", "coordinates": [ 77.643264625332463, 12.918834246331668 ] } },
{ "type": "Feature", "properties": { "type": "commercial", "area_sqm": 324.389985356728, "waste_kg_day": 2.5 }, "geometry": { "type": "Point", "coordinates": [ 77.645000923829045, 12.918975250619713 ] } },
{ "type": "Feature", "properties": { "type": "commercial", "area_sqm": 1946.3399121403681, "waste_kg_day": 2.5 }, "geometry": { "type": "Point", "coordinates": [ 77.65207273000955, 12.918630564367646 ] } },
{ "type": "Feature", "properties": { "type": "commercial", "area_sqm": 2345.5891248871103, "waste_kg_day": 2.5 }, "geometry": { "type": "Point", "coordinates": [ 77.65444248984484, 12.918749014803049 ] } },
{ "type": "Feature", "properties": { "type": "mixed", "area_sqm": 274.48383376338523, "waste_kg_day": 1.2 }, "geometry": { "type": "Point", "coordinates": [ 77.644261639275328, 12.918877334906298 ] } },
{ "type": "Feature", "properties": { "type": "commercial", "area_sqm": 1172.7945624435552, "waste_kg_day": 2.5 }, "geometry": { "type": "Point", "coordinates": [ 77.643690004188571, 12.918828014300194 ] } },
{ "type": "Feature", "properties": { "type": "commercial", "area_sqm": 648.77997071345601, "waste_kg_day": 2.5 }, "geometry": { "type": "Point", "coordinates": [ 77.648276663126808, 12.91880319425429 ] } },
{ "type": "Feature", "properties": { "type": "commercial", "area_sqm": 1023.0761076635267, "waste_kg_day": 2.5 }, "geometry": { "type": "Point", "coordinates": [ 77.64927675969696, 12.918746205828864 ] } },
{ "type": "Feature", "properties": { "type": "commercial", "area_sqm": 324.389985356728, "waste_kg_day": 2.5 }, "geometry": { "type": "Point", "coordinates": [ 77.649628442007341, 12.918847928909299 ] } },
{ "type": "Feature", "properties": { "type": "commercial", "area_sqm": 573.92074332344191, "waste_kg_day": 2.5 }, "geometry": { "type": "Point", "coordinates": [ 77.649992741284663, 12.918793170100825 ] } },
{ "type": "Feature", "properties": { "type": "commercial", "area_sqm": 1222.7007140368978, "waste_kg_day": 2.5 }, "geometry": { "type": "Point", "coordinates": [ 77.650379138344931, 12.918756493240817 ] } },
{ "type": "Feature", "properties": { "type": "mixed", "area_sqm": 199.62460637337108, "waste_kg_day": 1.2 }, "geometry": { "type": "Point", "coordinates": [ 77.652588587426251, 12.918865134545841 ] } },
{ "type": "Feature", "properties": { "type": "mixed", "area_sqm": 274.48383376338523, "waste_kg_day": 1.2 }, "geometry": { "type": "Point", "coordinates": [ 77.650951936914169, 12.918877334906298 ] } },
{ "type": "Feature", "properties": { "type": "commercial", "area_sqm": 573.92074332344191, "waste_kg_day": 2.5 }, "geometry": { "type": "Point", "coordinates": [ 77.642402784296777, 12.918653131180793 ] } },
{ "type": "Feature", "properties": { "type": "commercial", "area_sqm": 548.96766752677047, "waste_kg_day": 2.5 }, "geometry": { "type": "Point", "coordinates": [ 77.642932455063445, 12.918757364695136 ] } },
{ "type": "Feature", "properties": { "type": "commercial", "area_sqm": 224.57768217004246, "waste_kg_day": 2.5 }, "geometry": { "type": "Point", "coordinates": [ 77.6454407883854, 12.918820399890832 ] } },
{ "type": "Feature", "properties": { "type": "commercial", "area_sqm": 923.26380447684119, "waste_kg_day": 2.5 }, "geometry": { "type": "Point", "coordinates": [ 77.645923276600158, 12.91868256879161 ] } },
{ "type": "Feature", "properties": { "type": "commercial", "area_sqm": 1671.8560783769829, "waste_kg_day": 2.5 }, "geometry": { "type": "Point", "coordinates": [ 77.646925684873437, 12.91867284229744 ] } },
{ "type": "Feature", "properties": { "type": "commercial", "area_sqm": 698.68612230679878, "waste_kg_day": 2.5 }, "geometry": { "type": "Point", "coordinates": [ 77.643971380220208, 12.918567968623274 ] } },
{ "type": "Feature", "properties": { "type": "mixed", "area_sqm": 249.53075796671385, "waste_kg_day": 1.2 }, "geometry": { "type": "Point", "coordinates": [ 77.644929401136949, 12.918659355132794 ] } },
{ "type": "Feature", "properties": { "type": "commercial", "area_sqm": 848.40457708682709, "waste_kg_day": 2.5 }, "geometry": { "type": "Point", "coordinates": [ 77.646482705720473, 12.918611199592402 ] } },
{ "type": "Feature", "properties": { "type": "commercial", "area_sqm": 1023.0761076635267, "waste_kg_day": 2.5 }, "geometry": { "type": "Point", "coordinates": [ 77.653561753958371, 12.918592362259194 ] } },
{ "type": "Feature", "properties": { "type": "commercial", "area_sqm": 3418.5713841439797, "waste_kg_day": 2.5 }, "geometry": { "type": "Point", "coordinates": [ 77.645367830018827, 12.918199339205945 ] } },
{ "type": "Feature", "properties": { "type": "mixed", "area_sqm": 249.53075796671385, "waste_kg_day": 1.2 }, "geometry": { "type": "Point", "coordinates": [ 77.649034446049512, 12.918663828598294 ] } },
{ "type": "Feature", "properties": { "type": "commercial", "area_sqm": 299.43690956005662, "waste_kg_day": 2.5 }, "geometry": { "type": "Point", "coordinates": [ 77.650872340827291, 12.918708563253306 ] } },
{ "type": "Feature", "properties": { "type": "commercial", "area_sqm": 748.59227390014155, "waste_kg_day": 2.5 }, "geometry": { "type": "Point", "coordinates": [ 77.64970544810582, 12.918526642322931 ] } },
{ "type": "Feature", "properties": { "type": "commercial", "area_sqm": 1272.6068656302407, "waste_kg_day": 2.5 }, "geometry": { "type": "Point", "coordinates": [ 77.651721462435006, 12.918426559496721 ] } },
{ "type": "Feature", "properties": { "type": "commercial", "area_sqm": 723.63919810347011, "waste_kg_day": 2.5 }, "geometry": { "type": "Point", "coordinates": [ 77.652566544872442, 12.918572045426808 ] } },
{ "type": "Feature", "properties": { "type": "commercial", "area_sqm": 1222.7007140368978, "waste_kg_day": 2.5 }, "geometry": { "type": "Point", "coordinates": [ 77.653196986448648, 12.918488998262898 ] } },
{ "type": "Feature", "properties": { "type": "commercial", "area_sqm": 1172.7945624435552, "waste_kg_day": 2.5 }, "geometry": { "type": "Point", "coordinates": [ 77.653871259407751, 12.91839780017116 ] } },
{ "type": "Feature", "properties": { "type": "commercial", "area_sqm": 1072.9822592568696, "waste_kg_day": 2.5 }, "geometry": { "type": "Point", "coordinates": [ 77.654612242991348, 12.918323116981647 ] } },
{ "type": "Feature", "properties": { "type": "commercial", "area_sqm": 499.0615159334277, "waste_kg_day": 2.5 }, "geometry": { "type": "Point", "coordinates": [ 77.63978531031502, 12.918469232849001 ] } },
{ "type": "Feature", "properties": { "type": "commercial", "area_sqm": 548.96766752677047, "waste_kg_day": 2.5 }, "geometry": { "type": "Point", "coordinates": [ 77.642824683370591, 12.918478789798025 ] } },
{ "type": "Feature", "properties": { "type": "commercial", "area_sqm": 1447.2783962069402, "waste_kg_day": 2.5 }, "geometry": { "type": "Point", "coordinates": [ 77.648186088269327, 12.91845403849204 ] } },
{ "type": "Feature", "properties": { "type": "commercial", "area_sqm": 274.48383376338523, "waste_kg_day": 2.5 }, "geometry": { "type": "Point", "coordinates": [ 77.652786168863159, 12.918470656224388 ] } },
{ "type": "Feature", "properties": { "type": "commercial", "area_sqm": 1122.8884108502123, "waste_kg_day": 2.5 }, "geometry": { "type": "Point", "coordinates": [ 77.639246287493037, 12.918370071030393 ] } },
{ "type": "Feature", "properties": { "type": "commercial", "area_sqm": 3693.0552179073647, "waste_kg_day": 2.5 }, "geometry": { "type": "Point", "coordinates": [ 77.642238021564012, 12.917758858617884 ] } },
{ "type": "Feature", "properties": { "type": "commercial", "area_sqm": 424.20228854341354, "waste_kg_day": 2.5 }, "geometry": { "type": "Point", "coordinates": [ 77.644552013755742, 12.918354633188665 ] } },
{ "type": "Feature", "properties": { "type": "commercial", "area_sqm": 1472.2314720036118, "waste_kg_day": 2.5 }, "geometry": { "type": "Point", "coordinates": [ 77.648751804129617, 12.918260079381465 ] } },
{ "type": "Feature", "properties": { "type": "commercial", "area_sqm": 1646.9030025803113, "waste_kg_day": 2.5 }, "geometry": { "type": "Point", "coordinates": [ 77.651169593470328, 12.918188692338262 ] } },
{ "type": "Feature", "properties": { "type": "residential", "area_sqm": 199.62460637337108, "waste_kg_day": 349.37323089365179 }, "geometry": { "type": "Point", "coordinates": [ 77.640565175868915, 12.918373053340728 ] } },
{ "type": "Feature", "properties": { "type": "commercial", "area_sqm": 723.63919810347011, "waste_kg_day": 2.5 }, "geometry": { "type": "Point", "coordinates": [ 77.643558755063509, 12.918292839476573 ] } },
{ "type": "Feature", "properties": { "type": "commercial", "area_sqm": 2694.9321860405098, "waste_kg_day": 2.5 }, "geometry": { "type": "Point", "coordinates": [ 77.643042692121824, 12.917841207997828 ] } },
{ "type": "Feature", "properties": { "type": "commercial", "area_sqm": 573.92074332344191, "waste_kg_day": 2.5 }, "geometry": { "type": "Point", "coordinates": [ 77.646724309740208, 12.9182485743007 ] } },
{ "type": "Feature", "properties": { "type": "commercial", "area_sqm": 1946.3399121403681, "waste_kg_day": 2.5 }, "geometry": { "type": "Point", "coordinates": [ 77.647540575420706, 12.91803180821597 ] } },
{ "type": "Feature", "properties": { "type": "commercial", "area_sqm": 1147.8414866468838, "waste_kg_day": 2.5 }, "geometry": { "type": "Point", "coordinates": [ 77.643839923955468, 12.91803268096565 ] } },
{ "type": "Feature", "properties": { "type": "commercial", "area_sqm": 2620.0729586504954, "waste_kg_day": 2.5 }, "geometry": { "type": "Point", "coordinates": [ 77.646089873845341, 12.91778468611626 ] } },
{ "type": "Feature", "properties": { "type": "commercial", "area_sqm": 349.34306115339939, "waste_kg_day": 2.5 }, "geometry": { "type": "Point", "coordinates": [ 77.647204078183634, 12.918213286715691 ] } },
{ "type": "Feature", "properties": { "type": "commercial", "area_sqm": 648.77997071345601, "waste_kg_day": 2.5 }, "geometry": { "type": "Point", "coordinates": [ 77.649277980816095, 12.918219923175501 ] } },
{ "type": "Feature", "properties": { "type": "commercial", "area_sqm": 1297.559941426912, "waste_kg_day": 2.5 }, "geometry": { "type": "Point", "coordinates": [ 77.65059936255247, 12.918126152456345 ] } },
{ "type": "Feature", "properties": { "type": "commercial", "area_sqm": 399.24921274674216, "waste_kg_day": 2.5 }, "geometry": { "type": "Point", "coordinates": [ 77.652931449331476, 12.918224869796006 ] } },
{ "type": "Feature", "properties": { "type": "commercial", "area_sqm": 2719.8852618371811, "waste_kg_day": 2.5 }, "geometry": { "type": "Point", "coordinates": [ 77.638945871772037, 12.916990793541878 ] } },
{ "type": "Feature", "properties": { "type": "commercial", "area_sqm": 923.26380447684119, "waste_kg_day": 2.5 }, "geometry": { "type": "Point", "coordinates": [ 77.638908350290308, 12.917662135039484 ] } },
{ "type": "Feature", "properties": { "type": "commercial", "area_sqm": 648.77997071345601, "waste_kg_day": 2.5 }, "geometry": { "type": "Point", "coordinates": [ 77.646021910258639, 12.9181184099199 ] } },
{ "type": "Feature", "properties": { "type": "commercial", "area_sqm": 2121.0114427170679, "waste_kg_day": 2.5 }, "geometry": { "type": "Point", "coordinates": [ 77.649895053360154, 12.918023596741589 ] } },
{ "type": "Feature", "properties": { "type": "commercial", "area_sqm": 848.40457708682709, "waste_kg_day": 2.5 }, "geometry": { "type": "Point", "coordinates": [ 77.640533385084083, 12.91809806678493 ] } },
{ "type": "Feature", "properties": { "type": "mixed", "area_sqm": 249.53075796671385, "waste_kg_day": 1.2 }, "geometry": { "type": "Point", "coordinates": [ 77.644343630288716, 12.918198588186188 ] } },
{ "type": "Feature", "properties": { "type": "mixed", "area_sqm": 274.48383376338523, "waste_kg_day": 1.2 }, "geometry": { "type": "Point", "coordinates": [ 77.641903341055198, 12.91808837826339 ] } },
{ "type": "Feature", "properties": { "type": "mixed", "area_sqm": 199.62460637337108, "waste_kg_day": 1.2 }, "geometry": { "type": "Point", "coordinates": [ 77.642587479987782, 12.918104645410667 ] } },
{ "type": "Feature", "properties": { "type": "commercial", "area_sqm": 873.35765288349853, "waste_kg_day": 2.5 }, "geometry": { "type": "Point", "coordinates": [ 77.644852360980039, 12.918085473415662 ] } },
{ "type": "Feature", "properties": { "type": "commercial", "area_sqm": 199.62460637337108, "waste_kg_day": 2.5 }, "geometry": { "type": "Point", "coordinates": [ 77.648160438752171, 12.918104645410667 ] } },
{ "type": "Feature", "properties": { "type": "mixed", "area_sqm": 274.48383376338523, "waste_kg_day": 1.2 }, "geometry": { "type": "Point", "coordinates": [ 77.648449943103557, 12.91814124649204 ] } },
{ "type": "Feature", "properties": { "type": "commercial", "area_sqm": 698.68612230679878, "waste_kg_day": 2.5 }, "geometry": { "type": "Point", "coordinates": [ 77.65145290925112, 12.91786020247436 ] } },
{ "type": "Feature", "properties": { "type": "commercial", "area_sqm": 399.24921274674216, "waste_kg_day": 2.5 }, "geometry": { "type": "Point", "coordinates": [ 77.654209917452604, 12.91796484961376 ] } },
{ "type": "Feature", "properties": { "type": "commercial", "area_sqm": 1871.4806847503539, "waste_kg_day": 2.5 }, "geometry": { "type": "Point", "coordinates": [ 77.648087604810712, 12.917604810198686 ] } },
{ "type": "Feature", "properties": { "type": "commercial", "area_sqm": 1646.9030025803113, "waste_kg_day": 2.5 }, "geometry": { "type": "Point", "coordinates": [ 77.653487037061794, 12.91791825101479 ] } },
{ "type": "Feature", "properties": { "type": "commercial", "area_sqm": 873.35765288349853, "waste_kg_day": 2.5 }, "geometry": { "type": "Point", "coordinates": [ 77.654500976493679, 12.917884806534616 ] } },
{ "type": "Feature", "properties": { "type": "commercial", "area_sqm": 349.34306115339939, "waste_kg_day": 2.5 }, "geometry": { "type": "Point", "coordinates": [ 77.655572233158296, 12.917986418108139 ] } },
{ "type": "Feature", "properties": { "type": "commercial", "area_sqm": 2121.0114427170679, "waste_kg_day": 2.5 }, "geometry": { "type": "Point", "coordinates": [ 77.64679227276072, 12.917667824661743 ] } },
{ "type": "Feature", "properties": { "type": "commercial", "area_sqm": 573.92074332344191, "waste_kg_day": 2.5 }, "geometry": { "type": "Point", "coordinates": [ 77.649236777526085, 12.917832347510604 ] } },
{ "type": "Feature", "properties": { "type": "commercial", "area_sqm": 798.49842549348432, "waste_kg_day": 2.5 }, "geometry": { "type": "Point", "coordinates": [ 77.643454804383595, 12.91767687027213 ] } },
{ "type": "Feature", "properties": { "type": "commercial", "area_sqm": 2295.6829732937676, "waste_kg_day": 2.5 }, "geometry": { "type": "Point", "coordinates": [ 77.652197467139402, 12.917561508349293 ] } },
{ "type": "Feature", "properties": { "type": "commercial", "area_sqm": 2121.0114427170679, "waste_kg_day": 2.5 }, "geometry": { "type": "Point", "coordinates": [ 77.644280185453624, 12.917513095384413 ] } },
{ "type": "Feature", "properties": { "type": "commercial", "area_sqm": 524.01459173009903, "waste_kg_day": 2.5 }, "geometry": { "type": "Point", "coordinates": [ 77.648626443149567, 12.917610433983887 ] } },
{ "type": "Feature", "properties": { "type": "commercial", "area_sqm": 349.34306115339939, "waste_kg_day": 2.5 }, "geometry": { "type": "Point", "coordinates": [ 77.650461681370203, 12.917810674820599 ] } },
{ "type": "Feature", "properties": { "type": "commercial", "area_sqm": 1422.3253204102689, "waste_kg_day": 2.5 }, "geometry": { "type": "Point", "coordinates": [ 77.644844577733693, 12.917565475095016 ] } },
{ "type": "Feature", "properties": { "type": "commercial", "area_sqm": 573.92074332344191, "waste_kg_day": 2.5 }, "geometry": { "type": "Point", "coordinates": [ 77.647156866543241, 12.917657298860563 ] } },
{ "type": "Feature", "properties": { "type": "mixed", "area_sqm": 199.62460637337108, "waste_kg_day": 1.2 }, "geometry": { "type": "Point", "coordinates": [ 77.655581365073445, 12.917746768170584 ] } },
{ "type": "Feature", "properties": { "type": "commercial", "area_sqm": 1172.7945624435552, "waste_kg_day": 2.5 }, "geometry": { "type": "Point", "coordinates": [ 77.649602115569607, 12.917503107070953 ] } },
{ "type": "Feature", "properties": { "type": "commercial", "area_sqm": 598.87381912011324, "waste_kg_day": 2.5 }, "geometry": { "type": "Point", "coordinates": [ 77.650196302381417, 12.917541734335121 ] } },
{ "type": "Feature", "properties": { "type": "commercial", "area_sqm": 823.45150129015565, "waste_kg_day": 2.5 }, "geometry": { "type": "Point", "coordinates": [ 77.652870695681088, 12.917580029911001 ] } },
{ "type": "Feature", "properties": { "type": "commercial", "area_sqm": 573.92074332344191, "waste_kg_day": 2.5 }, "geometry": { "type": "Point", "coordinates": [ 77.653732134208127, 12.917618399160554 ] } },
{ "type": "Feature", "properties": { "type": "commercial", "area_sqm": 274.48383376338523, "waste_kg_day": 2.5 }, "geometry": { "type": "Point", "coordinates": [ 77.656129204512126, 12.917702033515575 ] } },
{ "type": "Feature", "properties": { "type": "commercial", "area_sqm": 1147.8414866468838, "waste_kg_day": 2.5 }, "geometry": { "type": "Point", "coordinates": [ 77.643662050129919, 12.917360688647996 ] } },
{ "type": "Feature", "properties": { "type": "mixed", "area_sqm": 199.62460637337108, "waste_kg_day": 1.2 }, "geometry": { "type": "Point", "coordinates": [ 77.650014217527797, 12.917606972373678 ] } },
{ "type": "Feature", "properties": { "type": "commercial", "area_sqm": 2245.7768217004245, "waste_kg_day": 2.5 }, "geometry": { "type": "Point", "coordinates": [ 77.654240781480979, 12.917424678654511 ] } },
{ "type": "Feature", "properties": { "type": "commercial", "area_sqm": 274.48383376338523, "waste_kg_day": 2.5 }, "geometry": { "type": "Point", "coordinates": [ 77.657173110713515, 12.917669499221022 ] } },
{ "type": "Feature", "properties": { "type": "commercial", "area_sqm": 524.01459173009903, "waste_kg_day": 2.5 }, "geometry": { "type": "Point", "coordinates": [ 77.646299741858982, 12.917516704230531 ] } },
{ "type": "Feature", "properties": { "type": "commercial", "area_sqm": 848.40457708682709, "waste_kg_day": 2.5 }, "geometry": { "type": "Point", "coordinates": [ 77.648390152810293, 12.917529673521269 ] } },
{ "type": "Feature", "properties": { "type": "commercial", "area_sqm": 823.45150129015565, "waste_kg_day": 2.5 }, "geometry": { "type": "Point", "coordinates": [ 77.649154333252937, 12.917417358438236 ] } },
{ "type": "Feature", "properties": { "type": "mixed", "area_sqm": 299.43690956005662, "waste_kg_day": 1.2 }, "geometry": { "type": "Point", "coordinates": [ 77.6454950264269, 12.917530550671367 ] } },
{ "type": "Feature", "properties": { "type": "commercial", "area_sqm": 249.53075796671385, "waste_kg_day": 2.5 }, "geometry": { "type": "Point", "coordinates": [ 77.65823011857168, 12.917384417465001 ] } },
{ "type": "Feature", "properties": { "type": "commercial", "area_sqm": 324.389985356728, "waste_kg_day": 2.5 }, "geometry": { "type": "Point", "coordinates": [ 77.653251066361747, 12.917478360240523 ] } },
{ "type": "Feature", "properties": { "type": "commercial", "area_sqm": 274.48383376338523, "waste_kg_day": 2.5 }, "geometry": { "type": "Point", "coordinates": [ 77.657206921440689, 12.917494627387798 ] } },
{ "type": "Feature", "properties": { "type": "commercial", "area_sqm": 2320.636049090439, "waste_kg_day": 2.5 }, "geometry": { "type": "Point", "coordinates": [ 77.645319315168024, 12.917146457961413 ] } },
{ "type": "Feature", "properties": { "type": "mixed", "area_sqm": 274.48383376338523, "waste_kg_day": 1.2 }, "geometry": { "type": "Point", "coordinates": [ 77.647190493516462, 12.917405158077779 ] } },
{ "type": "Feature", "properties": { "type": "commercial", "area_sqm": 848.40457708682709, "waste_kg_day": 2.5 }, "geometry": { "type": "Point", "coordinates": [ 77.652680883253183, 12.917152060403977 ] } },
{ "type": "Feature", "properties": { "type": "commercial", "area_sqm": 449.15536434008493, "waste_kg_day": 2.5 }, "geometry": { "type": "Point", "coordinates": [ 77.657974941500228, 12.917388890930502 ] } },
{ "type": "Feature", "properties": { "type": "mixed", "area_sqm": 249.53075796671385, "waste_kg_day": 1.2 }, "geometry": { "type": "Point", "coordinates": [ 77.651214815317914, 12.91729047468948 ] } },
{ "type": "Feature", "properties": { "type": "commercial", "area_sqm": 349.34306115339939, "waste_kg_day": 2.5 }, "geometry": { "type": "Point", "coordinates": [ 77.651623925116681, 12.917366523602997 ] } },
{ "type": "Feature", "properties": { "type": "commercial", "area_sqm": 499.0615159334277, "waste_kg_day": 2.5 }, "geometry": { "type": "Point", "coordinates": [ 77.652074875690317, 12.917218899241464 ] } },
{ "type": "Feature", "properties": { "type": "mixed", "area_sqm": 299.43690956005662, "waste_kg_day": 1.2 }, "geometry": { "type": "Point", "coordinates": [ 77.645971546362958, 12.917232319637966 ] } },
{ "type": "Feature", "properties": { "type": "commercial", "area_sqm": 1896.4337605470253, "waste_kg_day": 2.5 }, "geometry": { "type": "Point", "coordinates": [ 77.649627312701668, 12.91696567754955 ] } },
{ "type": "Feature", "properties": { "type": "commercial", "area_sqm": 474.10844013675631, "waste_kg_day": 2.5 }, "geometry": { "type": "Point", "coordinates": [ 77.650699023777378, 12.917200534488353 ] } },
{ "type": "Feature", "properties": { "type": "commercial", "area_sqm": 474.10844013675631, "waste_kg_day": 2.5 }, "geometry": { "type": "Point", "coordinates": [ 77.641393733318708, 12.917092229534118 ] } },
{ "type": "Feature", "properties": { "type": "commercial", "area_sqm": 3468.4775357373223, "waste_kg_day": 2.5 }, "geometry": { "type": "Point", "coordinates": [ 77.648163616109173, 12.916976945905947 ] } },
{ "type": "Feature", "properties": { "type": "commercial", "area_sqm": 374.29613695007077, "waste_kg_day": 2.5 }, "geometry": { "type": "Point", "coordinates": [ 77.651499952450393, 12.917117500690106 ] } },
{ "type": "Feature", "properties": { "type": "commercial", "area_sqm": 2145.9645185137392, "waste_kg_day": 2.5 }, "geometry": { "type": "Point", "coordinates": [ 77.625051249022718, 12.916874442397884 ] } },
{ "type": "Feature", "properties": { "type": "commercial", "area_sqm": 274.48383376338523, "waste_kg_day": 2.5 }, "geometry": { "type": "Point", "coordinates": [ 77.626827983078115, 12.917144883721354 ] } },
{ "type": "Feature", "properties": { "type": "commercial", "area_sqm": 3218.9467777706086, "waste_kg_day": 2.5 }, "geometry": { "type": "Point", "coordinates": [ 77.642303991619698, 12.916530262978522 ] } },
{ "type": "Feature", "properties": { "type": "commercial", "area_sqm": 598.87381912011324, "waste_kg_day": 2.5 }, "geometry": { "type": "Point", "coordinates": [ 77.646575913111135, 12.917045925242089 ] } },
{ "type": "Feature", "properties": { "type": "commercial", "area_sqm": 1971.2929879370395, "waste_kg_day": 2.5 }, "geometry": { "type": "Point", "coordinates": [ 77.646986131209829, 12.916745617916684 ] } },
{ "type": "Feature", "properties": { "type": "commercial", "area_sqm": 524.01459173009903, "waste_kg_day": 2.5 }, "geometry": { "type": "Point", "coordinates": [ 77.649011643934116, 12.917056576350426 ] } },
{ "type": "Feature", "properties": { "type": "commercial", "area_sqm": 349.34306115339939, "waste_kg_day": 2.5 }, "geometry": { "type": "Point", "coordinates": [ 77.65030892933494, 12.917046990352924 ] } },
{ "type": "Feature", "properties": { "type": "commercial", "area_sqm": 773.54534969681299, "waste_kg_day": 2.5 }, "geometry": { "type": "Point", "coordinates": [ 77.654000901036895, 12.916908354152488 ] } },
{ "type": "Feature", "properties": { "type": "commercial", "area_sqm": 573.92074332344191, "waste_kg_day": 2.5 }, "geometry": { "type": "Point", "coordinates": [ 77.658377066607102, 12.917067968405428 ] } },
{ "type": "Feature", "properties": { "type": "mixed", "area_sqm": 224.57768217004246, "waste_kg_day": 1.2 }, "geometry": { "type": "Point", "coordinates": [ 77.646225948605249, 12.917080718862653 ] } },
{ "type": "Feature", "properties": { "type": "mixed", "area_sqm": 224.57768217004246, "waste_kg_day": 1.2 }, "geometry": { "type": "Point", "coordinates": [ 77.649273609984903, 12.91698627903541 ] } },
{ "type": "Feature", "properties": { "type": "commercial", "area_sqm": 474.10844013675631, "waste_kg_day": 2.5 }, "geometry": { "type": "Point", "coordinates": [ 77.626074137325617, 12.916972152302248 ] } },
{ "type": "Feature", "properties": { "type": "commercial", "area_sqm": 399.24921274674216, "waste_kg_day": 2.5 }, "geometry": { "type": "Point", "coordinates": [ 77.644313411951316, 12.916796156751616 ] } },
{ "type": "Feature", "properties": { "type": "commercial", "area_sqm": 1247.6537898335691, "waste_kg_day": 2.5 }, "geometry": { "type": "Point", "coordinates": [ 77.651007471033537, 12.916882494635786 ] } },
{ "type": "Feature", "properties": { "type": "commercial", "area_sqm": 1072.9822592568696, "waste_kg_day": 2.5 }, "geometry": { "type": "Point", "coordinates": [ 77.651717985773374, 12.916853115411193 ] } },
{ "type": "Feature", "properties": { "type": "commercial", "area_sqm": 698.68612230679878, "waste_kg_day": 2.5 }, "geometry": { "type": "Point", "coordinates": [ 77.654312028867466, 12.916925567717895 ] } },
{ "type": "Feature", "properties": { "type": "commercial", "area_sqm": 274.48383376338523, "waste_kg_day": 2.5 }, "geometry": { "type": "Point", "coordinates": [ 77.62731401228119, 12.917002546182687 ] } },
{ "type": "Feature", "properties": { "type": "commercial", "area_sqm": 823.45150129015565, "waste_kg_day": 2.5 }, "geometry": { "type": "Point", "coordinates": [ 77.646342407776615, 12.916572822375466 ] } },
{ "type": "Feature", "properties": { "type": "commercial", "area_sqm": 1247.6537898335691, "waste_kg_day": 2.5 }, "geometry": { "type": "Point", "coordinates": [ 77.644067481174559, 12.916688346233041 ] } },
{ "type": "Feature", "properties": { "type": "commercial", "area_sqm": 524.01459173009903, "waste_kg_day": 2.5 }, "geometry": { "type": "Point", "coordinates": [ 77.644787718089759, 12.91688828883872 ] } },
{ "type": "Feature", "properties": { "type": "commercial", "area_sqm": 1572.0437751902973, "waste_kg_day": 2.5 }, "geometry": { "type": "Point", "coordinates": [ 77.652202464226036, 12.916798109454811 ] } },
{ "type": "Feature", "properties": { "type": "commercial", "area_sqm": 249.53075796671385, "waste_kg_day": 2.5 }, "geometry": { "type": "Point", "coordinates": [ 77.646212518233057, 12.916829707742874 ] } },
{ "type": "Feature", "properties": { "type": "commercial", "area_sqm": 1547.090699393626, "waste_kg_day": 2.5 }, "geometry": { "type": "Point", "coordinates": [ 77.640967274713461, 12.916476881189647 ] } },
{ "type": "Feature", "properties": { "type": "commercial", "area_sqm": 1372.4191688169262, "waste_kg_day": 2.5 }, "geometry": { "type": "Point", "coordinates": [ 77.641759645464731, 12.916299805420342 ] } },
{ "type": "Feature", "properties": { "type": "commercial", "area_sqm": 1122.8884108502123, "waste_kg_day": 2.5 }, "geometry": { "type": "Point", "coordinates": [ 77.650189974609901, 12.916728806243238 ] } },
{ "type": "Feature", "properties": { "type": "commercial", "area_sqm": 2420.4483522771243, "waste_kg_day": 2.5 }, "geometry": { "type": "Point", "coordinates": [ 77.642846947908723, 12.916581361230264 ] } },
{ "type": "Feature", "properties": { "type": "commercial", "area_sqm": 1147.8414866468838, "waste_kg_day": 2.5 }, "geometry": { "type": "Point", "coordinates": [ 77.643267897902845, 12.916531152545305 ] } },
{ "type": "Feature", "properties": { "type": "mixed", "area_sqm": 299.43690956005662, "waste_kg_day": 1.2 }, "geometry": { "type": "Point", "coordinates": [ 77.649725593664087, 12.916643313346997 ] } },
{ "type": "Feature", "properties": { "type": "commercial", "area_sqm": 399.24921274674216, "waste_kg_day": 2.5 }, "geometry": { "type": "Point", "coordinates": [ 77.654741643966616, 12.916611626299698 ] } },
{ "type": "Feature", "properties": { "type": "commercial", "area_sqm": 449.15536434008493, "waste_kg_day": 2.5 }, "geometry": { "type": "Point", "coordinates": [ 77.626341249484895, 12.916695503777843 ] } },
{ "type": "Feature", "properties": { "type": "commercial", "area_sqm": 399.24921274674216, "waste_kg_day": 2.5 }, "geometry": { "type": "Point", "coordinates": [ 77.645934741977655, 12.916701095609719 ] } },
{ "type": "Feature", "properties": { "type": "mixed", "area_sqm": 224.57768217004246, "waste_kg_day": 1.2 }, "geometry": { "type": "Point", "coordinates": [ 77.646716673742645, 12.916683077484784 ] } },
{ "type": "Feature", "properties": { "type": "commercial", "area_sqm": 1122.8884108502123, "waste_kg_day": 2.5 }, "geometry": { "type": "Point", "coordinates": [ 77.647550389923452, 12.916552849933533 ] } },
{ "type": "Feature", "properties": { "type": "commercial", "area_sqm": 1472.2314720036118, "waste_kg_day": 2.5 }, "geometry": { "type": "Point", "coordinates": [ 77.644785992078056, 12.916520735337505 ] } },
{ "type": "Feature", "properties": { "type": "commercial", "area_sqm": 2345.5891248871103, "waste_kg_day": 2.5 }, "geometry": { "type": "Point", "coordinates": [ 77.653580451185221, 12.916553685403448 ] } },
{ "type": "Feature", "properties": { "type": "commercial", "area_sqm": 1397.3722446135976, "waste_kg_day": 2.5 }, "geometry": { "type": "Point", "coordinates": [ 77.627243372011918, 12.916435084179033 ] } },
{ "type": "Feature", "properties": { "type": "commercial", "area_sqm": 1023.0761076635267, "waste_kg_day": 2.5 }, "geometry": { "type": "Point", "coordinates": [ 77.627660159908743, 12.916520383969814 ] } },
{ "type": "Feature", "properties": { "type": "commercial", "area_sqm": 1222.7007140368978, "waste_kg_day": 2.5 }, "geometry": { "type": "Point", "coordinates": [ 77.64145690145358, 12.916344473678834 ] } },
{ "type": "Feature", "properties": { "type": "commercial", "area_sqm": 1447.2783962069402, "waste_kg_day": 2.5 }, "geometry": { "type": "Point", "coordinates": [ 77.645234790700684, 12.916420925550538 ] } },
{ "type": "Feature", "properties": { "type": "mixed", "area_sqm": 249.53075796671385, "waste_kg_day": 1.2 }, "geometry": { "type": "Point", "coordinates": [ 77.646500754682194, 12.91659708753682 ] } },
{ "type": "Feature", "properties": { "type": "commercial", "area_sqm": 449.15536434008493, "waste_kg_day": 2.5 }, "geometry": { "type": "Point", "coordinates": [ 77.652716434238371, 12.916598578691987 ] } },
{ "type": "Feature", "properties": { "type": "mixed", "area_sqm": 274.48383376338523, "waste_kg_day": 1.2 }, "geometry": { "type": "Point", "coordinates": [ 77.624440100471716, 12.916534865698488 ] } },
{ "type": "Feature", "properties": { "type": "commercial", "area_sqm": 449.15536434008493, "waste_kg_day": 2.5 }, "geometry": { "type": "Point", "coordinates": [ 77.643617357085361, 12.916350052830818 ] } },
{ "type": "Feature", "properties": { "type": "commercial", "area_sqm": 1197.7476382402265, "waste_kg_day": 2.5 }, "geometry": { "type": "Point", "coordinates": [ 77.649006939614182, 12.916381429220792 ] } },
{ "type": "Feature", "properties": { "type": "commercial", "area_sqm": 848.40457708682709, "waste_kg_day": 2.5 }, "geometry": { "type": "Point", "coordinates": [ 77.65428751431449, 12.916446831724992 ] } },
{ "type": "Feature", "properties": { "type": "commercial", "area_sqm": 199.62460637337108, "waste_kg_day": 2.5 }, "geometry": { "type": "Point", "coordinates": [ 77.624043881012682, 12.916550116149059 ] } },
{ "type": "Feature", "properties": { "type": "commercial", "area_sqm": 773.54534969681299, "waste_kg_day": 2.5 }, "geometry": { "type": "Point", "coordinates": [ 77.625885100057516, 12.916472552029484 ] } },
{ "type": "Feature", "properties": { "type": "commercial", "area_sqm": 3218.9467777706086, "waste_kg_day": 2.5 }, "geometry": { "type": "Point", "coordinates": [ 77.646012720424366, 12.916096440859004 ] } },
{ "type": "Feature", "properties": { "type": "commercial", "area_sqm": 873.35765288349853, "waste_kg_day": 2.5 }, "geometry": { "type": "Point", "coordinates": [ 77.65069811495519, 12.916413675451277 ] } },
{ "type": "Feature", "properties": { "type": "commercial", "area_sqm": 374.29613695007077, "waste_kg_day": 2.5 }, "geometry": { "type": "Point", "coordinates": [ 77.652863651779597, 12.916440516244284 ] } },
{ "type": "Feature", "properties": { "type": "commercial", "area_sqm": 698.68612230679878, "waste_kg_day": 2.5 }, "geometry": { "type": "Point", "coordinates": [ 77.625284161124995, 12.916387154191522 ] } },
{ "type": "Feature", "properties": { "type": "commercial", "area_sqm": 424.20228854341354, "waste_kg_day": 2.5 }, "geometry": { "type": "Point", "coordinates": [ 77.64999951856278, 12.916367888216149 ] } },
{ "type": "Feature", "properties": { "type": "commercial", "area_sqm": 1097.9353350535409, "waste_kg_day": 2.5 }, "geometry": { "type": "Point", "coordinates": [ 77.624198142455398, 12.91633965993117 ] } },
{ "type": "Feature", "properties": { "type": "commercial", "area_sqm": 623.82689491678457, "waste_kg_day": 2.5 }, "geometry": { "type": "Point", "coordinates": [ 77.643865715660169, 12.916275892713847 ] } },
{ "type": "Feature", "properties": { "type": "commercial", "area_sqm": 1596.9968509869686, "waste_kg_day": 2.5 }, "geometry": { "type": "Point", "coordinates": [ 77.649428010838164, 12.916153795064828 ] } },
{ "type": "Feature", "properties": { "type": "commercial", "area_sqm": 2071.1052911237248, "waste_kg_day": 2.5 }, "geometry": { "type": "Point", "coordinates": [ 77.651609362062501, 12.916188061877937 ] } },
{ "type": "Feature", "properties": { "type": "commercial", "area_sqm": 623.82689491678457, "waste_kg_day": 2.5 }, "geometry": { "type": "Point", "coordinates": [ 77.659542059312699, 12.916393992203073 ] } },
{ "type": "Feature", "properties": { "type": "commercial", "area_sqm": 399.24921274674216, "waste_kg_day": 2.5 }, "geometry": { "type": "Point", "coordinates": [ 77.626173692678108, 12.916312463294316 ] } },
{ "type": "Feature", "properties": { "type": "commercial", "area_sqm": 374.29613695007077, "waste_kg_day": 2.5 }, "geometry": { "type": "Point", "coordinates": [ 77.62814970075442, 12.916357011554931 ] } },
{ "type": "Feature", "properties": { "type": "mixed", "area_sqm": 274.48383376338523, "waste_kg_day": 1.2 }, "geometry": { "type": "Point", "coordinates": [ 77.640466385150461, 12.91633965993117 ] } },
{ "type": "Feature", "properties": { "type": "mixed", "area_sqm": 299.43690956005662, "waste_kg_day": 1.2 }, "geometry": { "type": "Point", "coordinates": [ 77.650302841391508, 12.916374905416935 ] } },
{ "type": "Feature", "properties": { "type": "commercial", "area_sqm": 548.96766752677047, "waste_kg_day": 2.5 }, "geometry": { "type": "Point", "coordinates": [ 77.659155264593878, 12.916364060652084 ] } },
{ "type": "Feature", "properties": { "type": "mixed", "area_sqm": 224.57768217004246, "waste_kg_day": 1.2 }, "geometry": { "type": "Point", "coordinates": [ 77.661335117309491, 12.916399758003053 ] } },
{ "type": "Feature", "properties": { "type": "commercial", "area_sqm": 474.10844013675631, "waste_kg_day": 2.5 }, "geometry": { "type": "Point", "coordinates": [ 77.624593805816943, 12.916284651288406 ] } },
{ "type": "Feature", "properties": { "type": "commercial", "area_sqm": 1397.3722446135976, "waste_kg_day": 2.5 }, "geometry": { "type": "Point", "coordinates": [ 77.658436333819267, 12.91624496189524 ] } },
{ "type": "Feature", "properties": { "type": "commercial", "area_sqm": 1222.7007140368978, "waste_kg_day": 2.5 }, "geometry": { "type": "Point", "coordinates": [ 77.626793654839815, 12.916120800403782 ] } },
{ "type": "Feature", "properties": { "type": "commercial", "area_sqm": 773.54534969681299, "waste_kg_day": 2.5 }, "geometry": { "type": "Point", "coordinates": [ 77.628720974798924, 12.91626763844847 ] } },
{ "type": "Feature", "properties": { "type": "commercial", "area_sqm": 449.15536434008493, "waste_kg_day": 2.5 }, "geometry": { "type": "Point", "coordinates": [ 77.64100360003772, 12.916210878348565 ] } },
{ "type": "Feature", "properties": { "type": "commercial", "area_sqm": 424.20228854341354, "waste_kg_day": 2.5 }, "geometry": { "type": "Point", "coordinates": [ 77.646523726088006, 12.916220526999645 ] } },
{ "type": "Feature", "properties": { "type": "commercial", "area_sqm": 1596.9968509869686, "waste_kg_day": 2.5 }, "geometry": { "type": "Point", "coordinates": [ 77.647564788832099, 12.915976254402755 ] } },
{ "type": "Feature", "properties": { "type": "commercial", "area_sqm": 374.29613695007077, "waste_kg_day": 2.5 }, "geometry": { "type": "Point", "coordinates": [ 77.653839936526637, 12.916312276899921 ] } },
{ "type": "Feature", "properties": { "type": "commercial", "area_sqm": 1422.3253204102689, "waste_kg_day": 2.5 }, "geometry": { "type": "Point", "coordinates": [ 77.652340845996079, 12.91608609220564 ] } },
{ "type": "Feature", "properties": { "type": "commercial", "area_sqm": 873.35765288349853, "waste_kg_day": 2.5 }, "geometry": { "type": "Point", "coordinates": [ 77.654518244115053, 12.916158048851219 ] } },
{ "type": "Feature", "properties": { "type": "commercial", "area_sqm": 923.26380447684119, "waste_kg_day": 2.5 }, "geometry": { "type": "Point", "coordinates": [ 77.627535952290955, 12.916060150772223 ] } },
{ "type": "Feature", "properties": { "type": "commercial", "area_sqm": 4491.5536434008491, "waste_kg_day": 2.5 }, "geometry": { "type": "Point", "coordinates": [ 77.629682054565052, 12.915906434168633 ] } },
{ "type": "Feature", "properties": { "type": "commercial", "area_sqm": 6936.9550714746447, "waste_kg_day": 2.5 }, "geometry": { "type": "Point", "coordinates": [ 77.631423961573518, 12.915958025634273 ] } },
{ "type": "Feature", "properties": { "type": "commercial", "area_sqm": 249.53075796671385, "waste_kg_day": 2.5 }, "geometry": { "type": "Point", "coordinates": [ 77.639652814527921, 12.916225789900235 ] } },
{ "type": "Feature", "properties": { "type": "commercial", "area_sqm": 1971.2929879370395, "waste_kg_day": 2.5 }, "geometry": { "type": "Point", "coordinates": [ 77.650761805071824, 12.916082525751911 ] } },
{ "type": "Feature", "properties": { "type": "commercial", "area_sqm": 199.62460637337108, "waste_kg_day": 2.5 }, "geometry": { "type": "Point", "coordinates": [ 77.624816773104087, 12.916153096085843 ] } },
{ "type": "Feature", "properties": { "type": "commercial", "area_sqm": 1547.090699393626, "waste_kg_day": 2.5 }, "geometry": { "type": "Point", "coordinates": [ 77.625632405771981, 12.915931407009198 ] } },
{ "type": "Feature", "properties": { "type": "commercial", "area_sqm": 3643.1490663140221, "waste_kg_day": 2.5 }, "geometry": { "type": "Point", "coordinates": [ 77.643025550353329, 12.91585075416234 ] } },
{ "type": "Feature", "properties": { "type": "commercial", "area_sqm": 399.24921274674216, "waste_kg_day": 2.5 }, "geometry": { "type": "Point", "coordinates": [ 77.644301789513847, 12.916002116625183 ] } },
{ "type": "Feature", "properties": { "type": "commercial", "area_sqm": 199.62460637337108, "waste_kg_day": 2.5 }, "geometry": { "type": "Point", "coordinates": [ 77.652065577740345, 12.916091585935204 ] } },
{ "type": "Feature", "properties": { "type": "commercial", "area_sqm": 2170.9175943104105, "waste_kg_day": 2.5 }, "geometry": { "type": "Point", "coordinates": [ 77.65333977094194, 12.916084901446524 ] } },
{ "type": "Feature", "properties": { "type": "commercial", "area_sqm": 1048.0291834601981, "waste_kg_day": 2.5 }, "geometry": { "type": "Point", "coordinates": [ 77.626302508026683, 12.915990400406013 ] } },
{ "type": "Feature", "properties": { "type": "commercial", "area_sqm": 2145.9645185137392, "waste_kg_day": 2.5 }, "geometry": { "type": "Point", "coordinates": [ 77.632871257411821, 12.915884558113179 ] } },
{ "type": "Feature", "properties": { "type": "commercial", "area_sqm": 1871.4806847503539, "waste_kg_day": 2.5 }, "geometry": { "type": "Point", "coordinates": [ 77.639983511615256, 12.915926365942699 ] } },
{ "type": "Feature", "properties": { "type": "commercial", "area_sqm": 1796.6214573603397, "waste_kg_day": 2.5 }, "geometry": { "type": "Point", "coordinates": [ 77.628663799904942, 12.915756076022626 ] } },
{ "type": "Feature", "properties": { "type": "commercial", "area_sqm": 698.68612230679878, "waste_kg_day": 2.5 }, "geometry": { "type": "Point", "coordinates": [ 77.645273093216261, 12.915979749297678 ] } },
{ "type": "Feature", "properties": { "type": "commercial", "area_sqm": 998.1230318668554, "waste_kg_day": 2.5 }, "geometry": { "type": "Point", "coordinates": [ 77.647052820461766, 12.91600547172431 ] } },
{ "type": "Feature", "properties": { "type": "commercial", "area_sqm": 1572.0437751902973, "waste_kg_day": 2.5 }, "geometry": { "type": "Point", "coordinates": [ 77.62813331865209, 12.915855841404039 ] } },
{ "type": "Feature", "properties": { "type": "commercial", "area_sqm": 1147.8414866468838, "waste_kg_day": 2.5 }, "geometry": { "type": "Point", "coordinates": [ 77.633421166753308, 12.915906812360161 ] } },
{ "type": "Feature", "properties": { "type": "commercial", "area_sqm": 199.62460637337108, "waste_kg_day": 2.5 }, "geometry": { "type": "Point", "coordinates": [ 77.635654696040035, 12.915912647315162 ] } },
{ "type": "Feature", "properties": { "type": "commercial", "area_sqm": 224.57768217004246, "waste_kg_day": 2.5 }, "geometry": { "type": "Point", "coordinates": [ 77.643658681307457, 12.915912647315162 ] } },
{ "type": "Feature", "properties": { "type": "mixed", "area_sqm": 249.53075796671385, "waste_kg_day": 1.2 }, "geometry": { "type": "Point", "coordinates": [ 77.650085114396333, 12.915970802366676 ] } },
{ "type": "Feature", "properties": { "type": "commercial", "area_sqm": 673.73304651012745, "waste_kg_day": 2.5 }, "geometry": { "type": "Point", "coordinates": [ 77.633981925966395, 12.91585962846478 ] } },
{ "type": "Feature", "properties": { "type": "commercial", "area_sqm": 399.24921274674216, "waste_kg_day": 2.5 }, "geometry": { "type": "Point", "coordinates": [ 77.644072246373923, 12.915907055483286 ] } },
{ "type": "Feature", "properties": { "type": "commercial", "area_sqm": 2021.1991395303821, "waste_kg_day": 2.5 }, "geometry": { "type": "Point", "coordinates": [ 77.625043267147774, 12.915760218120313 ] } },
{ "type": "Feature", "properties": { "type": "mixed", "area_sqm": 224.57768217004246, "waste_kg_day": 1.2 }, "geometry": { "type": "Point", "coordinates": [ 77.624231131394055, 12.915843060074035 ] } },
{ "type": "Feature", "properties": { "type": "commercial", "area_sqm": 399.24921274674216, "waste_kg_day": 2.5 }, "geometry": { "type": "Point", "coordinates": [ 77.634260003544256, 12.915825973921081 ] } },
{ "type": "Feature", "properties": { "type": "commercial", "area_sqm": 2145.9645185137392, "waste_kg_day": 2.5 }, "geometry": { "type": "Point", "coordinates": [ 77.634674086665086, 12.915695736255403 ] } },
{ "type": "Feature", "properties": { "type": "commercial", "area_sqm": 698.68612230679878, "waste_kg_day": 2.5 }, "geometry": { "type": "Point", "coordinates": [ 77.635199760630698, 12.915754478356376 ] } },
{ "type": "Feature", "properties": { "type": "commercial", "area_sqm": 2170.9175943104105, "waste_kg_day": 2.5 }, "geometry": { "type": "Point", "coordinates": [ 77.644528627431271, 12.915638069087858 ] } },
{ "type": "Feature", "properties": { "type": "commercial", "area_sqm": 249.53075796671385, "waste_kg_day": 2.5 }, "geometry": { "type": "Point", "coordinates": [ 77.624422772474034, 12.915751602557126 ] } },
{ "type": "Feature", "properties": { "type": "commercial", "area_sqm": 573.92074332344191, "waste_kg_day": 2.5 }, "geometry": { "type": "Point", "coordinates": [ 77.654435544336422, 12.915745378605124 ] } },
{ "type": "Feature", "properties": { "type": "commercial", "area_sqm": 873.35765288349853, "waste_kg_day": 2.5 }, "geometry": { "type": "Point", "coordinates": [ 77.641013635920231, 12.915734986828122 ] } },
{ "type": "Feature", "properties": { "type": "commercial", "area_sqm": 2969.4160198038949, "waste_kg_day": 2.5 }, "geometry": { "type": "Point", "coordinates": [ 77.658927894556754, 12.914617973770159 ] } },
{ "type": "Feature", "properties": { "type": "commercial", "area_sqm": 1197.7476382402265, "waste_kg_day": 2.5 }, "geometry": { "type": "Point", "coordinates": [ 77.627685578084993, 12.915634919665306 ] } },
{ "type": "Feature", "properties": { "type": "commercial", "area_sqm": 2919.5098682105522, "waste_kg_day": 2.5 }, "geometry": { "type": "Point", "coordinates": [ 77.635826151826905, 12.915166687384179 ] } },
{ "type": "Feature", "properties": { "type": "commercial", "area_sqm": 374.29613695007077, "waste_kg_day": 2.5 }, "geometry": { "type": "Point", "coordinates": [ 77.638538610189627, 12.915632310143765 ] } },
{ "type": "Feature", "properties": { "type": "commercial", "area_sqm": 1297.559941426912, "waste_kg_day": 2.5 }, "geometry": { "type": "Point", "coordinates": [ 77.649467515950136, 12.915567674302487 ] } },
{ "type": "Feature", "properties": { "type": "commercial", "area_sqm": 1422.3253204102689, "waste_kg_day": 2.5 }, "geometry": { "type": "Point", "coordinates": [ 77.650050614108281, 12.915615985918778 ] } },
{ "type": "Feature", "properties": { "type": "commercial", "area_sqm": 1422.3253204102689, "waste_kg_day": 2.5 }, "geometry": { "type": "Point", "coordinates": [ 77.650867039364584, 12.915631682288957 ] } },
{ "type": "Feature", "properties": { "type": "commercial", "area_sqm": 648.77997071345601, "waste_kg_day": 2.5 }, "geometry": { "type": "Point", "coordinates": [ 77.653832188234986, 12.915680371221839 ] } },
{ "type": "Feature", "properties": { "type": "commercial", "area_sqm": 723.63919810347011, "waste_kg_day": 2.5 }, "geometry": { "type": "Point", "coordinates": [ 77.636399333585189, 12.915661207702518 ] } },
{ "type": "Feature", "properties": { "type": "commercial", "area_sqm": 1097.9353350535409, "waste_kg_day": 2.5 }, "geometry": { "type": "Point", "coordinates": [ 77.647958630974372, 12.915555786771785 ] } },
{ "type": "Feature", "properties": { "type": "commercial", "area_sqm": 2096.0583669203961, "waste_kg_day": 2.5 }, "geometry": { "type": "Point", "coordinates": [ 77.648709460560028, 12.915499384311735 ] } },
{ "type": "Feature", "properties": { "type": "commercial", "area_sqm": 2794.7444892271951, "waste_kg_day": 2.5 }, "geometry": { "type": "Point", "coordinates": [ 77.651724376183338, 12.915267190150015 ] } },
{ "type": "Feature", "properties": { "type": "mixed", "area_sqm": 249.53075796671385, "waste_kg_day": 1.2 }, "geometry": { "type": "Point", "coordinates": [ 77.625752379320005, 12.915577137402586 ] } },
{ "type": "Feature", "properties": { "type": "mixed", "area_sqm": 249.53075796671385, "waste_kg_day": 1.2 }, "geometry": { "type": "Point", "coordinates": [ 77.6529395850377, 12.915599504730091 ] } },
{ "type": "Feature", "properties": { "type": "commercial", "area_sqm": 623.82689491678457, "waste_kg_day": 2.5 }, "geometry": { "type": "Point", "coordinates": [ 77.658426305316084, 12.915461721992658 ] } },
{ "type": "Feature", "properties": { "type": "commercial", "area_sqm": 4915.7559319442626, "waste_kg_day": 2.5 }, "geometry": { "type": "Point", "coordinates": [ 77.632312035827439, 12.914701178358412 ] } },
{ "type": "Feature", "properties": { "type": "commercial", "area_sqm": 2570.1668070571527, "waste_kg_day": 2.5 }, "geometry": { "type": "Point", "coordinates": [ 77.63689299340642, 12.915202973273542 ] } },
{ "type": "Feature", "properties": { "type": "commercial", "area_sqm": 324.389985356728, "waste_kg_day": 2.5 }, "geometry": { "type": "Point", "coordinates": [ 77.638242029426422, 12.915472183019677 ] } },
{ "type": "Feature", "properties": { "type": "commercial", "area_sqm": 698.68612230679878, "waste_kg_day": 2.5 }, "geometry": { "type": "Point", "coordinates": [ 77.643732290078077, 12.915546781743828 ] } },
{ "type": "Feature", "properties": { "type": "commercial", "area_sqm": 1596.9968509869686, "waste_kg_day": 2.5 }, "geometry": { "type": "Point", "coordinates": [ 77.645234490120401, 12.915429652836849 ] } },
{ "type": "Feature", "properties": { "type": "commercial", "area_sqm": 1821.574533157011, "waste_kg_day": 2.5 }, "geometry": { "type": "Point", "coordinates": [ 77.646005033842599, 12.915367865009626 ] } },
{ "type": "Feature", "properties": { "type": "commercial", "area_sqm": 573.92074332344191, "waste_kg_day": 2.5 }, "geometry": { "type": "Point", "coordinates": [ 77.646275582589396, 12.915562550015082 ] } },
{ "type": "Feature", "properties": { "type": "commercial", "area_sqm": 474.10844013675631, "waste_kg_day": 2.5 }, "geometry": { "type": "Point", "coordinates": [ 77.646544308237324, 12.915514744331123 ] } },
{ "type": "Feature", "properties": { "type": "commercial", "area_sqm": 1023.0761076635267, "waste_kg_day": 2.5 }, "geometry": { "type": "Point", "coordinates": [ 77.647015770398923, 12.915544950272761 ] } },
{ "type": "Feature", "properties": { "type": "commercial", "area_sqm": 349.34306115339939, "waste_kg_day": 2.5 }, "geometry": { "type": "Point", "coordinates": [ 77.624892318947616, 12.915538793412576 ] } },
{ "type": "Feature", "properties": { "type": "mixed", "area_sqm": 224.57768217004246, "waste_kg_day": 1.2 }, "geometry": { "type": "Point", "coordinates": [ 77.626002907416478, 12.915544829040634 ] } },
{ "type": "Feature", "properties": { "type": "commercial", "area_sqm": 723.63919810347011, "waste_kg_day": 2.5 }, "geometry": { "type": "Point", "coordinates": [ 77.630544831292568, 12.915434449278846 ] } },
{ "type": "Feature", "properties": { "type": "commercial", "area_sqm": 823.45150129015565, "waste_kg_day": 2.5 }, "geometry": { "type": "Point", "coordinates": [ 77.640400172476419, 12.915366342285795 ] } },
{ "type": "Feature", "properties": { "type": "mixed", "area_sqm": 224.57768217004246, "waste_kg_day": 1.2 }, "geometry": { "type": "Point", "coordinates": [ 77.650379032925997, 12.915519976454517 ] } },
{ "type": "Feature", "properties": { "type": "commercial", "area_sqm": 199.62460637337108, "waste_kg_day": 2.5 }, "geometry": { "type": "Point", "coordinates": [ 77.626199843162411, 12.915431749773802 ] } },
{ "type": "Feature", "properties": { "type": "commercial", "area_sqm": 1297.559941426912, "waste_kg_day": 2.5 }, "geometry": { "type": "Point", "coordinates": [ 77.626656247341316, 12.915353464127534 ] } },
{ "type": "Feature", "properties": { "type": "commercial", "area_sqm": 798.49842549348432, "waste_kg_day": 2.5 }, "geometry": { "type": "Point", "coordinates": [ 77.627115110112754, 12.915413576320205 ] } },
{ "type": "Feature", "properties": { "type": "commercial", "area_sqm": 199.62460637337108, "waste_kg_day": 2.5 }, "geometry": { "type": "Point", "coordinates": [ 77.650903333993853, 12.915442933437555 ] } },
{ "type": "Feature", "properties": { "type": "commercial", "area_sqm": 773.54534969681299, "waste_kg_day": 2.5 }, "geometry": { "type": "Point", "coordinates": [ 77.654740238026591, 12.915380160615202 ] } },
{ "type": "Feature", "properties": { "type": "commercial", "area_sqm": 673.73304651012745, "waste_kg_day": 2.5 }, "geometry": { "type": "Point", "coordinates": [ 77.62880606714873, 12.915365890420592 ] } },
{ "type": "Feature", "properties": { "type": "commercial", "area_sqm": 823.45150129015565, "waste_kg_day": 2.5 }, "geometry": { "type": "Point", "coordinates": [ 77.638736402943579, 12.915379898241858 ] } },
{ "type": "Feature", "properties": { "type": "mixed", "area_sqm": 249.53075796671385, "waste_kg_day": 1.2 }, "geometry": { "type": "Point", "coordinates": [ 77.640712780824714, 12.915420566110049 ] } },
{ "type": "Feature", "properties": { "type": "commercial", "area_sqm": 623.82689491678457, "waste_kg_day": 2.5 }, "geometry": { "type": "Point", "coordinates": [ 77.641223238278172, 12.915366884524037 ] } },
{ "type": "Feature", "properties": { "type": "commercial", "area_sqm": 2395.495276480453, "waste_kg_day": 2.5 }, "geometry": { "type": "Point", "coordinates": [ 77.641971006533922, 12.915311525388462 ] } },
{ "type": "Feature", "properties": { "type": "commercial", "area_sqm": 449.15536434008493, "waste_kg_day": 2.5 }, "geometry": { "type": "Point", "coordinates": [ 77.644704700679299, 12.915383287230874 ] } },
{ "type": "Feature", "properties": { "type": "mixed", "area_sqm": 249.53075796671385, "waste_kg_day": 1.2 }, "geometry": { "type": "Point", "coordinates": [ 77.648160438752171, 12.915420566110049 ] } },
{ "type": "Feature", "properties": { "type": "commercial", "area_sqm": 648.77997071345601, "waste_kg_day": 2.5 }, "geometry": { "type": "Point", "coordinates": [ 77.631511744100649, 12.915339699618301 ] } },
{ "type": "Feature", "properties": { "type": "commercial", "area_sqm": 748.59227390014155, "waste_kg_day": 2.5 }, "geometry": { "type": "Point", "coordinates": [ 77.633488273696585, 12.915372849144704 ] } },
{ "type": "Feature", "properties": { "type": "commercial", "area_sqm": 2769.7914134305238, "waste_kg_day": 2.5 }, "geometry": { "type": "Point", "coordinates": [ 77.637674906026035, 12.915219461669958 ] } },
{ "type": "Feature", "properties": { "type": "commercial", "area_sqm": 399.24921274674216, "waste_kg_day": 2.5 }, "geometry": { "type": "Point", "coordinates": [ 77.647503771035403, 12.915345076379719 ] } },
{ "type": "Feature", "properties": { "type": "commercial", "area_sqm": 1522.1376235969544, "waste_kg_day": 2.5 }, "geometry": { "type": "Point", "coordinates": [ 77.653522383590442, 12.915281962015017 ] } },
{ "type": "Feature", "properties": { "type": "commercial", "area_sqm": 1547.090699393626, "waste_kg_day": 2.5 }, "geometry": { "type": "Point", "coordinates": [ 77.630924738909187, 12.915051865969561 ] } },
{ "type": "Feature", "properties": { "type": "commercial", "area_sqm": 573.92074332344191, "waste_kg_day": 2.5 }, "geometry": { "type": "Point", "coordinates": [ 77.633786010225037, 12.915290252115019 ] } },
{ "type": "Feature", "properties": { "type": "mixed", "area_sqm": 199.62460637337108, "waste_kg_day": 1.2 }, "geometry": { "type": "Point", "coordinates": [ 77.640797624618202, 12.915331096800029 ] } },
{ "type": "Feature", "properties": { "type": "commercial", "area_sqm": 374.29613695007077, "waste_kg_day": 2.5 }, "geometry": { "type": "Point", "coordinates": [ 77.646838580197837, 12.91532513217936 ] } },
{ "type": "Feature", "properties": { "type": "mixed", "area_sqm": 274.48383376338523, "waste_kg_day": 1.2 }, "geometry": { "type": "Point", "coordinates": [ 77.647232756925433, 12.915331096800029 ] } },
{ "type": "Feature", "properties": { "type": "commercial", "area_sqm": 1197.7476382402265, "waste_kg_day": 2.5 }, "geometry": { "type": "Point", "coordinates": [ 77.654302896952316, 12.915254675097719 ] } },
{ "type": "Feature", "properties": { "type": "commercial", "area_sqm": 374.29613695007077, "waste_kg_day": 2.5 }, "geometry": { "type": "Point", "coordinates": [ 77.624706359948178, 12.915322149869027 ] } },
{ "type": "Feature", "properties": { "type": "commercial", "area_sqm": 798.49842549348432, "waste_kg_day": 2.5 }, "geometry": { "type": "Point", "coordinates": [ 77.626054562694094, 12.915118607188729 ] } },
{ "type": "Feature", "properties": { "type": "commercial", "area_sqm": 1097.9353350535409, "waste_kg_day": 2.5 }, "geometry": { "type": "Point", "coordinates": [ 77.629198960320934, 12.915254844547171 ] } },
{ "type": "Feature", "properties": { "type": "commercial", "area_sqm": 1097.9353350535409, "waste_kg_day": 2.5 }, "geometry": { "type": "Point", "coordinates": [ 77.634368831822329, 12.915181642384427 ] } },
{ "type": "Feature", "properties": { "type": "commercial", "area_sqm": 1097.9353350535409, "waste_kg_day": 2.5 }, "geometry": { "type": "Point", "coordinates": [ 77.642900757506723, 12.915239594096599 ] } },
{ "type": "Feature", "properties": { "type": "commercial", "area_sqm": 1821.574533157011, "waste_kg_day": 2.5 }, "geometry": { "type": "Point", "coordinates": [ 77.63166517497163, 12.915057173638527 ] } },
{ "type": "Feature", "properties": { "type": "commercial", "area_sqm": 1122.8884108502123, "waste_kg_day": 2.5 }, "geometry": { "type": "Point", "coordinates": [ 77.632833801329127, 12.91512929380076 ] } },
{ "type": "Feature", "properties": { "type": "commercial", "area_sqm": 1721.7622299703255, "waste_kg_day": 2.5 }, "geometry": { "type": "Point", "coordinates": [ 77.650136253121175, 12.915198189491665 ] } },
{ "type": "Feature", "properties": { "type": "commercial", "area_sqm": 698.68612230679878, "waste_kg_day": 2.5 }, "geometry": { "type": "Point", "coordinates": [ 77.650919937475948, 12.915211271831252 ] } },
{ "type": "Feature", "properties": { "type": "mixed", "area_sqm": 199.62460637337108, "waste_kg_day": 1.2 }, "geometry": { "type": "Point", "coordinates": [ 77.62629863388085, 12.915230443826255 ] } },
{ "type": "Feature", "properties": { "type": "commercial", "area_sqm": 1322.5130172235833, "waste_kg_day": 2.5 }, "geometry": { "type": "Point", "coordinates": [ 77.629878125328744, 12.915075349621386 ] } },
{ "type": "Feature", "properties": { "type": "commercial", "area_sqm": 898.31072868016986, "waste_kg_day": 2.5 }, "geometry": { "type": "Point", "coordinates": [ 77.634857913382717, 12.915145945033458 ] } },
{ "type": "Feature", "properties": { "type": "commercial", "area_sqm": 374.29613695007077, "waste_kg_day": 2.5 }, "geometry": { "type": "Point", "coordinates": [ 77.641389981514337, 12.915190928214329 ] } },
{ "type": "Feature", "properties": { "type": "commercial", "area_sqm": 773.54534969681299, "waste_kg_day": 2.5 }, "geometry": { "type": "Point", "coordinates": [ 77.651190520674447, 12.914964561239621 ] } },
{ "type": "Feature", "properties": { "type": "commercial", "area_sqm": 898.31072868016986, "waste_kg_day": 2.5 }, "geometry": { "type": "Point", "coordinates": [ 77.643319047857105, 12.915012983697734 ] } },
{ "type": "Feature", "properties": { "type": "commercial", "area_sqm": 1696.8091541736542, "waste_kg_day": 2.5 }, "geometry": { "type": "Point", "coordinates": [ 77.648922050242504, 12.914959404445899 ] } },
{ "type": "Feature", "properties": { "type": "commercial", "area_sqm": 1621.94992678364, "waste_kg_day": 2.5 }, "geometry": { "type": "Point", "coordinates": [ 77.633387069087277, 12.914846586074994 ] } },
{ "type": "Feature", "properties": { "type": "commercial", "area_sqm": 573.92074332344191, "waste_kg_day": 2.5 }, "geometry": { "type": "Point", "coordinates": [ 77.642600871057041, 12.915054908929966 ] } },
{ "type": "Feature", "properties": { "type": "commercial", "area_sqm": 1447.2783962069402, "waste_kg_day": 2.5 }, "geometry": { "type": "Point", "coordinates": [ 77.644115830514409, 12.915088141346093 ] } },
{ "type": "Feature", "properties": { "type": "mixed", "area_sqm": 249.53075796671385, "waste_kg_day": 1.2 }, "geometry": { "type": "Point", "coordinates": [ 77.646868023706077, 12.915138737783485 ] } },
{ "type": "Feature", "properties": { "type": "commercial", "area_sqm": 2021.1991395303821, "waste_kg_day": 2.5 }, "geometry": { "type": "Point", "coordinates": [ 77.648414410533803, 12.914852822587203 ] } },
{ "type": "Feature", "properties": { "type": "commercial", "area_sqm": 598.87381912011324, "waste_kg_day": 2.5 }, "geometry": { "type": "Point", "coordinates": [ 77.658392057867019, 12.915036593654545 ] } },
{ "type": "Feature", "properties": { "type": "commercial", "area_sqm": 5364.9112962843474, "waste_kg_day": 2.5 }, "geometry": { "type": "Point", "coordinates": [ 77.625199583759468, 12.914791159917463 ] } },
{ "type": "Feature", "properties": { "type": "commercial", "area_sqm": 474.10844013675631, "waste_kg_day": 2.5 }, "geometry": { "type": "Point", "coordinates": [ 77.627483510795031, 12.91506033441444 ] } },
{ "type": "Feature", "properties": { "type": "commercial", "area_sqm": 573.92074332344191, "waste_kg_day": 2.5 }, "geometry": { "type": "Point", "coordinates": [ 77.628779266294544, 12.915027679139959 ] } },
{ "type": "Feature", "properties": { "type": "commercial", "area_sqm": 973.16995607018407, "waste_kg_day": 2.5 }, "geometry": { "type": "Point", "coordinates": [ 77.635215427506097, 12.91502598351201 ] } },
{ "type": "Feature", "properties": { "type": "mixed", "area_sqm": 274.48383376338523, "waste_kg_day": 1.2 }, "geometry": { "type": "Point", "coordinates": [ 77.648171004604407, 12.915095223164521 ] } },
{ "type": "Feature", "properties": { "type": "commercial", "area_sqm": 948.21688027351263, "waste_kg_day": 2.5 }, "geometry": { "type": "Point", "coordinates": [ 77.649407098097072, 12.91498852352087 ] } },
{ "type": "Feature", "properties": { "type": "commercial", "area_sqm": 1097.9353350535409, "waste_kg_day": 2.5 }, "geometry": { "type": "Point", "coordinates": [ 77.638534947360853, 12.914864433012536 ] } },
{ "type": "Feature", "properties": { "type": "commercial", "area_sqm": 2794.7444892271951, "waste_kg_day": 2.5 }, "geometry": { "type": "Point", "coordinates": [ 77.639379272160454, 12.914902922244931 ] } },
{ "type": "Feature", "properties": { "type": "commercial", "area_sqm": 798.49842549348432, "waste_kg_day": 2.5 }, "geometry": { "type": "Point", "coordinates": [ 77.64019471067472, 12.914981607307761 ] } },
{ "type": "Feature", "properties": { "type": "commercial", "area_sqm": 1072.9822592568696, "waste_kg_day": 2.5 }, "geometry": { "type": "Point", "coordinates": [ 77.640538822667679, 12.914894153658068 ] } },
{ "type": "Feature", "properties": { "type": "commercial", "area_sqm": 374.29613695007077, "waste_kg_day": 2.5 }, "geometry": { "type": "Point", "coordinates": [ 77.645143253986305, 12.915020936525291 ] } },
{ "type": "Feature", "properties": { "type": "commercial", "area_sqm": 499.0615159334277, "waste_kg_day": 2.5 }, "geometry": { "type": "Point", "coordinates": [ 77.646651846369238, 12.915020190947708 ] } },
{ "type": "Feature", "properties": { "type": "commercial", "area_sqm": 399.24921274674216, "waste_kg_day": 2.5 }, "geometry": { "type": "Point", "coordinates": [ 77.647541543957161, 12.915006770551205 ] } },
{ "type": "Feature", "properties": { "type": "mixed", "area_sqm": 249.53075796671385, "waste_kg_day": 1.2 }, "geometry": { "type": "Point", "coordinates": [ 77.651730851541359, 12.915000060352952 ] } },
{ "type": "Feature", "properties": { "type": "commercial", "area_sqm": 1621.94992678364, "waste_kg_day": 2.5 }, "geometry": { "type": "Point", "coordinates": [ 77.653052233277734, 12.914810110125524 ] } },
{ "type": "Feature", "properties": { "type": "commercial", "area_sqm": 199.62460637337108, "waste_kg_day": 2.5 }, "geometry": { "type": "Point", "coordinates": [ 77.633888085545379, 12.914928484904936 ] } },
{ "type": "Feature", "properties": { "type": "commercial", "area_sqm": 424.20228854341354, "waste_kg_day": 2.5 }, "geometry": { "type": "Point", "coordinates": [ 77.634031656831709, 12.914878487349336 ] } },
{ "type": "Feature", "properties": { "type": "commercial", "area_sqm": 1222.7007140368978, "waste_kg_day": 2.5 }, "geometry": { "type": "Point", "coordinates": [ 77.641089727306735, 12.91492392014422 ] } },
{ "type": "Feature", "properties": { "type": "commercial", "area_sqm": 548.96766752677047, "waste_kg_day": 2.5 }, "geometry": { "type": "Point", "coordinates": [ 77.645844403940998, 12.914832915414687 ] } },
{ "type": "Feature", "properties": { "type": "commercial", "area_sqm": 324.389985356728, "waste_kg_day": 2.5 }, "geometry": { "type": "Point", "coordinates": [ 77.647103690976522, 12.914997307451106 ] } },
{ "type": "Feature", "properties": { "type": "commercial", "area_sqm": 374.29613695007077, "waste_kg_day": 2.5 }, "geometry": { "type": "Point", "coordinates": [ 77.626950265208052, 12.914788316319237 ] } },
{ "type": "Feature", "properties": { "type": "commercial", "area_sqm": 374.29613695007077, "waste_kg_day": 2.5 }, "geometry": { "type": "Point", "coordinates": [ 77.631264513994992, 12.914803227870907 ] } },
{ "type": "Feature", "properties": { "type": "commercial", "area_sqm": 399.24921274674216, "waste_kg_day": 2.5 }, "geometry": { "type": "Point", "coordinates": [ 77.641945340317861, 12.914903321661493 ] } },
{ "type": "Feature", "properties": { "type": "commercial", "area_sqm": 374.29613695007077, "waste_kg_day": 2.5 }, "geometry": { "type": "Point", "coordinates": [ 77.643767157390471, 12.914839015594916 ] } },
{ "type": "Feature", "properties": { "type": "commercial", "area_sqm": 1048.0291834601981, "waste_kg_day": 2.5 }, "geometry": { "type": "Point", "coordinates": [ 77.629557897415637, 12.914752741617395 ] } },
{ "type": "Feature", "properties": { "type": "commercial", "area_sqm": 1397.3722446135976, "waste_kg_day": 2.5 }, "geometry": { "type": "Point", "coordinates": [ 77.637632170757257, 12.91481025760241 ] } },
{ "type": "Feature", "properties": { "type": "commercial", "area_sqm": 773.54534969681299, "waste_kg_day": 2.5 }, "geometry": { "type": "Point", "coordinates": [ 77.641490659316716, 12.914683165829073 ] } },
{ "type": "Feature", "properties": { "type": "commercial", "area_sqm": 424.20228854341354, "waste_kg_day": 2.5 }, "geometry": { "type": "Point", "coordinates": [ 77.64408711625714, 12.914794280939905 ] } },
{ "type": "Feature", "properties": { "type": "commercial", "area_sqm": 374.29613695007077, "waste_kg_day": 2.5 }, "geometry": { "type": "Point", "coordinates": [ 77.645385000685565, 12.914865856387921 ] } },
{ "type": "Feature", "properties": { "type": "commercial", "area_sqm": 474.10844013675631, "waste_kg_day": 2.5 }, "geometry": { "type": "Point", "coordinates": [ 77.647924319759454, 12.914824888861755 ] } },
{ "type": "Feature", "properties": { "type": "commercial", "area_sqm": 948.21688027351263, "waste_kg_day": 2.5 }, "geometry": { "type": "Point", "coordinates": [ 77.649890346812711, 12.914568253209326 ] } },
{ "type": "Feature", "properties": { "type": "commercial", "area_sqm": 1247.6537898335691, "waste_kg_day": 2.5 }, "geometry": { "type": "Point", "coordinates": [ 77.627542234689585, 12.914662761054176 ] } },
{ "type": "Feature", "properties": { "type": "commercial", "area_sqm": 698.68612230679878, "waste_kg_day": 2.5 }, "geometry": { "type": "Point", "coordinates": [ 77.6291029620063, 12.914722385958639 ] } },
{ "type": "Feature", "properties": { "type": "commercial", "area_sqm": 748.59227390014155, "waste_kg_day": 2.5 }, "geometry": { "type": "Point", "coordinates": [ 77.636339645021295, 12.914758493215897 ] } },
{ "type": "Feature", "properties": { "type": "commercial", "area_sqm": 399.24921274674216, "waste_kg_day": 2.5 }, "geometry": { "type": "Point", "coordinates": [ 77.641707080349832, 12.914718791209575 ] } },
{ "type": "Feature", "properties": { "type": "commercial", "area_sqm": 1222.7007140368978, "waste_kg_day": 2.5 }, "geometry": { "type": "Point", "coordinates": [ 77.646229216592189, 12.9146436438363 ] } },
{ "type": "Feature", "properties": { "type": "commercial", "area_sqm": 973.16995607018407, "waste_kg_day": 2.5 }, "geometry": { "type": "Point", "coordinates": [ 77.649714269237847, 12.914531608222024 ] } },
{ "type": "Feature", "properties": { "type": "commercial", "area_sqm": 1297.559941426912, "waste_kg_day": 2.5 }, "geometry": { "type": "Point", "coordinates": [ 77.650637805999466, 12.914720296702773 ] } },
{ "type": "Feature", "properties": { "type": "commercial", "area_sqm": 623.82689491678457, "waste_kg_day": 2.5 }, "geometry": { "type": "Point", "coordinates": [ 77.654186440128925, 12.914756703829697 ] } },
{ "type": "Feature", "properties": { "type": "commercial", "area_sqm": 199.62460637337108, "waste_kg_day": 2.5 }, "geometry": { "type": "Point", "coordinates": [ 77.631633332677211, 12.914811056435534 ] } },
{ "type": "Feature", "properties": { "type": "commercial", "area_sqm": 399.24921274674216, "waste_kg_day": 2.5 }, "geometry": { "type": "Point", "coordinates": [ 77.639609230387435, 12.914774709528338 ] } },
{ "type": "Feature", "properties": { "type": "mixed", "area_sqm": 299.43690956005662, "waste_kg_day": 1.2 }, "geometry": { "type": "Point", "coordinates": [ 77.640090593005766, 12.914734634733225 ] } },
{ "type": "Feature", "properties": { "type": "commercial", "area_sqm": 374.29613695007077, "waste_kg_day": 2.5 }, "geometry": { "type": "Point", "coordinates": [ 77.64226088949502, 12.91474656397456 ] } },
{ "type": "Feature", "properties": { "type": "mixed", "area_sqm": 224.57768217004246, "waste_kg_day": 1.2 }, "geometry": { "type": "Point", "coordinates": [ 77.642491272033212, 12.914734634733225 ] } },
{ "type": "Feature", "properties": { "type": "commercial", "area_sqm": 1272.6068656302407, "waste_kg_day": 2.5 }, "geometry": { "type": "Point", "coordinates": [ 77.644597591941874, 12.914685514327724 ] } },
{ "type": "Feature", "properties": { "type": "commercial", "area_sqm": 798.49842549348432, "waste_kg_day": 2.5 }, "geometry": { "type": "Point", "coordinates": [ 77.651805525702059, 12.914746750368957 ] } },
{ "type": "Feature", "properties": { "type": "commercial", "area_sqm": 748.59227390014155, "waste_kg_day": 2.5 }, "geometry": { "type": "Point", "coordinates": [ 77.626352097093189, 12.914697355854051 ] } },
{ "type": "Feature", "properties": { "type": "commercial", "area_sqm": 1896.4337605470253, "waste_kg_day": 2.5 }, "geometry": { "type": "Point", "coordinates": [ 77.643019039442066, 12.914633589350197 ] } },
{ "type": "Feature", "properties": { "type": "commercial", "area_sqm": 548.96766752677047, "waste_kg_day": 2.5 }, "geometry": { "type": "Point", "coordinates": [ 77.645261168897306, 12.914651943401235 ] } },
{ "type": "Feature", "properties": { "type": "commercial", "area_sqm": 623.82689491678457, "waste_kg_day": 2.5 }, "geometry": { "type": "Point", "coordinates": [ 77.646616049261837, 12.914626078637067 ] } },
{ "type": "Feature", "properties": { "type": "commercial", "area_sqm": 2021.1991395303821, "waste_kg_day": 2.5 }, "geometry": { "type": "Point", "coordinates": [ 77.652434339027806, 12.914264092436079 ] } },
{ "type": "Feature", "properties": { "type": "commercial", "area_sqm": 1072.9822592568696, "waste_kg_day": 2.5 }, "geometry": { "type": "Point", "coordinates": [ 77.647813927942167, 12.914469694605877 ] } },
{ "type": "Feature", "properties": { "type": "commercial", "area_sqm": 249.53075796671385, "waste_kg_day": 2.5 }, "geometry": { "type": "Point", "coordinates": [ 77.632921098748298, 12.914695864698883 ] } },
{ "type": "Feature", "properties": { "type": "commercial", "area_sqm": 424.20228854341354, "waste_kg_day": 2.5 }, "geometry": { "type": "Point", "coordinates": [ 77.636845654043782, 12.914586396366623 ] } },
{ "type": "Feature", "properties": { "type": "commercial", "area_sqm": 1297.559941426912, "waste_kg_day": 2.5 }, "geometry": { "type": "Point", "coordinates": [ 77.641924554035469, 12.914377044253751 ] } },
{ "type": "Feature", "properties": { "type": "commercial", "area_sqm": 424.20228854341354, "waste_kg_day": 2.5 }, "geometry": { "type": "Point", "coordinates": [ 77.627859458865103, 12.914583764916328 ] } },
{ "type": "Feature", "properties": { "type": "commercial", "area_sqm": 573.92074332344191, "waste_kg_day": 2.5 }, "geometry": { "type": "Point", "coordinates": [ 77.631803121328858, 12.91455504778485 ] } },
{ "type": "Feature", "properties": { "type": "mixed", "area_sqm": 199.62460637337108, "waste_kg_day": 1.2 }, "geometry": { "type": "Point", "coordinates": [ 77.637886204033279, 12.914637709647369 ] } },
{ "type": "Feature", "properties": { "type": "commercial", "area_sqm": 349.34306115339939, "waste_kg_day": 2.5 }, "geometry": { "type": "Point", "coordinates": [ 77.653699360378255, 12.914576998329855 ] } },
{ "type": "Feature", "properties": { "type": "commercial", "area_sqm": 1247.6537898335691, "waste_kg_day": 2.5 }, "geometry": { "type": "Point", "coordinates": [ 77.641072611488624, 12.914465033879029 ] } },
{ "type": "Feature", "properties": { "type": "commercial", "area_sqm": 773.54534969681299, "waste_kg_day": 2.5 }, "geometry": { "type": "Point", "coordinates": [ 77.643549705334678, 12.914472480034508 ] } },
{ "type": "Feature", "properties": { "type": "commercial", "area_sqm": 1197.7476382402265, "waste_kg_day": 2.5 }, "geometry": { "type": "Point", "coordinates": [ 77.649156094228317, 12.914384213268978 ] } },
{ "type": "Feature", "properties": { "type": "commercial", "area_sqm": 374.29613695007077, "waste_kg_day": 2.5 }, "geometry": { "type": "Point", "coordinates": [ 77.628837749052337, 12.914394651355147 ] } },
{ "type": "Feature", "properties": { "type": "mixed", "area_sqm": 224.57768217004246, "waste_kg_day": 1.2 }, "geometry": { "type": "Point", "coordinates": [ 77.649526720845245, 12.914466226803164 ] } },
{ "type": "Feature", "properties": { "type": "commercial", "area_sqm": 598.87381912011324, "waste_kg_day": 2.5 }, "geometry": { "type": "Point", "coordinates": [ 77.651693659741468, 12.914510961458173 ] } },
{ "type": "Feature", "properties": { "type": "commercial", "area_sqm": 848.40457708682709, "waste_kg_day": 2.5 }, "geometry": { "type": "Point", "coordinates": [ 77.654152147101669, 12.914469296828507 ] } },
{ "type": "Feature", "properties": { "type": "commercial", "area_sqm": 2046.1522153270535, "waste_kg_day": 2.5 }, "geometry": { "type": "Point", "coordinates": [ 77.625836854597196, 12.914317474982845 ] } },
{ "type": "Feature", "properties": { "type": "commercial", "area_sqm": 1322.5130172235833, "waste_kg_day": 2.5 }, "geometry": { "type": "Point", "coordinates": [ 77.628430802927468, 12.914265905580727 ] } },
{ "type": "Feature", "properties": { "type": "commercial", "area_sqm": 998.1230318668554, "waste_kg_day": 2.5 }, "geometry": { "type": "Point", "coordinates": [ 77.629829530382665, 12.914386077212937 ] } },
{ "type": "Feature", "properties": { "type": "commercial", "area_sqm": 1097.9353350535409, "waste_kg_day": 2.5 }, "geometry": { "type": "Point", "coordinates": [ 77.632851575440554, 12.914372351807422 ] } },
{ "type": "Feature", "properties": { "type": "commercial", "area_sqm": 1048.0291834601981, "waste_kg_day": 2.5 }, "geometry": { "type": "Point", "coordinates": [ 77.633435363933657, 12.914371431938974 ] } },
{ "type": "Feature", "properties": { "type": "commercial", "area_sqm": 1347.4660930202549, "waste_kg_day": 2.5 }, "geometry": { "type": "Point", "coordinates": [ 77.636228930542913, 12.914317111286463 ] } },
{ "type": "Feature", "properties": { "type": "commercial", "area_sqm": 1097.9353350535409, "waste_kg_day": 2.5 }, "geometry": { "type": "Point", "coordinates": [ 77.645282300601792, 12.914321516972183 ] } },
{ "type": "Feature", "properties": { "type": "commercial", "area_sqm": 449.15536434008493, "waste_kg_day": 2.5 }, "geometry": { "type": "Point", "coordinates": [ 77.64570939582903, 12.914458771027329 ] } },
{ "type": "Feature", "properties": { "type": "commercial", "area_sqm": 1996.2460637337108, "waste_kg_day": 2.5 }, "geometry": { "type": "Point", "coordinates": [ 77.646850008928013, 12.914269207926722 ] } },
{ "type": "Feature", "properties": { "type": "commercial", "area_sqm": 1247.6537898335691, "waste_kg_day": 2.5 }, "geometry": { "type": "Point", "coordinates": [ 77.64832966144165, 12.914304883814093 ] } },
{ "type": "Feature", "properties": { "type": "commercial", "area_sqm": 349.34306115339939, "waste_kg_day": 2.5 }, "geometry": { "type": "Point", "coordinates": [ 77.629278958916473, 12.91446835702483 ] } },
{ "type": "Feature", "properties": { "type": "commercial", "area_sqm": 1522.1376235969544, "waste_kg_day": 2.5 }, "geometry": { "type": "Point", "coordinates": [ 77.630493190615084, 12.91429266611979 ] } },
{ "type": "Feature", "properties": { "type": "commercial", "area_sqm": 598.87381912011324, "waste_kg_day": 2.5 }, "geometry": { "type": "Point", "coordinates": [ 77.631114197137109, 12.914419628204195 ] } },
{ "type": "Feature", "properties": { "type": "commercial", "area_sqm": 4741.0844013675633, "waste_kg_day": 2.5 }, "geometry": { "type": "Point", "coordinates": [ 77.634700188070553, 12.914290427457157 ] } },
{ "type": "Feature", "properties": { "type": "commercial", "area_sqm": 199.62460637337108, "waste_kg_day": 2.5 }, "geometry": { "type": "Point", "coordinates": [ 77.637212102660314, 12.914324567062298 ] } },
{ "type": "Feature", "properties": { "type": "commercial", "area_sqm": 1122.8884108502123, "waste_kg_day": 2.5 }, "geometry": { "type": "Point", "coordinates": [ 77.637590219292505, 12.914234600700555 ] } },
{ "type": "Feature", "properties": { "type": "commercial", "area_sqm": 1397.3722446135976, "waste_kg_day": 2.5 }, "geometry": { "type": "Point", "coordinates": [ 77.644075151983287, 12.914271045242909 ] } },
{ "type": "Feature", "properties": { "type": "mixed", "area_sqm": 199.62460637337108, "waste_kg_day": 1.2 }, "geometry": { "type": "Point", "coordinates": [ 77.626531082630152, 12.914380485381061 ] } },
{ "type": "Feature", "properties": { "type": "commercial", "area_sqm": 748.59227390014155, "waste_kg_day": 2.5 }, "geometry": { "type": "Point", "coordinates": [ 77.627850616696989, 12.914293252803791 ] } },
{ "type": "Feature", "properties": { "type": "commercial", "area_sqm": 1272.6068656302407, "waste_kg_day": 2.5 }, "geometry": { "type": "Point", "coordinates": [ 77.636898524739692, 12.91423816777762 ] } },
{ "type": "Feature", "properties": { "type": "commercial", "area_sqm": 1372.4191688169262, "waste_kg_day": 2.5 }, "geometry": { "type": "Point", "coordinates": [ 77.642590544084939, 12.914099673751201 ] } },
{ "type": "Feature", "properties": { "type": "commercial", "area_sqm": 1347.4660930202549, "waste_kg_day": 2.5 }, "geometry": { "type": "Point", "coordinates": [ 77.629341560193396, 12.914197818873102 ] } },
{ "type": "Feature", "properties": { "type": "commercial", "area_sqm": 623.82689491678457, "waste_kg_day": 2.5 }, "geometry": { "type": "Point", "coordinates": [ 77.631852764296539, 12.914235992445377 ] } },
{ "type": "Feature", "properties": { "type": "commercial", "area_sqm": 1621.94992678364, "waste_kg_day": 2.5 }, "geometry": { "type": "Point", "coordinates": [ 77.63854457041397, 12.91411087305644 ] } },
{ "type": "Feature", "properties": { "type": "commercial", "area_sqm": 548.96766752677047, "waste_kg_day": 2.5 }, "geometry": { "type": "Point", "coordinates": [ 77.639244972631431, 12.91431033330843 ] } },
{ "type": "Feature", "properties": { "type": "commercial", "area_sqm": 1447.2783962069402, "waste_kg_day": 2.5 }, "geometry": { "type": "Point", "coordinates": [ 77.639688082614029, 12.914180336364247 ] } },
{ "type": "Feature", "properties": { "type": "commercial", "area_sqm": 1522.1376235969544, "waste_kg_day": 2.5 }, "geometry": { "type": "Point", "coordinates": [ 77.64021869386022, 12.914124727824751 ] } },
{ "type": "Feature", "properties": { "type": "commercial", "area_sqm": 224.57768217004246, "waste_kg_day": 2.5 }, "geometry": { "type": "Point", "coordinates": [ 77.642697893143705, 12.914346934389803 ] } },
{ "type": "Feature", "properties": { "type": "commercial", "area_sqm": 948.21688027351263, "waste_kg_day": 2.5 }, "geometry": { "type": "Point", "coordinates": [ 77.644714080190226, 12.914292781912685 ] } },
{ "type": "Feature", "properties": { "type": "commercial", "area_sqm": 2046.1522153270535, "waste_kg_day": 2.5 }, "geometry": { "type": "Point", "coordinates": [ 77.646173285419763, 12.913977055169108 ] } },
{ "type": "Feature", "properties": { "type": "commercial", "area_sqm": 1347.4660930202549, "waste_kg_day": 2.5 }, "geometry": { "type": "Point", "coordinates": [ 77.65030843737992, 12.914248352464872 ] } },
{ "type": "Feature", "properties": { "type": "commercial", "area_sqm": 249.53075796671385, "waste_kg_day": 2.5 }, "geometry": { "type": "Point", "coordinates": [ 77.650996313493579, 12.914369301717308 ] } },
{ "type": "Feature", "properties": { "type": "commercial", "area_sqm": 349.34306115339939, "waste_kg_day": 2.5 }, "geometry": { "type": "Point", "coordinates": [ 77.65138483497455, 12.914203144427269 ] } },
{ "type": "Feature", "properties": { "type": "commercial", "area_sqm": 1272.6068656302407, "waste_kg_day": 2.5 }, "geometry": { "type": "Point", "coordinates": [ 77.651738782145742, 12.914221501925754 ] } },
{ "type": "Feature", "properties": { "type": "commercial", "area_sqm": 673.73304651012745, "waste_kg_day": 2.5 }, "geometry": { "type": "Point", "coordinates": [ 77.626915483987787, 12.914247524045335 ] } },
{ "type": "Feature", "properties": { "type": "commercial", "area_sqm": 1621.94992678364, "waste_kg_day": 2.5 }, "geometry": { "type": "Point", "coordinates": [ 77.637790006012409, 12.914055815019506 ] } },
{ "type": "Feature", "properties": { "type": "commercial", "area_sqm": 424.20228854341354, "waste_kg_day": 2.5 }, "geometry": { "type": "Point", "coordinates": [ 77.631411822692584, 12.914104840962688 ] } },
{ "type": "Feature", "properties": { "type": "commercial", "area_sqm": 648.77997071345601, "waste_kg_day": 2.5 }, "geometry": { "type": "Point", "coordinates": [ 77.645886017143667, 12.914050997441272 ] } },
{ "type": "Feature", "properties": { "type": "commercial", "area_sqm": 573.92074332344191, "waste_kg_day": 2.5 }, "geometry": { "type": "Point", "coordinates": [ 77.647391336586011, 12.914214675409772 ] } },
{ "type": "Feature", "properties": { "type": "mixed", "area_sqm": 224.57768217004246, "waste_kg_day": 1.2 }, "geometry": { "type": "Point", "coordinates": [ 77.653209742139651, 12.914262435597005 ] } },
{ "type": "Feature", "properties": { "type": "commercial", "area_sqm": 199.62460637337108, "waste_kg_day": 2.5 }, "geometry": { "type": "Point", "coordinates": [ 77.658242903252884, 12.91418477126539 ] } },
{ "type": "Feature", "properties": { "type": "commercial", "area_sqm": 349.34306115339939, "waste_kg_day": 2.5 }, "geometry": { "type": "Point", "coordinates": [ 77.638806036941205, 12.914107284452248 ] } },
{ "type": "Feature", "properties": { "type": "mixed", "area_sqm": 274.48383376338523, "waste_kg_day": 1.2 }, "geometry": { "type": "Point", "coordinates": [ 77.64861477039851, 12.914163928982942 ] } },
{ "type": "Feature", "properties": { "type": "commercial", "area_sqm": 548.96766752677047, "waste_kg_day": 2.5 }, "geometry": { "type": "Point", "coordinates": [ 77.650968842277749, 12.914176129343399 ] } },
{ "type": "Feature", "properties": { "type": "commercial", "area_sqm": 773.54534969681299, "waste_kg_day": 2.5 }, "geometry": { "type": "Point", "coordinates": [ 77.653979905665992, 12.914055437605542 ] } },
{ "type": "Feature", "properties": { "type": "commercial", "area_sqm": 598.87381912011324, "waste_kg_day": 2.5 }, "geometry": { "type": "Point", "coordinates": [ 77.631089015189275, 12.914080390403699 ] } },
{ "type": "Feature", "properties": { "type": "commercial", "area_sqm": 573.92074332344191, "waste_kg_day": 2.5 }, "geometry": { "type": "Point", "coordinates": [ 77.649390395829968, 12.91411937114475 ] } },
{ "type": "Feature", "properties": { "type": "commercial", "area_sqm": 748.59227390014155, "waste_kg_day": 2.5 }, "geometry": { "type": "Point", "coordinates": [ 77.626161489118772, 12.9140487033564 ] } },
{ "type": "Feature", "properties": { "type": "commercial", "area_sqm": 4217.0698096374645, "waste_kg_day": 2.5 }, "geometry": { "type": "Point", "coordinates": [ 77.626775291360559, 12.9135342989408 ] } },
{ "type": "Feature", "properties": { "type": "mixed", "area_sqm": 199.62460637337108, "waste_kg_day": 1.2 }, "geometry": { "type": "Point", "coordinates": [ 77.630633803055233, 12.914100893787246 ] } },
{ "type": "Feature", "properties": { "type": "commercial", "area_sqm": 1048.0291834601981, "waste_kg_day": 2.5 }, "geometry": { "type": "Point", "coordinates": [ 77.633010314792088, 12.913914499391369 ] } },
{ "type": "Feature", "properties": { "type": "commercial", "area_sqm": 224.57768217004246, "waste_kg_day": 2.5 }, "geometry": { "type": "Point", "coordinates": [ 77.635714099609288, 12.914148113700868 ] } },
{ "type": "Feature", "properties": { "type": "commercial", "area_sqm": 748.59227390014155, "waste_kg_day": 2.5 }, "geometry": { "type": "Point", "coordinates": [ 77.643071360800903, 12.914027827184063 ] } },
{ "type": "Feature", "properties": { "type": "mixed", "area_sqm": 249.53075796671385, "waste_kg_day": 1.2 }, "geometry": { "type": "Point", "coordinates": [ 77.645608151484893, 12.914015897942726 ] } },
{ "type": "Feature", "properties": { "type": "mixed", "area_sqm": 249.53075796671385, "waste_kg_day": 1.2 }, "geometry": { "type": "Point", "coordinates": [ 77.653051160437357, 12.91402931833923 ] } },
{ "type": "Feature", "properties": { "type": "commercial", "area_sqm": 573.92074332344191, "waste_kg_day": 2.5 }, "geometry": { "type": "Point", "coordinates": [ 77.653333939394116, 12.913994892104721 ] } },
{ "type": "Feature", "properties": { "type": "commercial", "area_sqm": 1172.7945624435552, "waste_kg_day": 2.5 }, "geometry": { "type": "Point", "coordinates": [ 77.641536638540842, 12.913897684237359 ] } },
{ "type": "Feature", "properties": { "type": "commercial", "area_sqm": 1122.8884108502123, "waste_kg_day": 2.5 }, "geometry": { "type": "Point", "coordinates": [ 77.645200074791688, 12.913899587839699 ] } },
{ "type": "Feature", "properties": { "type": "commercial", "area_sqm": 1222.7007140368978, "waste_kg_day": 2.5 }, "geometry": { "type": "Point", "coordinates": [ 77.647606831220671, 12.91394706135114 ] } },
{ "type": "Feature", "properties": { "type": "commercial", "area_sqm": 524.01459173009903, "waste_kg_day": 2.5 }, "geometry": { "type": "Point", "coordinates": [ 77.652779527470315, 12.913944322494711 ] } },
{ "type": "Feature", "properties": { "type": "commercial", "area_sqm": 748.59227390014155, "waste_kg_day": 2.5 }, "geometry": { "type": "Point", "coordinates": [ 77.633455730871688, 12.913868273581192 ] } },
{ "type": "Feature", "properties": { "type": "mixed", "area_sqm": 249.53075796671385, "waste_kg_day": 1.2 }, "geometry": { "type": "Point", "coordinates": [ 77.63587319786437, 12.913980110218718 ] } },
{ "type": "Feature", "properties": { "type": "commercial", "area_sqm": 573.92074332344191, "waste_kg_day": 2.5 }, "geometry": { "type": "Point", "coordinates": [ 77.636223690152434, 12.9138976428547 ] } },
{ "type": "Feature", "properties": { "type": "commercial", "area_sqm": 424.20228854341354, "waste_kg_day": 2.5 }, "geometry": { "type": "Point", "coordinates": [ 77.640408956635923, 12.913786435477027 ] } },
{ "type": "Feature", "properties": { "type": "commercial", "area_sqm": 798.49842549348432, "waste_kg_day": 2.5 }, "geometry": { "type": "Point", "coordinates": [ 77.641050412633064, 12.913898189881731 ] } },
{ "type": "Feature", "properties": { "type": "commercial", "area_sqm": 1547.090699393626, "waste_kg_day": 2.5 }, "geometry": { "type": "Point", "coordinates": [ 77.650447434511364, 12.91391329684688 ] } },
{ "type": "Feature", "properties": { "type": "commercial", "area_sqm": 324.389985356728, "waste_kg_day": 2.5 }, "geometry": { "type": "Point", "coordinates": [ 77.651595316039845, 12.913978733767795 ] } },
{ "type": "Feature", "properties": { "type": "commercial", "area_sqm": 1721.7622299703255, "waste_kg_day": 2.5 }, "geometry": { "type": "Point", "coordinates": [ 77.625533742742775, 12.913788075366341 ] } },
{ "type": "Feature", "properties": { "type": "commercial", "area_sqm": 324.389985356728, "waste_kg_day": 2.5 }, "geometry": { "type": "Point", "coordinates": [ 77.628357593379434, 12.913903028967008 ] } },
{ "type": "Feature", "properties": { "type": "commercial", "area_sqm": 698.68612230679878, "waste_kg_day": 2.5 }, "geometry": { "type": "Point", "coordinates": [ 77.636793694911574, 12.913835681189685 ] } },
{ "type": "Feature", "properties": { "type": "mixed", "area_sqm": 249.53075796671385, "waste_kg_day": 1.2 }, "geometry": { "type": "Point", "coordinates": [ 77.641921514321055, 12.913926428632706 ] } },
{ "type": "Feature", "properties": { "type": "commercial", "area_sqm": 524.01459173009903, "waste_kg_day": 2.5 }, "geometry": { "type": "Point", "coordinates": [ 77.643683033081203, 12.913897457618033 ] } },
{ "type": "Feature", "properties": { "type": "commercial", "area_sqm": 698.68612230679878, "waste_kg_day": 2.5 }, "geometry": { "type": "Point", "coordinates": [ 77.644218772103386, 12.913901185505949 ] } },
{ "type": "Feature", "properties": { "type": "commercial", "area_sqm": 224.57768217004246, "waste_kg_day": 2.5 }, "geometry": { "type": "Point", "coordinates": [ 77.646949122491947, 12.913909528874147 ] } },
{ "type": "Feature", "properties": { "type": "commercial", "area_sqm": 848.40457708682709, "waste_kg_day": 2.5 }, "geometry": { "type": "Point", "coordinates": [ 77.649820396291261, 12.91385485318469 ] } },
{ "type": "Feature", "properties": { "type": "commercial", "area_sqm": 598.87381912011324, "waste_kg_day": 2.5 }, "geometry": { "type": "Point", "coordinates": [ 77.62820665069799, 12.913767247818628 ] } },
{ "type": "Feature", "properties": { "type": "mixed", "area_sqm": 199.62460637337108, "waste_kg_day": 1.2 }, "geometry": { "type": "Point", "coordinates": [ 77.629413447121422, 12.913899587839699 ] } },
{ "type": "Feature", "properties": { "type": "commercial", "area_sqm": 1072.9822592568696, "waste_kg_day": 2.5 }, "geometry": { "type": "Point", "coordinates": [ 77.634640030220424, 12.913792432735837 ] } },
{ "type": "Feature", "properties": { "type": "commercial", "area_sqm": 399.24921274674216, "waste_kg_day": 2.5 }, "geometry": { "type": "Point", "coordinates": [ 77.635070668557418, 12.913843669520936 ] } },
{ "type": "Feature", "properties": { "type": "commercial", "area_sqm": 474.10844013675631, "waste_kg_day": 2.5 }, "geometry": { "type": "Point", "coordinates": [ 77.648149428021938, 12.913795991796517 ] } },
{ "type": "Feature", "properties": { "type": "commercial", "area_sqm": 848.40457708682709, "waste_kg_day": 2.5 }, "geometry": { "type": "Point", "coordinates": [ 77.648505009839354, 12.913746963722605 ] } },
{ "type": "Feature", "properties": { "type": "commercial", "area_sqm": 798.49842549348432, "waste_kg_day": 2.5 }, "geometry": { "type": "Point", "coordinates": [ 77.649390964318755, 12.91374860837904 ] } },
{ "type": "Feature", "properties": { "type": "mixed", "area_sqm": 249.53075796671385, "waste_kg_day": 1.2 }, "geometry": { "type": "Point", "coordinates": [ 77.627639863164291, 12.913801171598678 ] } },
{ "type": "Feature", "properties": { "type": "commercial", "area_sqm": 548.96766752677047, "waste_kg_day": 2.5 }, "geometry": { "type": "Point", "coordinates": [ 77.628611498936351, 12.913781651021946 ] } },
{ "type": "Feature", "properties": { "type": "commercial", "area_sqm": 1372.4191688169262, "waste_kg_day": 2.5 }, "geometry": { "type": "Point", "coordinates": [ 77.62949903052457, 12.913714955718111 ] } },
{ "type": "Feature", "properties": { "type": "commercial", "area_sqm": 673.73304651012745, "waste_kg_day": 2.5 }, "geometry": { "type": "Point", "coordinates": [ 77.63004923749682, 12.913783609104488 ] } },
{ "type": "Feature", "properties": { "type": "mixed", "area_sqm": 249.53075796671385, "waste_kg_day": 1.2 }, "geometry": { "type": "Point", "coordinates": [ 77.630326970706165, 12.913828012391683 ] } },
{ "type": "Feature", "properties": { "type": "commercial", "area_sqm": 973.16995607018407, "waste_kg_day": 2.5 }, "geometry": { "type": "Point", "coordinates": [ 77.635646947748384, 12.913624297655021 ] } },
{ "type": "Feature", "properties": { "type": "commercial", "area_sqm": 823.45150129015565, "waste_kg_day": 2.5 }, "geometry": { "type": "Point", "coordinates": [ 77.648995141079183, 12.913749116727391 ] } },
{ "type": "Feature", "properties": { "type": "commercial", "area_sqm": 548.96766752677047, "waste_kg_day": 2.5 }, "geometry": { "type": "Point", "coordinates": [ 77.632913913968778, 12.913710482252611 ] } },
{ "type": "Feature", "properties": { "type": "commercial", "area_sqm": 1048.0291834601981, "waste_kg_day": 2.5 }, "geometry": { "type": "Point", "coordinates": [ 77.63880382314359, 12.913522538604614 ] } },
{ "type": "Feature", "properties": { "type": "commercial", "area_sqm": 1871.4806847503539, "waste_kg_day": 2.5 }, "geometry": { "type": "Point", "coordinates": [ 77.639723169016037, 12.913556622151287 ] } },
{ "type": "Feature", "properties": { "type": "mixed", "area_sqm": 199.62460637337108, "waste_kg_day": 1.2 }, "geometry": { "type": "Point", "coordinates": [ 77.654634136420057, 12.913810118529678 ] } },
{ "type": "Feature", "properties": { "type": "commercial", "area_sqm": 449.15536434008493, "waste_kg_day": 2.5 }, "geometry": { "type": "Point", "coordinates": [ 77.625984828069306, 12.913743016547164 ] } },
{ "type": "Feature", "properties": { "type": "commercial", "area_sqm": 573.92074332344191, "waste_kg_day": 2.5 }, "geometry": { "type": "Point", "coordinates": [ 77.628955118826624, 12.913699254384653 ] } },
{ "type": "Feature", "properties": { "type": "commercial", "area_sqm": 1347.4660930202549, "waste_kg_day": 2.5 }, "geometry": { "type": "Point", "coordinates": [ 77.630792212573269, 12.913627037811953 ] } },
{ "type": "Feature", "properties": { "type": "commercial", "area_sqm": 1347.4660930202549, "waste_kg_day": 2.5 }, "geometry": { "type": "Point", "coordinates": [ 77.631606644117099, 12.913707394507062 ] } },
{ "type": "Feature", "properties": { "type": "commercial", "area_sqm": 1971.2929879370395, "waste_kg_day": 2.5 }, "geometry": { "type": "Point", "coordinates": [ 77.642137662234006, 12.913483951931124 ] } },
{ "type": "Feature", "properties": { "type": "commercial", "area_sqm": 948.21688027351263, "waste_kg_day": 2.5 }, "geometry": { "type": "Point", "coordinates": [ 77.652471751344379, 12.913635888820691 ] } },
{ "type": "Feature", "properties": { "type": "commercial", "area_sqm": 1422.3253204102689, "waste_kg_day": 2.5 }, "geometry": { "type": "Point", "coordinates": [ 77.6538864262765, 12.913365911253612 ] } },
{ "type": "Feature", "properties": { "type": "commercial", "area_sqm": 673.73304651012745, "waste_kg_day": 2.5 }, "geometry": { "type": "Point", "coordinates": [ 77.635884562025439, 12.913593072610926 ] } },
{ "type": "Feature", "properties": { "type": "commercial", "area_sqm": 973.16995607018407, "waste_kg_day": 2.5 }, "geometry": { "type": "Point", "coordinates": [ 77.643693250608635, 12.913646091461308 ] } },
{ "type": "Feature", "properties": { "type": "commercial", "area_sqm": 299.43690956005662, "waste_kg_day": 2.5 }, "geometry": { "type": "Point", "coordinates": [ 77.626422606547152, 12.913679642452566 ] } },
{ "type": "Feature", "properties": { "type": "commercial", "area_sqm": 923.26380447684119, "waste_kg_day": 2.5 }, "geometry": { "type": "Point", "coordinates": [ 77.627788504715866, 12.913518738749747 ] } },
{ "type": "Feature", "properties": { "type": "commercial", "area_sqm": 2096.0583669203961, "waste_kg_day": 2.5 }, "geometry": { "type": "Point", "coordinates": [ 77.637618334522173, 12.913372357977078 ] } },
{ "type": "Feature", "properties": { "type": "commercial", "area_sqm": 2220.8237459037532, "waste_kg_day": 2.5 }, "geometry": { "type": "Point", "coordinates": [ 77.651489157077762, 12.913434146372964 ] } },
{ "type": "Feature", "properties": { "type": "commercial", "area_sqm": 474.10844013675631, "waste_kg_day": 2.5 }, "geometry": { "type": "Point", "coordinates": [ 77.632105570662617, 12.91351816604435 ] } },
{ "type": "Feature", "properties": { "type": "commercial", "area_sqm": 4067.3513548574356, "waste_kg_day": 2.5 }, "geometry": { "type": "Point", "coordinates": [ 77.636738363552851, 12.913043591588307 ] } },
{ "type": "Feature", "properties": { "type": "commercial", "area_sqm": 299.43690956005662, "waste_kg_day": 2.5 }, "geometry": { "type": "Point", "coordinates": [ 77.637789350387735, 12.913657275125061 ] } },
{ "type": "Feature", "properties": { "type": "commercial", "area_sqm": 1696.8091541736542, "waste_kg_day": 2.5 }, "geometry": { "type": "Point", "coordinates": [ 77.649937304338692, 12.913451583427022 ] } },
{ "type": "Feature", "properties": { "type": "commercial", "area_sqm": 449.15536434008493, "waste_kg_day": 2.5 }, "geometry": { "type": "Point", "coordinates": [ 77.650923996104908, 12.91361875361658 ] } },
{ "type": "Feature", "properties": { "type": "commercial", "area_sqm": 873.35765288349853, "waste_kg_day": 2.5 }, "geometry": { "type": "Point", "coordinates": [ 77.653247081526047, 12.9134688570186 ] } },
{ "type": "Feature", "properties": { "type": "commercial", "area_sqm": 499.0615159334277, "waste_kg_day": 2.5 }, "geometry": { "type": "Point", "coordinates": [ 77.659304031793425, 12.913416453565588 ] } },
{ "type": "Feature", "properties": { "type": "commercial", "area_sqm": 399.24921274674216, "waste_kg_day": 2.5 }, "geometry": { "type": "Point", "coordinates": [ 77.628692855998608, 12.913488588196792 ] } },
{ "type": "Feature", "properties": { "type": "mixed", "area_sqm": 224.57768217004246, "waste_kg_day": 1.2 }, "geometry": { "type": "Point", "coordinates": [ 77.631318235483718, 12.913586445254628 ] } },
{ "type": "Feature", "properties": { "type": "commercial", "area_sqm": 1522.1376235969544, "waste_kg_day": 2.5 }, "geometry": { "type": "Point", "coordinates": [ 77.633509689466607, 12.913318037324565 ] } },
{ "type": "Feature", "properties": { "type": "commercial", "area_sqm": 399.24921274674216, "waste_kg_day": 2.5 }, "geometry": { "type": "Point", "coordinates": [ 77.643433012313352, 12.913460629037411 ] } },
{ "type": "Feature", "properties": { "type": "commercial", "area_sqm": 1122.8884108502123, "waste_kg_day": 2.5 }, "geometry": { "type": "Point", "coordinates": [ 77.647200167141179, 12.913469141048155 ] } },
{ "type": "Feature", "properties": { "type": "mixed", "area_sqm": 274.48383376338523, "waste_kg_day": 1.2 }, "geometry": { "type": "Point", "coordinates": [ 77.640500195877635, 12.913537643812798 ] } },
{ "type": "Feature", "properties": { "type": "commercial", "area_sqm": 748.59227390014155, "waste_kg_day": 2.5 }, "geometry": { "type": "Point", "coordinates": [ 77.641115691990166, 12.913441803203428 ] } },
{ "type": "Feature", "properties": { "type": "commercial", "area_sqm": 773.54534969681299, "waste_kg_day": 2.5 }, "geometry": { "type": "Point", "coordinates": [ 77.64467295767804, 12.913478216250571 ] } },
{ "type": "Feature", "properties": { "type": "commercial", "area_sqm": 449.15536434008493, "waste_kg_day": 2.5 }, "geometry": { "type": "Point", "coordinates": [ 77.64512052566414, 12.9135168580135 ] } },
{ "type": "Feature", "properties": { "type": "commercial", "area_sqm": 598.87381912011324, "waste_kg_day": 2.5 }, "geometry": { "type": "Point", "coordinates": [ 77.645446599604128, 12.913454105233555 ] } },
{ "type": "Feature", "properties": { "type": "commercial", "area_sqm": 1547.090699393626, "waste_kg_day": 2.5 }, "geometry": { "type": "Point", "coordinates": [ 77.648953763838477, 12.913239390914951 ] } },
{ "type": "Feature", "properties": { "type": "mixed", "area_sqm": 199.62460637337108, "waste_kg_day": 1.2 }, "geometry": { "type": "Point", "coordinates": [ 77.626403235818046, 12.913485792280854 ] } },
{ "type": "Feature", "properties": { "type": "commercial", "area_sqm": 474.10844013675631, "waste_kg_day": 2.5 }, "geometry": { "type": "Point", "coordinates": [ 77.631625992190379, 12.913438114556435 ] } },
{ "type": "Feature", "properties": { "type": "commercial", "area_sqm": 848.40457708682709, "waste_kg_day": 2.5 }, "geometry": { "type": "Point", "coordinates": [ 77.633994738500931, 12.913402243733998 ] } },
{ "type": "Feature", "properties": { "type": "commercial", "area_sqm": 274.48383376338523, "waste_kg_day": 2.5 }, "geometry": { "type": "Point", "coordinates": [ 77.64081294510396, 12.913509176305064 ] } },
{ "type": "Feature", "properties": { "type": "commercial", "area_sqm": 1222.7007140368978, "waste_kg_day": 2.5 }, "geometry": { "type": "Point", "coordinates": [ 77.641829768222863, 12.9130897992888 ] } },
{ "type": "Feature", "properties": { "type": "mixed", "area_sqm": 199.62460637337108, "waste_kg_day": 1.2 }, "geometry": { "type": "Point", "coordinates": [ 77.645865007352867, 12.913480200448978 ] } },
{ "type": "Feature", "properties": { "type": "commercial", "area_sqm": 598.87381912011324, "waste_kg_day": 2.5 }, "geometry": { "type": "Point", "coordinates": [ 77.648220488012399, 12.913405642690627 ] } },
{ "type": "Feature", "properties": { "type": "commercial", "area_sqm": 449.15536434008493, "waste_kg_day": 2.5 }, "geometry": { "type": "Point", "coordinates": [ 77.649374337776266, 12.91345721180682 ] } },
{ "type": "Feature", "properties": { "type": "commercial", "area_sqm": 349.34306115339939, "waste_kg_day": 2.5 }, "geometry": { "type": "Point", "coordinates": [ 77.652776206773908, 12.913458631954597 ] } },
{ "type": "Feature", "properties": { "type": "commercial", "area_sqm": 1372.4191688169262, "waste_kg_day": 2.5 }, "geometry": { "type": "Point", "coordinates": [ 77.629766980537397, 12.913357891835393 ] } },
{ "type": "Feature", "properties": { "type": "commercial", "area_sqm": 499.0615159334277, "waste_kg_day": 2.5 }, "geometry": { "type": "Point", "coordinates": [ 77.632328354437604, 12.913400796436335 ] } },
{ "type": "Feature", "properties": { "type": "commercial", "area_sqm": 798.49842549348432, "waste_kg_day": 2.5 }, "geometry": { "type": "Point", "coordinates": [ 77.632781048376856, 12.913387935223019 ] } },
{ "type": "Feature", "properties": { "type": "commercial", "area_sqm": 1646.9030025803113, "waste_kg_day": 2.5 }, "geometry": { "type": "Point", "coordinates": [ 77.634809427860773, 12.913347860427907 ] } },
{ "type": "Feature", "properties": { "type": "commercial", "area_sqm": 1322.5130172235833, "waste_kg_day": 2.5 }, "geometry": { "type": "Point", "coordinates": [ 77.635291988274616, 12.913153447556132 ] } },
{ "type": "Feature", "properties": { "type": "commercial", "area_sqm": 923.26380447684119, "waste_kg_day": 2.5 }, "geometry": { "type": "Point", "coordinates": [ 77.650574764545524, 12.913374862426876 ] } },
{ "type": "Feature", "properties": { "type": "commercial", "area_sqm": 424.20228854341354, "waste_kg_day": 2.5 }, "geometry": { "type": "Point", "coordinates": [ 77.651897394233501, 12.913425926786649 ] } },
{ "type": "Feature", "properties": { "type": "mixed", "area_sqm": 249.53075796671385, "waste_kg_day": 1.2 }, "geometry": { "type": "Point", "coordinates": [ 77.654287787783616, 12.913407506634586 ] } },
{ "type": "Feature", "properties": { "type": "commercial", "area_sqm": 773.54534969681299, "waste_kg_day": 2.5 }, "geometry": { "type": "Point", "coordinates": [ 77.628990915281975, 12.913215580534059 ] } },
{ "type": "Feature", "properties": { "type": "commercial", "area_sqm": 998.1230318668554, "waste_kg_day": 2.5 }, "geometry": { "type": "Point", "coordinates": [ 77.643700909496914, 12.913266592471304 ] } },
{ "type": "Feature", "properties": { "type": "commercial", "area_sqm": 873.35765288349853, "waste_kg_day": 2.5 }, "geometry": { "type": "Point", "coordinates": [ 77.647656357035828, 12.913380665841581 ] } },
{ "type": "Feature", "properties": { "type": "commercial", "area_sqm": 1347.4660930202549, "waste_kg_day": 2.5 }, "geometry": { "type": "Point", "coordinates": [ 77.627384686092839, 12.913073653561083 ] } },
{ "type": "Feature", "properties": { "type": "commercial", "area_sqm": 349.34306115339939, "waste_kg_day": 2.5 }, "geometry": { "type": "Point", "coordinates": [ 77.641608704718436, 12.913212591352041 ] } },
{ "type": "Feature", "properties": { "type": "commercial", "area_sqm": 798.49842549348432, "waste_kg_day": 2.5 }, "geometry": { "type": "Point", "coordinates": [ 77.644226243670332, 12.913242547594235 ] } },
{ "type": "Feature", "properties": { "type": "commercial", "area_sqm": 524.01459173009903, "waste_kg_day": 2.5 }, "geometry": { "type": "Point", "coordinates": [ 77.630513151085353, 12.913232828457879 ] } },
{ "type": "Feature", "properties": { "type": "commercial", "area_sqm": 573.92074332344191, "waste_kg_day": 2.5 }, "geometry": { "type": "Point", "coordinates": [ 77.634087182952385, 12.91316438350953 ] } },
{ "type": "Feature", "properties": { "type": "commercial", "area_sqm": 748.59227390014155, "waste_kg_day": 2.5 }, "geometry": { "type": "Point", "coordinates": [ 77.63609015003037, 12.913173395273366 ] } },
{ "type": "Feature", "properties": { "type": "commercial", "area_sqm": 1048.0291834601981, "waste_kg_day": 2.5 }, "geometry": { "type": "Point", "coordinates": [ 77.648550067131936, 12.912893058101968 ] } },
{ "type": "Feature", "properties": { "type": "commercial", "area_sqm": 324.389985356728, "waste_kg_day": 2.5 }, "geometry": { "type": "Point", "coordinates": [ 77.630152812950911, 12.913190715614151 ] } },
{ "type": "Feature", "properties": { "type": "mixed", "area_sqm": 249.53075796671385, "waste_kg_day": 1.2 }, "geometry": { "type": "Point", "coordinates": [ 77.63929484345401, 12.913246461876549 ] } },
{ "type": "Feature", "properties": { "type": "commercial", "area_sqm": 1422.3253204102689, "waste_kg_day": 2.5 }, "geometry": { "type": "Point", "coordinates": [ 77.645340468398857, 12.91310613632715 ] } },
{ "type": "Feature", "properties": { "type": "commercial", "area_sqm": 973.16995607018407, "waste_kg_day": 2.5 }, "geometry": { "type": "Point", "coordinates": [ 77.650976644753257, 12.912890190495878 ] } },
{ "type": "Feature", "properties": { "type": "commercial", "area_sqm": 374.29613695007077, "waste_kg_day": 2.5 }, "geometry": { "type": "Point", "coordinates": [ 77.628307765903941, 12.91309138173918 ] } },
{ "type": "Feature", "properties": { "type": "commercial", "area_sqm": 698.68612230679878, "waste_kg_day": 2.5 }, "geometry": { "type": "Point", "coordinates": [ 77.632415356683765, 12.913064008390757 ] } },
{ "type": "Feature", "properties": { "type": "commercial", "area_sqm": 2395.495276480453, "waste_kg_day": 2.5 }, "geometry": { "type": "Point", "coordinates": [ 77.642875619583265, 12.91302493213705 ] } },
{ "type": "Feature", "properties": { "type": "commercial", "area_sqm": 199.62460637337108, "waste_kg_day": 2.5 }, "geometry": { "type": "Point", "coordinates": [ 77.644621406544132, 12.913245343510175 ] } },
{ "type": "Feature", "properties": { "type": "commercial", "area_sqm": 923.26380447684119, "waste_kg_day": 2.5 }, "geometry": { "type": "Point", "coordinates": [ 77.646510052632166, 12.913090736915324 ] } },
{ "type": "Feature", "properties": { "type": "commercial", "area_sqm": 1547.090699393626, "waste_kg_day": 2.5 }, "geometry": { "type": "Point", "coordinates": [ 77.651778391059764, 12.913070553668621 ] } },
{ "type": "Feature", "properties": { "type": "mixed", "area_sqm": 249.53075796671385, "waste_kg_day": 1.2 }, "geometry": { "type": "Point", "coordinates": [ 77.652911691187782, 12.913174886428534 ] } },
{ "type": "Feature", "properties": { "type": "commercial", "area_sqm": 199.62460637337108, "waste_kg_day": 2.5 }, "geometry": { "type": "Point", "coordinates": [ 77.62775724978269, 12.913122323208896 ] } },
{ "type": "Feature", "properties": { "type": "commercial", "area_sqm": 2096.0583669203961, "waste_kg_day": 2.5 }, "geometry": { "type": "Point", "coordinates": [ 77.631605660207043, 12.91306028050284 ] } },
{ "type": "Feature", "properties": { "type": "commercial", "area_sqm": 1472.2314720036118, "waste_kg_day": 2.5 }, "geometry": { "type": "Point", "coordinates": [ 77.63571339919875, 12.912910117928032 ] } },
{ "type": "Feature", "properties": { "type": "commercial", "area_sqm": 698.68612230679878, "waste_kg_day": 2.5 }, "geometry": { "type": "Point", "coordinates": [ 77.638540381227713, 12.913127915040771 ] } },
{ "type": "Feature", "properties": { "type": "commercial", "area_sqm": 823.45150129015565, "waste_kg_day": 2.5 }, "geometry": { "type": "Point", "coordinates": [ 77.640215622257273, 12.913037429034047 ] } },
{ "type": "Feature", "properties": { "type": "commercial", "area_sqm": 474.10844013675631, "waste_kg_day": 2.5 }, "geometry": { "type": "Point", "coordinates": [ 77.640473725637278, 12.913148516526633 ] } },
{ "type": "Feature", "properties": { "type": "commercial", "area_sqm": 2470.3545038704669, "waste_kg_day": 2.5 }, "geometry": { "type": "Point", "coordinates": [ 77.647515452172044, 12.912989531322621 ] } },
{ "type": "Feature", "properties": { "type": "commercial", "area_sqm": 748.59227390014155, "waste_kg_day": 2.5 }, "geometry": { "type": "Point", "coordinates": [ 77.654255244958705, 12.912858761533126 ] } },
{ "type": "Feature", "properties": { "type": "commercial", "area_sqm": 324.389985356728, "waste_kg_day": 2.5 }, "geometry": { "type": "Point", "coordinates": [ 77.657953683366742, 12.913111569686057 ] } },
{ "type": "Feature", "properties": { "type": "commercial", "area_sqm": 1596.9968509869686, "waste_kg_day": 2.5 }, "geometry": { "type": "Point", "coordinates": [ 77.630880053449019, 12.912928706030179 ] } },
{ "type": "Feature", "properties": { "type": "commercial", "area_sqm": 673.73304651012745, "waste_kg_day": 2.5 }, "geometry": { "type": "Point", "coordinates": [ 77.639855131031936, 12.913076138819696 ] } },
{ "type": "Feature", "properties": { "type": "commercial", "area_sqm": 1122.8884108502123, "waste_kg_day": 2.5 }, "geometry": { "type": "Point", "coordinates": [ 77.640816607932734, 12.913030741429056 ] } },
{ "type": "Feature", "properties": { "type": "commercial", "area_sqm": 848.40457708682709, "waste_kg_day": 2.5 }, "geometry": { "type": "Point", "coordinates": [ 77.6482000917741, 12.913039103593325 ] } },
{ "type": "Feature", "properties": { "type": "commercial", "area_sqm": 2121.0114427170679, "waste_kg_day": 2.5 }, "geometry": { "type": "Point", "coordinates": [ 77.63451952573611, 12.912849112882046 ] } },
{ "type": "Feature", "properties": { "type": "commercial", "area_sqm": 524.01459173009903, "waste_kg_day": 2.5 }, "geometry": { "type": "Point", "coordinates": [ 77.639091616833198, 12.913036848064502 ] } },
{ "type": "Feature", "properties": { "type": "commercial", "area_sqm": 424.20228854341354, "waste_kg_day": 2.5 }, "geometry": { "type": "Point", "coordinates": [ 77.627118357558516, 12.912989106037726 ] } },
{ "type": "Feature", "properties": { "type": "commercial", "area_sqm": 623.82689491678457, "waste_kg_day": 2.5 }, "geometry": { "type": "Point", "coordinates": [ 77.639443610653558, 12.91298879026369 ] } },
{ "type": "Feature", "properties": { "type": "commercial", "area_sqm": 324.389985356728, "waste_kg_day": 2.5 }, "geometry": { "type": "Point", "coordinates": [ 77.645748335961386, 12.913022100376036 ] } },
{ "type": "Feature", "properties": { "type": "commercial", "area_sqm": 673.73304651012745, "waste_kg_day": 2.5 }, "geometry": { "type": "Point", "coordinates": [ 77.653569607240414, 12.912963473762632 ] } },
{ "type": "Feature", "properties": { "type": "commercial", "area_sqm": 1097.9353350535409, "waste_kg_day": 2.5 }, "geometry": { "type": "Point", "coordinates": [ 77.629264468604831, 12.912886957921739 ] } },
{ "type": "Feature", "properties": { "type": "commercial", "area_sqm": 1996.2460637337108, "waste_kg_day": 2.5 }, "geometry": { "type": "Point", "coordinates": [ 77.63018575809096, 12.912800233692822 ] } },
{ "type": "Feature", "properties": { "type": "commercial", "area_sqm": 1422.3253204102689, "waste_kg_day": 2.5 }, "geometry": { "type": "Point", "coordinates": [ 77.632820860322738, 12.912882463052098 ] } },
{ "type": "Feature", "properties": { "type": "commercial", "area_sqm": 5913.8789638111184, "waste_kg_day": 2.5 }, "geometry": { "type": "Point", "coordinates": [ 77.644054334579465, 12.912508094688915 ] } },
{ "type": "Feature", "properties": { "type": "commercial", "area_sqm": 2794.7444892271951, "waste_kg_day": 2.5 }, "geometry": { "type": "Point", "coordinates": [ 77.652990391692896, 12.912805186458199 ] } },
{ "type": "Feature", "properties": { "type": "commercial", "area_sqm": 274.48383376338523, "waste_kg_day": 2.5 }, "geometry": { "type": "Point", "coordinates": [ 77.658948173889954, 12.912866623987643 ] } },
{ "type": "Feature", "properties": { "type": "commercial", "area_sqm": 2495.3075796671383, "waste_kg_day": 2.5 }, "geometry": { "type": "Point", "coordinates": [ 77.637821583280967, 12.912795089207496 ] } },
{ "type": "Feature", "properties": { "type": "commercial", "area_sqm": 1097.9353350535409, "waste_kg_day": 2.5 }, "geometry": { "type": "Point", "coordinates": [ 77.652291686978288, 12.912799522005129 ] } },
{ "type": "Feature", "properties": { "type": "commercial", "area_sqm": 1297.559941426912, "waste_kg_day": 2.5 }, "geometry": { "type": "Point", "coordinates": [ 77.627687962174733, 12.912721001736545 ] } },
{ "type": "Feature", "properties": { "type": "commercial", "area_sqm": 324.389985356728, "waste_kg_day": 2.5 }, "geometry": { "type": "Point", "coordinates": [ 77.646148863037098, 12.912853485137921 ] } },
{ "type": "Feature", "properties": { "type": "commercial", "area_sqm": 199.62460637337108, "waste_kg_day": 2.5 }, "geometry": { "type": "Point", "coordinates": [ 77.626077807569018, 12.912848323446958 ] } },
{ "type": "Feature", "properties": { "type": "commercial", "area_sqm": 598.87381912011324, "waste_kg_day": 2.5 }, "geometry": { "type": "Point", "coordinates": [ 77.646494556048879, 12.912738350753392 ] } },
{ "type": "Feature", "properties": { "type": "commercial", "area_sqm": 1671.8560783769829, "waste_kg_day": 2.5 }, "geometry": { "type": "Point", "coordinates": [ 77.628701702928623, 12.91257891399477 ] } },
{ "type": "Feature", "properties": { "type": "commercial", "area_sqm": 598.87381912011324, "waste_kg_day": 2.5 }, "geometry": { "type": "Point", "coordinates": [ 77.62960909148542, 12.912747670473184 ] } },
{ "type": "Feature", "properties": { "type": "commercial", "area_sqm": 349.34306115339939, "waste_kg_day": 2.5 }, "geometry": { "type": "Point", "coordinates": [ 77.645092115261448, 12.912781221464442 ] } },
{ "type": "Feature", "properties": { "type": "commercial", "area_sqm": 823.45150129015565, "waste_kg_day": 2.5 }, "geometry": { "type": "Point", "coordinates": [ 77.628132513634768, 12.912581948910306 ] } },
{ "type": "Feature", "properties": { "type": "commercial", "area_sqm": 1197.7476382402265, "waste_kg_day": 2.5 }, "geometry": { "type": "Point", "coordinates": [ 77.633414471218686, 12.912659133135143 ] } },
{ "type": "Feature", "properties": { "type": "commercial", "area_sqm": 499.0615159334277, "waste_kg_day": 2.5 }, "geometry": { "type": "Point", "coordinates": [ 77.634032203769948, 12.912747670473184 ] } },
{ "type": "Feature", "properties": { "type": "commercial", "area_sqm": 1971.2929879370395, "waste_kg_day": 2.5 }, "geometry": { "type": "Point", "coordinates": [ 77.638705070956419, 12.912550186790465 ] } },
{ "type": "Feature", "properties": { "type": "commercial", "area_sqm": 1621.94992678364, "waste_kg_day": 2.5 }, "geometry": { "type": "Point", "coordinates": [ 77.639545172876325, 12.912536213200079 ] } },
{ "type": "Feature", "properties": { "type": "commercial", "area_sqm": 3892.6798242807363, "waste_kg_day": 2.5 }, "geometry": { "type": "Point", "coordinates": [ 77.641133632265422, 12.91254005579224 ] } },
{ "type": "Feature", "properties": { "type": "commercial", "area_sqm": 399.24921274674216, "waste_kg_day": 2.5 }, "geometry": { "type": "Point", "coordinates": [ 77.653875772375486, 12.91268056849067 ] } },
{ "type": "Feature", "properties": { "type": "commercial", "area_sqm": 823.45150129015565, "waste_kg_day": 2.5 }, "geometry": { "type": "Point", "coordinates": [ 77.640235345181466, 12.912474856857402 ] } },
{ "type": "Feature", "properties": { "type": "commercial", "area_sqm": 1397.3722446135976, "waste_kg_day": 2.5 }, "geometry": { "type": "Point", "coordinates": [ 77.642069451346501, 12.912492043873126 ] } },
{ "type": "Feature", "properties": { "type": "commercial", "area_sqm": 1023.0761076635267, "waste_kg_day": 2.5 }, "geometry": { "type": "Point", "coordinates": [ 77.645909087573003, 12.912579369972322 ] } },
{ "type": "Feature", "properties": { "type": "commercial", "area_sqm": 748.59227390014155, "waste_kg_day": 2.5 }, "geometry": { "type": "Point", "coordinates": [ 77.648998803907958, 12.912602282844402 ] } },
{ "type": "Feature", "properties": { "type": "mixed", "area_sqm": 199.62460637337108, "waste_kg_day": 1.2 }, "geometry": { "type": "Point", "coordinates": [ 77.651449588554712, 12.912613466508153 ] } },
{ "type": "Feature", "properties": { "type": "commercial", "area_sqm": 1072.9822592568696, "waste_kg_day": 2.5 }, "geometry": { "type": "Point", "coordinates": [ 77.631489538799727, 12.912465998197742 ] } },
{ "type": "Feature", "properties": { "type": "mixed", "area_sqm": 199.62460637337108, "waste_kg_day": 1.2 }, "geometry": { "type": "Point", "coordinates": [ 77.631854158989029, 12.912607874676278 ] } },
{ "type": "Feature", "properties": { "type": "commercial", "area_sqm": 1147.8414866468838, "waste_kg_day": 2.5 }, "geometry": { "type": "Point", "coordinates": [ 77.642551349366968, 12.912485583744374 ] } },
{ "type": "Feature", "properties": { "type": "commercial", "area_sqm": 548.96766752677047, "waste_kg_day": 2.5 }, "geometry": { "type": "Point", "coordinates": [ 77.643724893981499, 12.912634817138954 ] } },
{ "type": "Feature", "properties": { "type": "commercial", "area_sqm": 573.92074332344191, "waste_kg_day": 2.5 }, "geometry": { "type": "Point", "coordinates": [ 77.645380149581229, 12.912530318399385 ] } },
{ "type": "Feature", "properties": { "type": "commercial", "area_sqm": 324.389985356728, "waste_kg_day": 2.5 }, "geometry": { "type": "Point", "coordinates": [ 77.648097856396589, 12.912564430444007 ] } },
{ "type": "Feature", "properties": { "type": "commercial", "area_sqm": 1472.2314720036118, "waste_kg_day": 2.5 }, "geometry": { "type": "Point", "coordinates": [ 77.651836674819421, 12.912427135296818 ] } },
{ "type": "Feature", "properties": { "type": "commercial", "area_sqm": 224.57768217004246, "waste_kg_day": 2.5 }, "geometry": { "type": "Point", "coordinates": [ 77.654201523469979, 12.912552577672168 ] } },
{ "type": "Feature", "properties": { "type": "commercial", "area_sqm": 2170.9175943104105, "waste_kg_day": 2.5 }, "geometry": { "type": "Point", "coordinates": [ 77.626703816097304, 12.912295310556573 ] } },
{ "type": "Feature", "properties": { "type": "commercial", "area_sqm": 798.49842549348432, "waste_kg_day": 2.5 }, "geometry": { "type": "Point", "coordinates": [ 77.632066268472769, 12.912515609450319 ] } },
{ "type": "Feature", "properties": { "type": "commercial", "area_sqm": 449.15536434008493, "waste_kg_day": 2.5 }, "geometry": { "type": "Point", "coordinates": [ 77.639164672154408, 12.912560033448003 ] } },
{ "type": "Feature", "properties": { "type": "commercial", "area_sqm": 524.01459173009903, "waste_kg_day": 2.5 }, "geometry": { "type": "Point", "coordinates": [ 77.646780135940872, 12.912549027302722 ] } },
{ "type": "Feature", "properties": { "type": "commercial", "area_sqm": 499.0615159334277, "waste_kg_day": 2.5 }, "geometry": { "type": "Point", "coordinates": [ 77.626196356431166, 12.912517286999881 ] } },
{ "type": "Feature", "properties": { "type": "commercial", "area_sqm": 349.34306115339939, "waste_kg_day": 2.5 }, "geometry": { "type": "Point", "coordinates": [ 77.631191680053547, 12.912506422869379 ] } },
{ "type": "Feature", "properties": { "type": "mixed", "area_sqm": 299.43690956005662, "waste_kg_day": 1.2 }, "geometry": { "type": "Point", "coordinates": [ 77.658938312427864, 12.912460623103536 ] } },
{ "type": "Feature", "properties": { "type": "mixed", "area_sqm": 249.53075796671385, "waste_kg_day": 1.2 }, "geometry": { "type": "Point", "coordinates": [ 77.646161379508214, 12.912503866603378 ] } },
{ "type": "Feature", "properties": { "type": "commercial", "area_sqm": 1048.0291834601981, "waste_kg_day": 2.5 }, "geometry": { "type": "Point", "coordinates": [ 77.651119179261059, 12.912274228707659 ] } },
{ "type": "Feature", "properties": { "type": "commercial", "area_sqm": 2145.9645185137392, "waste_kg_day": 2.5 }, "geometry": { "type": "Point", "coordinates": [ 77.653467838334933, 12.91226209139816 ] } },
{ "type": "Feature", "properties": { "type": "commercial", "area_sqm": 324.389985356728, "waste_kg_day": 2.5 }, "geometry": { "type": "Point", "coordinates": [ 77.659580824611822, 12.912392374078584 ] } },
{ "type": "Feature", "properties": { "type": "commercial", "area_sqm": 399.24921274674216, "waste_kg_day": 2.5 }, "geometry": { "type": "Point", "coordinates": [ 77.650359985042385, 12.912398180980917 ] } },
{ "type": "Feature", "properties": { "type": "commercial", "area_sqm": 1147.8414866468838, "waste_kg_day": 2.5 }, "geometry": { "type": "Point", "coordinates": [ 77.650621363554492, 12.912267745424325 ] } },
{ "type": "Feature", "properties": { "type": "commercial", "area_sqm": 1846.5276089536824, "waste_kg_day": 2.5 }, "geometry": { "type": "Point", "coordinates": [ 77.647194205842922, 12.912233524201749 ] } },
{ "type": "Feature", "properties": { "type": "commercial", "area_sqm": 199.62460637337108, "waste_kg_day": 2.5 }, "geometry": { "type": "Point", "coordinates": [ 77.648695070875547, 12.912395385064979 ] } },
{ "type": "Feature", "properties": { "type": "commercial", "area_sqm": 2570.1668070571527, "waste_kg_day": 2.5 }, "geometry": { "type": "Point", "coordinates": [ 77.649677223260923, 12.912185772804063 ] } },
{ "type": "Feature", "properties": { "type": "commercial", "area_sqm": 1771.6683815636684, "waste_kg_day": 2.5 }, "geometry": { "type": "Point", "coordinates": [ 77.627612296706985, 12.91218013891684 ] } },
{ "type": "Feature", "properties": { "type": "commercial", "area_sqm": 723.63919810347011, "waste_kg_day": 2.5 }, "geometry": { "type": "Point", "coordinates": [ 77.632997566371344, 12.912250575901561 ] } },
{ "type": "Feature", "properties": { "type": "commercial", "area_sqm": 1547.090699393626, "waste_kg_day": 2.5 }, "geometry": { "type": "Point", "coordinates": [ 77.633439684409637, 12.912242241024238 ] } },
{ "type": "Feature", "properties": { "type": "commercial", "area_sqm": 1447.2783962069402, "waste_kg_day": 2.5 }, "geometry": { "type": "Point", "coordinates": [ 77.634352983043968, 12.912220495702503 ] } },
{ "type": "Feature", "properties": { "type": "commercial", "area_sqm": 773.54534969681299, "waste_kg_day": 2.5 }, "geometry": { "type": "Point", "coordinates": [ 77.646483058583854, 12.912245848657706 ] } },
{ "type": "Feature", "properties": { "type": "commercial", "area_sqm": 2669.979110243838, "waste_kg_day": 2.5 }, "geometry": { "type": "Point", "coordinates": [ 77.648106345538537, 12.912156190536962 ] } },
{ "type": "Feature", "properties": { "type": "commercial", "area_sqm": 324.389985356728, "waste_kg_day": 2.5 }, "geometry": { "type": "Point", "coordinates": [ 77.6491313592973, 12.912196229821999 ] } },
{ "type": "Feature", "properties": { "type": "commercial", "area_sqm": 2570.1668070571527, "waste_kg_day": 2.5 }, "geometry": { "type": "Point", "coordinates": [ 77.629372937849098, 12.912074587642095 ] } },
{ "type": "Feature", "properties": { "type": "commercial", "area_sqm": 823.45150129015565, "waste_kg_day": 2.5 }, "geometry": { "type": "Point", "coordinates": [ 77.636044223792638, 12.912172559037181 ] } },
{ "type": "Feature", "properties": { "type": "commercial", "area_sqm": 499.0615159334277, "waste_kg_day": 2.5 }, "geometry": { "type": "Point", "coordinates": [ 77.645536092372609, 12.912298087190331 ] } },
{ "type": "Feature", "properties": { "type": "commercial", "area_sqm": 923.26380447684119, "waste_kg_day": 2.5 }, "geometry": { "type": "Point", "coordinates": [ 77.65138393748903, 12.912192416680929 ] } },
{ "type": "Feature", "properties": { "type": "commercial", "area_sqm": 1097.9353350535409, "waste_kg_day": 2.5 }, "geometry": { "type": "Point", "coordinates": [ 77.63211407895416, 12.912104101459059 ] } },
{ "type": "Feature", "properties": { "type": "commercial", "area_sqm": 623.82689491678457, "waste_kg_day": 2.5 }, "geometry": { "type": "Point", "coordinates": [ 77.63571513271485, 12.91220324972171 ] } },
{ "type": "Feature", "properties": { "type": "commercial", "area_sqm": 773.54534969681299, "waste_kg_day": 2.5 }, "geometry": { "type": "Point", "coordinates": [ 77.64888702855238, 12.912128961333325 ] } },
{ "type": "Feature", "properties": { "type": "commercial", "area_sqm": 1023.0761076635267, "waste_kg_day": 2.5 }, "geometry": { "type": "Point", "coordinates": [ 77.65544062019049, 12.912024005596708 ] } },
{ "type": "Feature", "properties": { "type": "commercial", "area_sqm": 274.48383376338523, "waste_kg_day": 2.5 }, "geometry": { "type": "Point", "coordinates": [ 77.635530018983587, 12.912045133050182 ] } },
{ "type": "Feature", "properties": { "type": "commercial", "area_sqm": 1372.4191688169262, "waste_kg_day": 2.5 }, "geometry": { "type": "Point", "coordinates": [ 77.636449670762616, 12.912049199837002 ] } },
{ "type": "Feature", "properties": { "type": "commercial", "area_sqm": 4616.3190223842066, "waste_kg_day": 2.5 }, "geometry": { "type": "Point", "coordinates": [ 77.637724495092542, 12.911983977369475 ] } },
{ "type": "Feature", "properties": { "type": "commercial", "area_sqm": 648.77997071345601, "waste_kg_day": 2.5 }, "geometry": { "type": "Point", "coordinates": [ 77.633716431084352, 12.911969115419641 ] } },
{ "type": "Feature", "properties": { "type": "commercial", "area_sqm": 374.29613695007077, "waste_kg_day": 2.5 }, "geometry": { "type": "Point", "coordinates": [ 77.630923589162691, 12.912062484673944 ] } },
{ "type": "Feature", "properties": { "type": "commercial", "area_sqm": 923.26380447684119, "waste_kg_day": 2.5 }, "geometry": { "type": "Point", "coordinates": [ 77.63470416912736, 12.911973579584798 ] } },
{ "type": "Feature", "properties": { "type": "commercial", "area_sqm": 673.73304651012745, "waste_kg_day": 2.5 }, "geometry": { "type": "Point", "coordinates": [ 77.635231983684832, 12.911974340835183 ] } },
{ "type": "Feature", "properties": { "type": "commercial", "area_sqm": 2969.4160198038949, "waste_kg_day": 2.5 }, "geometry": { "type": "Point", "coordinates": [ 77.645008707180821, 12.911395199002065 ] } },
{ "type": "Feature", "properties": { "type": "commercial", "area_sqm": 1422.3253204102689, "waste_kg_day": 2.5 }, "geometry": { "type": "Point", "coordinates": [ 77.652468896710616, 12.911845717801771 ] } },
{ "type": "Feature", "properties": { "type": "commercial", "area_sqm": 673.73304651012745, "waste_kg_day": 2.5 }, "geometry": { "type": "Point", "coordinates": [ 77.628423818094333, 12.911803686410513 ] } },
{ "type": "Feature", "properties": { "type": "commercial", "area_sqm": 573.92074332344191, "waste_kg_day": 2.5 }, "geometry": { "type": "Point", "coordinates": [ 77.63121694622194, 12.911904033229241 ] } },
{ "type": "Feature", "properties": { "type": "commercial", "area_sqm": 399.24921274674216, "waste_kg_day": 2.5 }, "geometry": { "type": "Point", "coordinates": [ 77.638458609078413, 12.911914487523617 ] } },
{ "type": "Feature", "properties": { "type": "commercial", "area_sqm": 1397.3722446135976, "waste_kg_day": 2.5 }, "geometry": { "type": "Point", "coordinates": [ 77.638840074079496, 12.911798656720466 ] } },
{ "type": "Feature", "properties": { "type": "commercial", "area_sqm": 2345.5891248871103, "waste_kg_day": 2.5 }, "geometry": { "type": "Point", "coordinates": [ 77.639814539508819, 12.911856546627368 ] } },
{ "type": "Feature", "properties": { "type": "commercial", "area_sqm": 6363.0343281512032, "waste_kg_day": 2.5 }, "geometry": { "type": "Point", "coordinates": [ 77.646069220415853, 12.911407779840617 ] } },
{ "type": "Feature", "properties": { "type": "commercial", "area_sqm": 548.96766752677047, "waste_kg_day": 2.5 }, "geometry": { "type": "Point", "coordinates": [ 77.653056654680526, 12.911801125841036 ] } },
{ "type": "Feature", "properties": { "type": "commercial", "area_sqm": 1023.0761076635267, "waste_kg_day": 2.5 }, "geometry": { "type": "Point", "coordinates": [ 77.62694467131945, 12.911800332321656 ] } },
{ "type": "Feature", "properties": { "type": "commercial", "area_sqm": 424.20228854341354, "waste_kg_day": 2.5 }, "geometry": { "type": "Point", "coordinates": [ 77.628729090656591, 12.911783901802742 ] } },
{ "type": "Feature", "properties": { "type": "commercial", "area_sqm": 598.87381912011324, "waste_kg_day": 2.5 }, "geometry": { "type": "Point", "coordinates": [ 77.632197020894253, 12.91182129032568 ] } },
{ "type": "Feature", "properties": { "type": "commercial", "area_sqm": 923.26380447684119, "waste_kg_day": 2.5 }, "geometry": { "type": "Point", "coordinates": [ 77.635739508421523, 12.911690663117975 ] } },
{ "type": "Feature", "properties": { "type": "commercial", "area_sqm": 3992.4921274674216, "waste_kg_day": 2.5 }, "geometry": { "type": "Point", "coordinates": [ 77.641028620562821, 12.91178699375684 ] } },
{ "type": "Feature", "properties": { "type": "commercial", "area_sqm": 1771.6683815636684, "waste_kg_day": 2.5 }, "geometry": { "type": "Point", "coordinates": [ 77.64212102737433, 12.911698138760743 ] } },
{ "type": "Feature", "properties": { "type": "commercial", "area_sqm": 199.62460637337108, "waste_kg_day": 2.5 }, "geometry": { "type": "Point", "coordinates": [ 77.647736219784704, 12.911914487523617 ] } },
{ "type": "Feature", "properties": { "type": "commercial", "area_sqm": 548.96766752677047, "waste_kg_day": 2.5 }, "geometry": { "type": "Point", "coordinates": [ 77.631648124870338, 12.911786892087168 ] } },
{ "type": "Feature", "properties": { "type": "commercial", "area_sqm": 349.34306115339939, "waste_kg_day": 2.5 }, "geometry": { "type": "Point", "coordinates": [ 77.636733922376052, 12.911829012379224 ] } },
{ "type": "Feature", "properties": { "type": "commercial", "area_sqm": 998.1230318668554, "waste_kg_day": 2.5 }, "geometry": { "type": "Point", "coordinates": [ 77.642663025831311, 12.911652789791807 ] } },
{ "type": "Feature", "properties": { "type": "commercial", "area_sqm": 1497.1845478002831, "waste_kg_day": 2.5 }, "geometry": { "type": "Point", "coordinates": [ 77.643457225724731, 12.911784384235297 ] } },
{ "type": "Feature", "properties": { "type": "commercial", "area_sqm": 2495.3075796671383, "waste_kg_day": 2.5 }, "geometry": { "type": "Point", "coordinates": [ 77.644286447896391, 12.911654802851283 ] } },
{ "type": "Feature", "properties": { "type": "commercial", "area_sqm": 1971.2929879370395, "waste_kg_day": 2.5 }, "geometry": { "type": "Point", "coordinates": [ 77.649682536701675, 12.911668517703744 ] } },
{ "type": "Feature", "properties": { "type": "commercial", "area_sqm": 1048.0291834601981, "waste_kg_day": 2.5 }, "geometry": { "type": "Point", "coordinates": [ 77.651078224005232, 12.911580841555001 ] } },
{ "type": "Feature", "properties": { "type": "commercial", "area_sqm": 2021.1991395303821, "waste_kg_day": 2.5 }, "geometry": { "type": "Point", "coordinates": [ 77.651670988814061, 12.911672796123632 ] } },
{ "type": "Feature", "properties": { "type": "commercial", "area_sqm": 1547.090699393626, "waste_kg_day": 2.5 }, "geometry": { "type": "Point", "coordinates": [ 77.630468839426698, 12.911561841352066 ] } },
{ "type": "Feature", "properties": { "type": "commercial", "area_sqm": 623.82689491678457, "waste_kg_day": 2.5 }, "geometry": { "type": "Point", "coordinates": [ 77.631255835908348, 12.911712957902797 ] } },
{ "type": "Feature", "properties": { "type": "commercial", "area_sqm": 673.73304651012745, "waste_kg_day": 2.5 }, "geometry": { "type": "Point", "coordinates": [ 77.63281623853473, 12.91164960037659 ] } },
{ "type": "Feature", "properties": { "type": "commercial", "area_sqm": 474.10844013675631, "waste_kg_day": 2.5 }, "geometry": { "type": "Point", "coordinates": [ 77.643011087248013, 12.911759387765786 ] } },
{ "type": "Feature", "properties": { "type": "commercial", "area_sqm": 224.57768217004246, "waste_kg_day": 2.5 }, "geometry": { "type": "Point", "coordinates": [ 77.633343122366469, 12.911677766640855 ] } },
{ "type": "Feature", "properties": { "type": "commercial", "area_sqm": 1596.9968509869686, "waste_kg_day": 2.5 }, "geometry": { "type": "Point", "coordinates": [ 77.633684692889744, 12.911539135808923 ] } },
{ "type": "Feature", "properties": { "type": "commercial", "area_sqm": 1422.3253204102689, "waste_kg_day": 2.5 }, "geometry": { "type": "Point", "coordinates": [ 77.646936616477362, 12.911600069608468 ] } },
{ "type": "Feature", "properties": { "type": "commercial", "area_sqm": 3243.8998535672799, "waste_kg_day": 2.5 }, "geometry": { "type": "Point", "coordinates": [ 77.64772236226311, 12.911439525926864 ] } },
{ "type": "Feature", "properties": { "type": "commercial", "area_sqm": 1172.7945624435552, "waste_kg_day": 2.5 }, "geometry": { "type": "Point", "coordinates": [ 77.62796163158194, 12.911426808398918 ] } },
{ "type": "Feature", "properties": { "type": "commercial", "area_sqm": 2744.8383376338525, "waste_kg_day": 2.5 }, "geometry": { "type": "Point", "coordinates": [ 77.634398627525655, 12.911291964131282 ] } },
{ "type": "Feature", "properties": { "type": "commercial", "area_sqm": 898.31072868016986, "waste_kg_day": 2.5 }, "geometry": { "type": "Point", "coordinates": [ 77.636823396696215, 12.911578356296388 ] } },
{ "type": "Feature", "properties": { "type": "commercial", "area_sqm": 449.15536434008493, "waste_kg_day": 2.5 }, "geometry": { "type": "Point", "coordinates": [ 77.650428105439744, 12.911697648709749 ] } },
{ "type": "Feature", "properties": { "type": "commercial", "area_sqm": 1222.7007140368978, "waste_kg_day": 2.5 }, "geometry": { "type": "Point", "coordinates": [ 77.653221654479182, 12.911608990912745 ] } },
{ "type": "Feature", "properties": { "type": "mixed", "area_sqm": 199.62460637337108, "waste_kg_day": 1.2 }, "geometry": { "type": "Point", "coordinates": [ 77.632342301362556, 12.911674038752938 ] } },
{ "type": "Feature", "properties": { "type": "mixed", "area_sqm": 299.43690956005662, "waste_kg_day": 1.2 }, "geometry": { "type": "Point", "coordinates": [ 77.636321049121349, 12.911595753106671 ] } },
{ "type": "Feature", "properties": { "type": "commercial", "area_sqm": 548.96766752677047, "waste_kg_day": 2.5 }, "geometry": { "type": "Point", "coordinates": [ 77.639238633120087, 12.911581519352803 ] } },
{ "type": "Feature", "properties": { "type": "commercial", "area_sqm": 1372.4191688169262, "waste_kg_day": 2.5 }, "geometry": { "type": "Point", "coordinates": [ 77.648550530016891, 12.911534344625702 ] } },
{ "type": "Feature", "properties": { "type": "commercial", "area_sqm": 374.29613695007077, "waste_kg_day": 2.5 }, "geometry": { "type": "Point", "coordinates": [ 77.652597110547063, 12.911615138123841 ] } },
{ "type": "Feature", "properties": { "type": "commercial", "area_sqm": 1422.3253204102689, "waste_kg_day": 2.5 }, "geometry": { "type": "Point", "coordinates": [ 77.629665266599829, 12.91152472703161 ] } },
{ "type": "Feature", "properties": { "type": "commercial", "area_sqm": 873.35765288349853, "waste_kg_day": 2.5 }, "geometry": { "type": "Point", "coordinates": [ 77.635174523337909, 12.911428956750132 ] } },
{ "type": "Feature", "properties": { "type": "commercial", "area_sqm": 524.01459173009903, "waste_kg_day": 2.5 }, "geometry": { "type": "Point", "coordinates": [ 77.637701351932648, 12.911362493834115 ] } },
{ "type": "Feature", "properties": { "type": "commercial", "area_sqm": 374.29613695007077, "waste_kg_day": 2.5 }, "geometry": { "type": "Point", "coordinates": [ 77.639734946419338, 12.911552509606826 ] } },
{ "type": "Feature", "properties": { "type": "commercial", "area_sqm": 299.43690956005662, "waste_kg_day": 2.5 }, "geometry": { "type": "Point", "coordinates": [ 77.654022021380257, 12.911636759873762 ] } },
{ "type": "Feature", "properties": { "type": "commercial", "area_sqm": 548.96766752677047, "waste_kg_day": 2.5 }, "geometry": { "type": "Point", "coordinates": [ 77.626939981111875, 12.911587619533032 ] } },
{ "type": "Feature", "properties": { "type": "commercial", "area_sqm": 873.35765288349853, "waste_kg_day": 2.5 }, "geometry": { "type": "Point", "coordinates": [ 77.628733700564553, 12.911449406878136 ] } },
{ "type": "Feature", "properties": { "type": "mixed", "area_sqm": 224.57768217004246, "waste_kg_day": 1.2 }, "geometry": { "type": "Point", "coordinates": [ 77.637336075326601, 12.911588297330836 ] } },
{ "type": "Feature", "properties": { "type": "mixed", "area_sqm": 199.62460637337108, "waste_kg_day": 1.2 }, "geometry": { "type": "Point", "coordinates": [ 77.642413143425813, 12.911523059292279 ] } },
{ "type": "Feature", "properties": { "type": "commercial", "area_sqm": 1048.0291834601981, "waste_kg_day": 2.5 }, "geometry": { "type": "Point", "coordinates": [ 77.649066988874424, 12.911241071199088 ] } },
{ "type": "Feature", "properties": { "type": "commercial", "area_sqm": 499.0615159334277, "waste_kg_day": 2.5 }, "geometry": { "type": "Point", "coordinates": [ 77.643306908866862, 12.911474969538142 ] } },
{ "type": "Feature", "properties": { "type": "commercial", "area_sqm": 623.82689491678457, "waste_kg_day": 2.5 }, "geometry": { "type": "Point", "coordinates": [ 77.631309764018184, 12.911376553297119 ] } },
{ "type": "Feature", "properties": { "type": "commercial", "area_sqm": 1447.2783962069402, "waste_kg_day": 2.5 }, "geometry": { "type": "Point", "coordinates": [ 77.632383581054242, 12.911324260027987 ] } },
{ "type": "Feature", "properties": { "type": "commercial", "area_sqm": 573.92074332344191, "waste_kg_day": 2.5 }, "geometry": { "type": "Point", "coordinates": [ 77.636078157022439, 12.911320537729107 ] } },
{ "type": "Feature", "properties": { "type": "mixed", "area_sqm": 199.62460637337108, "waste_kg_day": 1.2 }, "geometry": { "type": "Point", "coordinates": [ 77.637258592410177, 12.911467140973516 ] } },
{ "type": "Feature", "properties": { "type": "commercial", "area_sqm": 598.87381912011324, "waste_kg_day": 2.5 }, "geometry": { "type": "Point", "coordinates": [ 77.650031651183994, 12.911433589982257 ] } },
{ "type": "Feature", "properties": { "type": "commercial", "area_sqm": 524.01459173009903, "waste_kg_day": 2.5 }, "geometry": { "type": "Point", "coordinates": [ 77.631686463819904, 12.911398707602459 ] } },
{ "type": "Feature", "properties": { "type": "commercial", "area_sqm": 1023.0761076635267, "waste_kg_day": 2.5 }, "geometry": { "type": "Point", "coordinates": [ 77.632954321911015, 12.911289702601051 ] } },
{ "type": "Feature", "properties": { "type": "commercial", "area_sqm": 499.0615159334277, "waste_kg_day": 2.5 }, "geometry": { "type": "Point", "coordinates": [ 77.638790429668035, 12.911278137056097 ] } },
{ "type": "Feature", "properties": { "type": "commercial", "area_sqm": 548.96766752677047, "waste_kg_day": 2.5 }, "geometry": { "type": "Point", "coordinates": [ 77.639185803858879, 12.911286677308418 ] } },
{ "type": "Feature", "properties": { "type": "commercial", "area_sqm": 723.63919810347011, "waste_kg_day": 2.5 }, "geometry": { "type": "Point", "coordinates": [ 77.63951254373093, 12.911229391707879 ] } },
{ "type": "Feature", "properties": { "type": "commercial", "area_sqm": 1272.6068656302407, "waste_kg_day": 2.5 }, "geometry": { "type": "Point", "coordinates": [ 77.653140767151299, 12.911137442180339 ] } },
{ "type": "Feature", "properties": { "type": "commercial", "area_sqm": 3019.3221713972375, "waste_kg_day": 2.5 }, "geometry": { "type": "Point", "coordinates": [ 77.65395532844019, 12.910896450627728 ] } },
{ "type": "Feature", "properties": { "type": "commercial", "area_sqm": 449.15536434008493, "waste_kg_day": 2.5 }, "geometry": { "type": "Point", "coordinates": [ 77.627113495885339, 12.911309948366327 ] } },
{ "type": "Feature", "properties": { "type": "commercial", "area_sqm": 773.54534969681299, "waste_kg_day": 2.5 }, "geometry": { "type": "Point", "coordinates": [ 77.637294584474574, 12.911183761364558 ] } },
{ "type": "Feature", "properties": { "type": "commercial", "area_sqm": 324.389985356728, "waste_kg_day": 2.5 }, "geometry": { "type": "Point", "coordinates": [ 77.637923753446614, 12.911270566576018 ] } },
{ "type": "Feature", "properties": { "type": "commercial", "area_sqm": 998.1230318668554, "waste_kg_day": 2.5 }, "geometry": { "type": "Point", "coordinates": [ 77.638448730006573, 12.911147288190191 ] } },
{ "type": "Feature", "properties": { "type": "commercial", "area_sqm": 2145.9645185137392, "waste_kg_day": 2.5 }, "geometry": { "type": "Point", "coordinates": [ 77.64372715458245, 12.911158809964709 ] } },
{ "type": "Feature", "properties": { "type": "commercial", "area_sqm": 1297.559941426912, "waste_kg_day": 2.5 }, "geometry": { "type": "Point", "coordinates": [ 77.645444364520003, 12.911151847683875 ] } },
{ "type": "Feature", "properties": { "type": "commercial", "area_sqm": 4017.4452032640929, "waste_kg_day": 2.5 }, "geometry": { "type": "Point", "coordinates": [ 77.652385952755679, 12.910558103608931 ] } },
{ "type": "Feature", "properties": { "type": "commercial", "area_sqm": 399.24921274674216, "waste_kg_day": 2.5 }, "geometry": { "type": "Point", "coordinates": [ 77.653509665595337, 12.911285406437536 ] } },
{ "type": "Feature", "properties": { "type": "mixed", "area_sqm": 224.57768217004246, "waste_kg_day": 1.2 }, "geometry": { "type": "Point", "coordinates": [ 77.629184872517953, 12.911230420090753 ] } },
{ "type": "Feature", "properties": { "type": "commercial", "area_sqm": 1596.9968509869686, "waste_kg_day": 2.5 }, "geometry": { "type": "Point", "coordinates": [ 77.631744472235468, 12.911078508658113 ] } },
{ "type": "Feature", "properties": { "type": "commercial", "area_sqm": 274.48383376338523, "waste_kg_day": 2.5 }, "geometry": { "type": "Point", "coordinates": [ 77.634803088349429, 12.911146373163158 ] } },
{ "type": "Feature", "properties": { "type": "commercial", "area_sqm": 349.34306115339939, "waste_kg_day": 2.5 }, "geometry": { "type": "Point", "coordinates": [ 77.641973981324469, 12.911199531876578 ] } },
{ "type": "Feature", "properties": { "type": "commercial", "area_sqm": 349.34306115339939, "waste_kg_day": 2.5 }, "geometry": { "type": "Point", "coordinates": [ 77.64248536857292, 12.911142015891565 ] } },
{ "type": "Feature", "properties": { "type": "commercial", "area_sqm": 973.16995607018407, "waste_kg_day": 2.5 }, "geometry": { "type": "Point", "coordinates": [ 77.643073387277184, 12.911140950780732 ] } },
{ "type": "Feature", "properties": { "type": "commercial", "area_sqm": 1172.7945624435552, "waste_kg_day": 2.5 }, "geometry": { "type": "Point", "coordinates": [ 77.648423056381688, 12.911085111778734 ] } },
{ "type": "Feature", "properties": { "type": "commercial", "area_sqm": 823.45150129015565, "waste_kg_day": 2.5 }, "geometry": { "type": "Point", "coordinates": [ 77.651375979784092, 12.911115194464211 ] } },
{ "type": "Feature", "properties": { "type": "commercial", "area_sqm": 2295.6829732937676, "waste_kg_day": 2.5 }, "geometry": { "type": "Point", "coordinates": [ 77.651814432026427, 12.910885347335256 ] } },
{ "type": "Feature", "properties": { "type": "commercial", "area_sqm": 474.10844013675631, "waste_kg_day": 2.5 }, "geometry": { "type": "Point", "coordinates": [ 77.629470335894283, 12.911163710517492 ] } },
{ "type": "Feature", "properties": { "type": "commercial", "area_sqm": 1422.3253204102689, "waste_kg_day": 2.5 }, "geometry": { "type": "Point", "coordinates": [ 77.630094277273969, 12.911038139556059 ] } },
{ "type": "Feature", "properties": { "type": "commercial", "area_sqm": 249.53075796671385, "waste_kg_day": 2.5 }, "geometry": { "type": "Point", "coordinates": [ 77.631498512402615, 12.911219982004583 ] } },
{ "type": "Feature", "properties": { "type": "commercial", "area_sqm": 1696.8091541736542, "waste_kg_day": 2.5 }, "geometry": { "type": "Point", "coordinates": [ 77.635572655304983, 12.9110076239658 ] } },
{ "type": "Feature", "properties": { "type": "commercial", "area_sqm": 698.68612230679878, "waste_kg_day": 2.5 }, "geometry": { "type": "Point", "coordinates": [ 77.640497931766433, 12.911049351249044 ] } },
{ "type": "Feature", "properties": { "type": "commercial", "area_sqm": 2345.5891248871103, "waste_kg_day": 2.5 }, "geometry": { "type": "Point", "coordinates": [ 77.642054949794584, 12.91052735629286 ] } },
{ "type": "Feature", "properties": { "type": "commercial", "area_sqm": 773.54534969681299, "waste_kg_day": 2.5 }, "geometry": { "type": "Point", "coordinates": [ 77.642675398103449, 12.910988949157256 ] } },
{ "type": "Feature", "properties": { "type": "commercial", "area_sqm": 548.96766752677047, "waste_kg_day": 2.5 }, "geometry": { "type": "Point", "coordinates": [ 77.644405334865809, 12.911170773884072 ] } },
{ "type": "Feature", "properties": { "type": "commercial", "area_sqm": 249.53075796671385, "waste_kg_day": 2.5 }, "geometry": { "type": "Point", "coordinates": [ 77.650089763371327, 12.911237875866588 ] } },
{ "type": "Feature", "properties": { "type": "commercial", "area_sqm": 1547.090699393626, "waste_kg_day": 2.5 }, "geometry": { "type": "Point", "coordinates": [ 77.650905583497888, 12.911058215719853 ] } },
{ "type": "Feature", "properties": { "type": "commercial", "area_sqm": 1422.3253204102689, "waste_kg_day": 2.5 }, "geometry": { "type": "Point", "coordinates": [ 77.628236318498892, 12.910895302587431 ] } },
{ "type": "Feature", "properties": { "type": "mixed", "area_sqm": 224.57768217004246, "waste_kg_day": 1.2 }, "geometry": { "type": "Point", "coordinates": [ 77.628750968185926, 12.911175744401296 ] } },
{ "type": "Feature", "properties": { "type": "commercial", "area_sqm": 1447.2783962069402, "waste_kg_day": 2.5 }, "geometry": { "type": "Point", "coordinates": [ 77.635083994283136, 12.911012660017226 ] } },
{ "type": "Feature", "properties": { "type": "commercial", "area_sqm": 923.26380447684119, "waste_kg_day": 2.5 }, "geometry": { "type": "Point", "coordinates": [ 77.64131199600601, 12.911076468395132 ] } },
{ "type": "Feature", "properties": { "type": "commercial", "area_sqm": 349.34306115339939, "waste_kg_day": 2.5 }, "geometry": { "type": "Point", "coordinates": [ 77.649435586176878, 12.911068523244049 ] } },
{ "type": "Feature", "properties": { "type": "commercial", "area_sqm": 1422.3253204102689, "waste_kg_day": 2.5 }, "geometry": { "type": "Point", "coordinates": [ 77.631007760078219, 12.91099262008254 ] } },
{ "type": "Feature", "properties": { "type": "commercial", "area_sqm": 698.68612230679878, "waste_kg_day": 2.5 }, "geometry": { "type": "Point", "coordinates": [ 77.634422717668755, 12.910801712980238 ] } },
{ "type": "Feature", "properties": { "type": "mixed", "area_sqm": 249.53075796671385, "waste_kg_day": 1.2 }, "geometry": { "type": "Point", "coordinates": [ 77.650126955171217, 12.911134986160064 ] } },
{ "type": "Feature", "properties": { "type": "commercial", "area_sqm": 1422.3253204102689, "waste_kg_day": 2.5 }, "geometry": { "type": "Point", "coordinates": [ 77.627253508874674, 12.910940822060949 ] } },
{ "type": "Feature", "properties": { "type": "commercial", "area_sqm": 349.34306115339939, "waste_kg_day": 2.5 }, "geometry": { "type": "Point", "coordinates": [ 77.639001958029894, 12.911036569919041 ] } },
{ "type": "Feature", "properties": { "type": "commercial", "area_sqm": 2170.9175943104105, "waste_kg_day": 2.5 }, "geometry": { "type": "Point", "coordinates": [ 77.646994187268632, 12.910889511168088 ] } },
{ "type": "Feature", "properties": { "type": "commercial", "area_sqm": 948.21688027351263, "waste_kg_day": 2.5 }, "geometry": { "type": "Point", "coordinates": [ 77.6296403905056, 12.910887061993085 ] } },
{ "type": "Feature", "properties": { "type": "commercial", "area_sqm": 1921.3868363436966, "waste_kg_day": 2.5 }, "geometry": { "type": "Point", "coordinates": [ 77.632855348959225, 12.910409703779351 ] } },
{ "type": "Feature", "properties": { "type": "mixed", "area_sqm": 249.53075796671385, "waste_kg_day": 1.2 }, "geometry": { "type": "Point", "coordinates": [ 77.639903859177167, 12.910938153678019 ] } },
{ "type": "Feature", "properties": { "type": "mixed", "area_sqm": 249.53075796671385, "waste_kg_day": 1.2 }, "geometry": { "type": "Point", "coordinates": [ 77.641591437097048, 12.910978414867527 ] } },
{ "type": "Feature", "properties": { "type": "commercial", "area_sqm": 274.48383376338523, "waste_kg_day": 2.5 }, "geometry": { "type": "Point", "coordinates": [ 77.628903116458204, 12.911004035624488 ] } },
{ "type": "Feature", "properties": { "type": "commercial", "area_sqm": 1422.3253204102689, "waste_kg_day": 2.5 }, "geometry": { "type": "Point", "coordinates": [ 77.632299685758525, 12.910844289384348 ] } },
{ "type": "Feature", "properties": { "type": "commercial", "area_sqm": 274.48383376338523, "waste_kg_day": 2.5 }, "geometry": { "type": "Point", "coordinates": [ 77.633049156877462, 12.911020302771766 ] } },
{ "type": "Feature", "properties": { "type": "commercial", "area_sqm": 424.20228854341354, "waste_kg_day": 2.5 }, "geometry": { "type": "Point", "coordinates": [ 77.637130061925262, 12.910923417556369 ] } },
{ "type": "Feature", "properties": { "type": "commercial", "area_sqm": 224.57768217004246, "waste_kg_day": 2.5 }, "geometry": { "type": "Point", "coordinates": [ 77.653586825666295, 12.910892424919563 ] } },
{ "type": "Feature", "properties": { "type": "commercial", "area_sqm": 224.57768217004246, "waste_kg_day": 2.5 }, "geometry": { "type": "Point", "coordinates": [ 77.634660331945824, 12.910852660781776 ] } },
{ "type": "Feature", "properties": { "type": "commercial", "area_sqm": 1072.9822592568696, "waste_kg_day": 2.5 }, "geometry": { "type": "Point", "coordinates": [ 77.636749367475673, 12.910842026186787 ] } },
{ "type": "Feature", "properties": { "type": "commercial", "area_sqm": 573.92074332344191, "waste_kg_day": 2.5 }, "geometry": { "type": "Point", "coordinates": [ 77.638105514374999, 12.910880971119006 ] } },
{ "type": "Feature", "properties": { "type": "commercial", "area_sqm": 1522.1376235969544, "waste_kg_day": 2.5 }, "geometry": { "type": "Point", "coordinates": [ 77.64437838328206, 12.91068162609896 ] } },
{ "type": "Feature", "properties": { "type": "commercial", "area_sqm": 798.49842549348432, "waste_kg_day": 2.5 }, "geometry": { "type": "Point", "coordinates": [ 77.63616898889785, 12.91082687622368 ] } },
{ "type": "Feature", "properties": { "type": "commercial", "area_sqm": 374.29613695007077, "waste_kg_day": 2.5 }, "geometry": { "type": "Point", "coordinates": [ 77.637277188310122, 12.910777108919982 ] } },
{ "type": "Feature", "properties": { "type": "mixed", "area_sqm": 224.57768217004246, "waste_kg_day": 1.2 }, "geometry": { "type": "Point", "coordinates": [ 77.637594351714711, 12.910877513367893 ] } },
{ "type": "Feature", "properties": { "type": "mixed", "area_sqm": 199.62460637337108, "waste_kg_day": 1.2 }, "geometry": { "type": "Point", "coordinates": [ 77.641948245927225, 12.91090236595401 ] } },
{ "type": "Feature", "properties": { "type": "commercial", "area_sqm": 374.29613695007077, "waste_kg_day": 2.5 }, "geometry": { "type": "Point", "coordinates": [ 77.638374346406792, 12.910741321195973 ] } },
{ "type": "Feature", "properties": { "type": "commercial", "area_sqm": 1297.559941426912, "waste_kg_day": 2.5 }, "geometry": { "type": "Point", "coordinates": [ 77.638750734573918, 12.910631377178467 ] } },
{ "type": "Feature", "properties": { "type": "commercial", "area_sqm": 199.62460637337108, "waste_kg_day": 2.5 }, "geometry": { "type": "Point", "coordinates": [ 77.642401520988358, 12.91079612114836 ] } },
{ "type": "Feature", "properties": { "type": "commercial", "area_sqm": 424.20228854341354, "waste_kg_day": 2.5 }, "geometry": { "type": "Point", "coordinates": [ 77.633112800599193, 12.910720795883675 ] } },
{ "type": "Feature", "properties": { "type": "mixed", "area_sqm": 199.62460637337108, "waste_kg_day": 1.2 }, "geometry": { "type": "Point", "coordinates": [ 77.637845525502144, 12.910784937484609 ] } },
{ "type": "Feature", "properties": { "type": "commercial", "area_sqm": 1397.3722446135976, "waste_kg_day": 2.5 }, "geometry": { "type": "Point", "coordinates": [ 77.639369725158247, 12.910628366192073 ] } },
{ "type": "Feature", "properties": { "type": "commercial", "area_sqm": 573.92074332344191, "waste_kg_day": 2.5 }, "geometry": { "type": "Point", "coordinates": [ 77.644001627433241, 12.910752602108976 ] } },
{ "type": "Feature", "properties": { "type": "commercial", "area_sqm": 2370.5422006837816, "waste_kg_day": 2.5 }, "geometry": { "type": "Point", "coordinates": [ 77.650382893478337, 12.91059722851773 ] } },
{ "type": "Feature", "properties": { "type": "commercial", "area_sqm": 249.53075796671385, "waste_kg_day": 2.5 }, "geometry": { "type": "Point", "coordinates": [ 77.653399833561295, 12.91072790079947 ] } },
{ "type": "Feature", "properties": { "type": "commercial", "area_sqm": 1796.6214573603397, "waste_kg_day": 2.5 }, "geometry": { "type": "Point", "coordinates": [ 77.64867763721935, 12.910633958023949 ] } },
{ "type": "Feature", "properties": { "type": "mixed", "area_sqm": 199.62460637337108, "waste_kg_day": 1.2 }, "geometry": { "type": "Point", "coordinates": [ 77.635149120010311, 12.91072342733397 ] } },
{ "type": "Feature", "properties": { "type": "commercial", "area_sqm": 399.24921274674216, "waste_kg_day": 2.5 }, "geometry": { "type": "Point", "coordinates": [ 77.649805013653435, 12.910698264090525 ] } },
{ "type": "Feature", "properties": { "type": "residential", "area_sqm": 199.62460637337108, "waste_kg_day": 349.37323089365179 }, "geometry": { "type": "Point", "coordinates": [ 77.630000380213403, 12.910684284510836 ] } },
{ "type": "Feature", "properties": { "type": "commercial", "area_sqm": 2270.7298974970959, "waste_kg_day": 2.5 }, "geometry": { "type": "Point", "coordinates": [ 77.633686544816598, 12.910594139265093 ] } },
{ "type": "Feature", "properties": { "type": "mixed", "area_sqm": 299.43690956005662, "waste_kg_day": 1.2 }, "geometry": { "type": "Point", "coordinates": [ 77.650849095952353, 12.910626502248114 ] } },
{ "type": "Feature", "properties": { "type": "commercial", "area_sqm": 1671.8560783769829, "waste_kg_day": 2.5 }, "geometry": { "type": "Point", "coordinates": [ 77.651193721461269, 12.91031280326186 ] } },
{ "type": "Feature", "properties": { "type": "commercial", "area_sqm": 598.87381912011324, "waste_kg_day": 2.5 }, "geometry": { "type": "Point", "coordinates": [ 77.629597469047951, 12.910512801666629 ] } },
{ "type": "Feature", "properties": { "type": "commercial", "area_sqm": 698.68612230679878, "waste_kg_day": 2.5 }, "geometry": { "type": "Point", "coordinates": [ 77.634935765265425, 12.910453421737657 ] } },
{ "type": "Feature", "properties": { "type": "commercial", "area_sqm": 374.29613695007077, "waste_kg_day": 2.5 }, "geometry": { "type": "Point", "coordinates": [ 77.635705834764877, 12.910586241058605 ] } },
{ "type": "Feature", "properties": { "type": "commercial", "area_sqm": 548.96766752677047, "waste_kg_day": 2.5 }, "geometry": { "type": "Point", "coordinates": [ 77.644990683079939, 12.910589223368939 ] } },
{ "type": "Feature", "properties": { "type": "commercial", "area_sqm": 2121.0114427170679, "waste_kg_day": 2.5 }, "geometry": { "type": "Point", "coordinates": [ 77.647603382161208, 12.910361866063475 ] } },
{ "type": "Feature", "properties": { "type": "commercial", "area_sqm": 299.43690956005662, "waste_kg_day": 2.5 }, "geometry": { "type": "Point", "coordinates": [ 77.65192610849077, 12.910566856041433 ] } },
{ "type": "Feature", "properties": { "type": "commercial", "area_sqm": 2370.5422006837816, "waste_kg_day": 2.5 }, "geometry": { "type": "Point", "coordinates": [ 77.653082235164888, 12.910226166326696 ] } },
{ "type": "Feature", "properties": { "type": "commercial", "area_sqm": 299.43690956005662, "waste_kg_day": 2.5 }, "geometry": { "type": "Point", "coordinates": [ 77.653549375590018, 12.910484842507248 ] } },
{ "type": "Feature", "properties": { "type": "commercial", "area_sqm": 324.389985356728, "waste_kg_day": 2.5 }, "geometry": { "type": "Point", "coordinates": [ 77.628657988686214, 12.910565135477778 ] } },
{ "type": "Feature", "properties": { "type": "commercial", "area_sqm": 773.54534969681299, "waste_kg_day": 2.5 }, "geometry": { "type": "Point", "coordinates": [ 77.630717034704176, 12.910517070699568 ] } },
{ "type": "Feature", "properties": { "type": "commercial", "area_sqm": 873.35765288349853, "waste_kg_day": 2.5 }, "geometry": { "type": "Point", "coordinates": [ 77.631066157728924, 12.91033487490188 ] } },
{ "type": "Feature", "properties": { "type": "commercial", "area_sqm": 1222.7007140368978, "waste_kg_day": 2.5 }, "geometry": { "type": "Point", "coordinates": [ 77.636615326075386, 12.910496102250345 ] } },
{ "type": "Feature", "properties": { "type": "commercial", "area_sqm": 948.21688027351263, "waste_kg_day": 2.5 }, "geometry": { "type": "Point", "coordinates": [ 77.637962055730412, 12.910437360987457 ] } },
{ "type": "Feature", "properties": { "type": "commercial", "area_sqm": 1048.0291834601981, "waste_kg_day": 2.5 }, "geometry": { "type": "Point", "coordinates": [ 77.642786445048202, 12.910465670512243 ] } },
{ "type": "Feature", "properties": { "type": "commercial", "area_sqm": 3792.8675210940505, "waste_kg_day": 2.5 }, "geometry": { "type": "Point", "coordinates": [ 77.62919567934577, 12.909922323840956 ] } },
{ "type": "Feature", "properties": { "type": "commercial", "area_sqm": 324.389985356728, "waste_kg_day": 2.5 }, "geometry": { "type": "Point", "coordinates": [ 77.62981665629809, 12.910451578276598 ] } },
{ "type": "Feature", "properties": { "type": "commercial", "area_sqm": 1197.7476382402265, "waste_kg_day": 2.5 }, "geometry": { "type": "Point", "coordinates": [ 77.632477896466312, 12.91033013515867 ] } },
{ "type": "Feature", "properties": { "type": "commercial", "area_sqm": 673.73304651012745, "waste_kg_day": 2.5 }, "geometry": { "type": "Point", "coordinates": [ 77.645511383931478, 12.910484842507248 ] } },
{ "type": "Feature", "properties": { "type": "commercial", "area_sqm": 199.62460637337108, "waste_kg_day": 2.5 }, "geometry": { "type": "Point", "coordinates": [ 77.635968501851579, 12.91051093772267 ] } },
{ "type": "Feature", "properties": { "type": "commercial", "area_sqm": 573.92074332344191, "waste_kg_day": 2.5 }, "geometry": { "type": "Point", "coordinates": [ 77.642346188079557, 12.910326650393879 ] } },
{ "type": "Feature", "properties": { "type": "commercial", "area_sqm": 573.92074332344191, "waste_kg_day": 2.5 }, "geometry": { "type": "Point", "coordinates": [ 77.643678220477696, 12.910453074418907 ] } },
{ "type": "Feature", "properties": { "type": "mixed", "area_sqm": 299.43690956005662, "waste_kg_day": 1.2 }, "geometry": { "type": "Point", "coordinates": [ 77.649175464957423, 12.91048111461933 ] } },
{ "type": "Feature", "properties": { "type": "commercial", "area_sqm": 524.01459173009903, "waste_kg_day": 2.5 }, "geometry": { "type": "Point", "coordinates": [ 77.653755812217369, 12.910450758960573 ] } },
{ "type": "Feature", "properties": { "type": "commercial", "area_sqm": 399.24921274674216, "waste_kg_day": 2.5 }, "geometry": { "type": "Point", "coordinates": [ 77.628303504343535, 12.910368346009825 ] } },
{ "type": "Feature", "properties": { "type": "commercial", "area_sqm": 648.77997071345601, "waste_kg_day": 2.5 }, "geometry": { "type": "Point", "coordinates": [ 77.629940032941946, 12.910319094875222 ] } },
{ "type": "Feature", "properties": { "type": "commercial", "area_sqm": 1746.7153057669971, "waste_kg_day": 2.5 }, "geometry": { "type": "Point", "coordinates": [ 77.637283829702952, 12.910277997983368 ] } },
{ "type": "Feature", "properties": { "type": "commercial", "area_sqm": 3493.4306115339941, "waste_kg_day": 2.5 }, "geometry": { "type": "Point", "coordinates": [ 77.644995815065315, 12.909880818153525 ] } },
{ "type": "Feature", "properties": { "type": "commercial", "area_sqm": 2295.6829732937676, "waste_kg_day": 2.5 }, "geometry": { "type": "Point", "coordinates": [ 77.64595419692732, 12.91003538889006 ] } },
{ "type": "Feature", "properties": { "type": "commercial", "area_sqm": 1596.9968509869686, "waste_kg_day": 2.5 }, "geometry": { "type": "Point", "coordinates": [ 77.646486081354894, 12.910314524628015 ] } },
{ "type": "Feature", "properties": { "type": "commercial", "area_sqm": 1122.8884108502123, "waste_kg_day": 2.5 }, "geometry": { "type": "Point", "coordinates": [ 77.649205425018451, 12.910253216404639 ] } },
{ "type": "Feature", "properties": { "type": "commercial", "area_sqm": 1547.090699393626, "waste_kg_day": 2.5 }, "geometry": { "type": "Point", "coordinates": [ 77.63167982242706, 12.910275359257172 ] } },
{ "type": "Feature", "properties": { "type": "commercial", "area_sqm": 973.16995607018407, "waste_kg_day": 2.5 }, "geometry": { "type": "Point", "coordinates": [ 77.636034362330548, 12.91025428697758 ] } },
{ "type": "Feature", "properties": { "type": "mixed", "area_sqm": 299.43690956005662, "waste_kg_day": 1.2 }, "geometry": { "type": "Point", "coordinates": [ 77.647261636921556, 12.910387917421392 ] } },
{ "type": "Feature", "properties": { "type": "commercial", "area_sqm": 1771.6683815636684, "waste_kg_day": 2.5 }, "geometry": { "type": "Point", "coordinates": [ 77.628667155679139, 12.910100922557206 ] } },
{ "type": "Feature", "properties": { "type": "commercial", "area_sqm": 1621.94992678364, "waste_kg_day": 2.5 }, "geometry": { "type": "Point", "coordinates": [ 77.635519160538522, 12.910092324585593 ] } },
{ "type": "Feature", "properties": { "type": "mixed", "area_sqm": 249.53075796671385, "waste_kg_day": 1.2 }, "geometry": { "type": "Point", "coordinates": [ 77.64968065357256, 12.910271607318366 ] } },
{ "type": "Feature", "properties": { "type": "commercial", "area_sqm": 349.34306115339939, "waste_kg_day": 2.5 }, "geometry": { "type": "Point", "coordinates": [ 77.650199346353133, 12.91028886211387 ] } },
{ "type": "Feature", "properties": { "type": "mixed", "area_sqm": 299.43690956005662, "waste_kg_day": 1.2 }, "geometry": { "type": "Point", "coordinates": [ 77.627538360543767, 12.910257441344278 ] } },
{ "type": "Feature", "properties": { "type": "mixed", "area_sqm": 224.57768217004246, "waste_kg_day": 1.2 }, "geometry": { "type": "Point", "coordinates": [ 77.628043290882516, 12.910211464059962 ] } },
{ "type": "Feature", "properties": { "type": "commercial", "area_sqm": 1097.9353350535409, "waste_kg_day": 2.5 }, "geometry": { "type": "Point", "coordinates": [ 77.630465806004608, 12.910008689550509 ] } },
{ "type": "Feature", "properties": { "type": "commercial", "area_sqm": 374.29613695007077, "waste_kg_day": 2.5 }, "geometry": { "type": "Point", "coordinates": [ 77.633393744538537, 12.91020450533585 ] } },
{ "type": "Feature", "properties": { "type": "commercial", "area_sqm": 499.0615159334277, "waste_kg_day": 2.5 }, "geometry": { "type": "Point", "coordinates": [ 77.634339036119016, 12.910262660387364 ] } },
{ "type": "Feature", "properties": { "type": "commercial", "area_sqm": 998.1230318668554, "waste_kg_day": 2.5 }, "geometry": { "type": "Point", "coordinates": [ 77.640348998532062, 12.910170954344592 ] } },
{ "type": "Feature", "properties": { "type": "commercial", "area_sqm": 324.389985356728, "waste_kg_day": 2.5 }, "geometry": { "type": "Point", "coordinates": [ 77.640909825841419, 12.910241669510782 ] } },
{ "type": "Feature", "properties": { "type": "commercial", "area_sqm": 449.15536434008493, "waste_kg_day": 2.5 }, "geometry": { "type": "Point", "coordinates": [ 77.648816460777951, 12.910231346128857 ] } },
{ "type": "Feature", "properties": { "type": "commercial", "area_sqm": 973.16995607018407, "waste_kg_day": 2.5 }, "geometry": { "type": "Point", "coordinates": [ 77.634568147142673, 12.910099436248698 ] } },
{ "type": "Feature", "properties": { "type": "commercial", "area_sqm": 898.31072868016986, "waste_kg_day": 2.5 }, "geometry": { "type": "Point", "coordinates": [ 77.638407922337251, 12.910064833801874 ] } },
{ "type": "Feature", "properties": { "type": "commercial", "area_sqm": 524.01459173009903, "waste_kg_day": 2.5 }, "geometry": { "type": "Point", "coordinates": [ 77.641223503933887, 12.910186611473845 ] } },
{ "type": "Feature", "properties": { "type": "commercial", "area_sqm": 1397.3722446135976, "waste_kg_day": 2.5 }, "geometry": { "type": "Point", "coordinates": [ 77.641647722901354, 12.909975719528797 ] } },
{ "type": "Feature", "properties": { "type": "commercial", "area_sqm": 1447.2783962069402, "waste_kg_day": 2.5 }, "geometry": { "type": "Point", "coordinates": [ 77.643323901671977, 12.910178127315136 ] } },
{ "type": "Feature", "properties": { "type": "commercial", "area_sqm": 548.96766752677047, "waste_kg_day": 2.5 }, "geometry": { "type": "Point", "coordinates": [ 77.647095400846297, 12.910160177359522 ] } },
{ "type": "Feature", "properties": { "type": "commercial", "area_sqm": 1447.2783962069402, "waste_kg_day": 2.5 }, "geometry": { "type": "Point", "coordinates": [ 77.648331969898194, 12.910035439191397 ] } },
{ "type": "Feature", "properties": { "type": "commercial", "area_sqm": 1671.8560783769829, "waste_kg_day": 2.5 }, "geometry": { "type": "Point", "coordinates": [ 77.651780047410981, 12.909874136570192 ] } },
{ "type": "Feature", "properties": { "type": "mixed", "area_sqm": 199.62460637337108, "waste_kg_day": 1.2 }, "geometry": { "type": "Point", "coordinates": [ 77.633655636796078, 12.910175427810094 ] } },
{ "type": "Feature", "properties": { "type": "commercial", "area_sqm": 349.34306115339939, "waste_kg_day": 2.5 }, "geometry": { "type": "Point", "coordinates": [ 77.634077365241239, 12.910151462816337 ] } },
{ "type": "Feature", "properties": { "type": "commercial", "area_sqm": 1422.3253204102689, "waste_kg_day": 2.5 }, "geometry": { "type": "Point", "coordinates": [ 77.638017924991203, 12.909921342817819 ] } },
{ "type": "Feature", "properties": { "type": "commercial", "area_sqm": 2121.0114427170679, "waste_kg_day": 2.5 }, "geometry": { "type": "Point", "coordinates": [ 77.640009691725368, 12.909951886107557 ] } },
{ "type": "Feature", "properties": { "type": "commercial", "area_sqm": 873.35765288349853, "waste_kg_day": 2.5 }, "geometry": { "type": "Point", "coordinates": [ 77.64279352920056, 12.909955269400793 ] } },
{ "type": "Feature", "properties": { "type": "commercial", "area_sqm": 698.68612230679878, "waste_kg_day": 2.5 }, "geometry": { "type": "Point", "coordinates": [ 77.644300129165643, 12.910077970168821 ] } },
{ "type": "Feature", "properties": { "type": "commercial", "area_sqm": 199.62460637337108, "waste_kg_day": 2.5 }, "geometry": { "type": "Point", "coordinates": [ 77.652042332865406, 12.910074774836319 ] } },
{ "type": "Feature", "properties": { "type": "commercial", "area_sqm": 948.21688027351263, "waste_kg_day": 2.5 }, "geometry": { "type": "Point", "coordinates": [ 77.631176999079898, 12.910041812458944 ] } },
{ "type": "Feature", "properties": { "type": "commercial", "area_sqm": 374.29613695007077, "waste_kg_day": 2.5 }, "geometry": { "type": "Point", "coordinates": [ 77.645654641234756, 12.910079248301821 ] } },
{ "type": "Feature", "properties": { "type": "commercial", "area_sqm": 524.01459173009903, "waste_kg_day": 2.5 }, "geometry": { "type": "Point", "coordinates": [ 77.628177594604338, 12.910033235513811 ] } },
{ "type": "Feature", "properties": { "type": "commercial", "area_sqm": 698.68612230679878, "waste_kg_day": 2.5 }, "geometry": { "type": "Point", "coordinates": [ 77.647841651895988, 12.909950156868792 ] } },
{ "type": "Feature", "properties": { "type": "commercial", "area_sqm": 723.63919810347011, "waste_kg_day": 2.5 }, "geometry": { "type": "Point", "coordinates": [ 77.650775887955447, 12.909921288692406 ] } },
{ "type": "Feature", "properties": { "type": "commercial", "area_sqm": 399.24921274674216, "waste_kg_day": 2.5 }, "geometry": { "type": "Point", "coordinates": [ 77.653381818783231, 12.91003004018131 ] } },
{ "type": "Feature", "properties": { "type": "mixed", "area_sqm": 224.57768217004246, "waste_kg_day": 1.2 }, "geometry": { "type": "Point", "coordinates": [ 77.634954767028262, 12.910017613888252 ] } },
{ "type": "Feature", "properties": { "type": "commercial", "area_sqm": 449.15536434008493, "waste_kg_day": 2.5 }, "geometry": { "type": "Point", "coordinates": [ 77.635200129596967, 12.910012643371028 ] } },
{ "type": "Feature", "properties": { "type": "commercial", "area_sqm": 249.53075796671385, "waste_kg_day": 2.5 }, "geometry": { "type": "Point", "coordinates": [ 77.649629514847717, 12.909936097405788 ] } },
{ "type": "Feature", "properties": { "type": "commercial", "area_sqm": 2046.1522153270535, "waste_kg_day": 2.5 }, "geometry": { "type": "Point", "coordinates": [ 77.653747146009636, 12.909749630270635 ] } },
{ "type": "Feature", "properties": { "type": "mixed", "area_sqm": 274.48383376338523, "waste_kg_day": 1.2 }, "geometry": { "type": "Point", "coordinates": [ 77.629892080227933, 12.909987338919709 ] } },
{ "type": "Feature", "properties": { "type": "commercial", "area_sqm": 598.87381912011324, "waste_kg_day": 2.5 }, "geometry": { "type": "Point", "coordinates": [ 77.635745738466838, 12.909880924664609 ] } },
{ "type": "Feature", "properties": { "type": "commercial", "area_sqm": 524.01459173009903, "waste_kg_day": 2.5 }, "geometry": { "type": "Point", "coordinates": [ 77.640900289482474, 12.909939505760455 ] } },
{ "type": "Feature", "properties": { "type": "commercial", "area_sqm": 449.15536434008493, "waste_kg_day": 2.5 }, "geometry": { "type": "Point", "coordinates": [ 77.641192141801042, 12.909933115095454 ] } },
{ "type": "Feature", "properties": { "type": "commercial", "area_sqm": 424.20228854341354, "waste_kg_day": 2.5 }, "geometry": { "type": "Point", "coordinates": [ 77.642372464894692, 12.909928729344964 ] } },
{ "type": "Feature", "properties": { "type": "commercial", "area_sqm": 1871.4806847503539, "waste_kg_day": 2.5 }, "geometry": { "type": "Point", "coordinates": [ 77.633672063174359, 12.909792350047688 ] } },
{ "type": "Feature", "properties": { "type": "commercial", "area_sqm": 349.34306115339939, "waste_kg_day": 2.5 }, "geometry": { "type": "Point", "coordinates": [ 77.63934066906458, 12.909879859553776 ] } },
{ "type": "Feature", "properties": { "type": "mixed", "area_sqm": 224.57768217004246, "waste_kg_day": 1.2 }, "geometry": { "type": "Point", "coordinates": [ 77.647341702601864, 12.909952997164348 ] } },
{ "type": "Feature", "properties": { "type": "commercial", "area_sqm": 623.82689491678457, "waste_kg_day": 2.5 }, "geometry": { "type": "Point", "coordinates": [ 77.627923450638434, 12.909766105716749 ] } },
{ "type": "Feature", "properties": { "type": "commercial", "area_sqm": 399.24921274674216, "waste_kg_day": 2.5 }, "geometry": { "type": "Point", "coordinates": [ 77.636261968397562, 12.909865081140959 ] } },
{ "type": "Feature", "properties": { "type": "commercial", "area_sqm": 1447.2783962069402, "waste_kg_day": 2.5 }, "geometry": { "type": "Point", "coordinates": [ 77.637389244638229, 12.909650566900877 ] } },
{ "type": "Feature", "properties": { "type": "commercial", "area_sqm": 1097.9353350535409, "waste_kg_day": 2.5 }, "geometry": { "type": "Point", "coordinates": [ 77.647108079868985, 12.909674196334636 ] } },
{ "type": "Feature", "properties": { "type": "commercial", "area_sqm": 573.92074332344191, "waste_kg_day": 2.5 }, "geometry": { "type": "Point", "coordinates": [ 77.64891337057054, 12.909758714773748 ] } },
{ "type": "Feature", "properties": { "type": "commercial", "area_sqm": 1097.9353350535409, "waste_kg_day": 2.5 }, "geometry": { "type": "Point", "coordinates": [ 77.630116076295437, 12.909782982882048 ] } },
{ "type": "Feature", "properties": { "type": "commercial", "area_sqm": 224.57768217004246, "waste_kg_day": 2.5 }, "geometry": { "type": "Point", "coordinates": [ 77.630677710041212, 12.909818793199317 ] } },
{ "type": "Feature", "properties": { "type": "commercial", "area_sqm": 1696.8091541736542, "waste_kg_day": 2.5 }, "geometry": { "type": "Point", "coordinates": [ 77.631612822493437, 12.909709003245354 ] } },
{ "type": "Feature", "properties": { "type": "commercial", "area_sqm": 1946.3399121403681, "waste_kg_day": 2.5 }, "geometry": { "type": "Point", "coordinates": [ 77.634315433630618, 12.909497812490931 ] } },
{ "type": "Feature", "properties": { "type": "commercial", "area_sqm": 249.53075796671385, "waste_kg_day": 2.5 }, "geometry": { "type": "Point", "coordinates": [ 77.638927574430113, 12.909882415819776 ] } },
{ "type": "Feature", "properties": { "type": "mixed", "area_sqm": 249.53075796671385, "waste_kg_day": 1.2 }, "geometry": { "type": "Point", "coordinates": [ 77.643218578342129, 12.90986004849227 ] } },
{ "type": "Feature", "properties": { "type": "commercial", "area_sqm": 1372.4191688169262, "waste_kg_day": 2.5 }, "geometry": { "type": "Point", "coordinates": [ 77.650364475529585, 12.909768545788841 ] } },
{ "type": "Feature", "properties": { "type": "commercial", "area_sqm": 1172.7945624435552, "waste_kg_day": 2.5 }, "geometry": { "type": "Point", "coordinates": [ 77.632321776632566, 12.909577458724769 ] } },
{ "type": "Feature", "properties": { "type": "commercial", "area_sqm": 673.73304651012745, "waste_kg_day": 2.5 }, "geometry": { "type": "Point", "coordinates": [ 77.634624173251481, 12.909762460670786 ] } },
{ "type": "Feature", "properties": { "type": "commercial", "area_sqm": 3418.5713841439797, "waste_kg_day": 2.5 }, "geometry": { "type": "Point", "coordinates": [ 77.643616829221216, 12.90955379569713 ] } },
{ "type": "Feature", "properties": { "type": "commercial", "area_sqm": 873.35765288349853, "waste_kg_day": 2.5 }, "geometry": { "type": "Point", "coordinates": [ 77.645559005177901, 12.90977377451475 ] } },
{ "type": "Feature", "properties": { "type": "commercial", "area_sqm": 923.26380447684119, "waste_kg_day": 2.5 }, "geometry": { "type": "Point", "coordinates": [ 77.64930948946153, 12.909725965431713 ] } },
{ "type": "Feature", "properties": { "type": "commercial", "area_sqm": 449.15536434008493, "waste_kg_day": 2.5 }, "geometry": { "type": "Point", "coordinates": [ 77.636468266662561, 12.909729323889296 ] } },
{ "type": "Feature", "properties": { "type": "commercial", "area_sqm": 1322.5130172235833, "waste_kg_day": 2.5 }, "geometry": { "type": "Point", "coordinates": [ 77.644365383983001, 12.909578051355687 ] } },
{ "type": "Feature", "properties": { "type": "mixed", "area_sqm": 249.53075796671385, "waste_kg_day": 1.2 }, "geometry": { "type": "Point", "coordinates": [ 77.647570018928946, 12.909730317992741 ] } },
{ "type": "Feature", "properties": { "type": "commercial", "area_sqm": 374.29613695007077, "waste_kg_day": 2.5 }, "geometry": { "type": "Point", "coordinates": [ 77.649832520088765, 12.909721371061739 ] } },
{ "type": "Feature", "properties": { "type": "commercial", "area_sqm": 524.01459173009903, "waste_kg_day": 2.5 }, "geometry": { "type": "Point", "coordinates": [ 77.638380987799636, 12.909664707165392 ] } },
{ "type": "Feature", "properties": { "type": "commercial", "area_sqm": 1172.7945624435552, "waste_kg_day": 2.5 }, "geometry": { "type": "Point", "coordinates": [ 77.638908483958375, 12.909588880338815 ] } },
{ "type": "Feature", "properties": { "type": "commercial", "area_sqm": 573.92074332344191, "waste_kg_day": 2.5 }, "geometry": { "type": "Point", "coordinates": [ 77.639415312544941, 12.909628400778718 ] } },
{ "type": "Feature", "properties": { "type": "commercial", "area_sqm": 773.54534969681299, "waste_kg_day": 2.5 }, "geometry": { "type": "Point", "coordinates": [ 77.628722474468276, 12.909597845691774 ] } },
{ "type": "Feature", "properties": { "type": "commercial", "area_sqm": 623.82689491678457, "waste_kg_day": 2.5 }, "geometry": { "type": "Point", "coordinates": [ 77.636886674411301, 12.909614007889715 ] } },
{ "type": "Feature", "properties": { "type": "commercial", "area_sqm": 324.389985356728, "waste_kg_day": 2.5 }, "geometry": { "type": "Point", "coordinates": [ 77.63966890713364, 12.909649795613722 ] } },
{ "type": "Feature", "properties": { "type": "commercial", "area_sqm": 598.87381912011324, "waste_kg_day": 2.5 }, "geometry": { "type": "Point", "coordinates": [ 77.640861548024262, 12.909651659557682 ] } },
{ "type": "Feature", "properties": { "type": "commercial", "area_sqm": 948.21688027351263, "waste_kg_day": 2.5 }, "geometry": { "type": "Point", "coordinates": [ 77.642206080526776, 12.909520300559745 ] } },
{ "type": "Feature", "properties": { "type": "commercial", "area_sqm": 698.68612230679878, "waste_kg_day": 2.5 }, "geometry": { "type": "Point", "coordinates": [ 77.652210028034546, 12.909603463292461 ] } },
{ "type": "Feature", "properties": { "type": "commercial", "area_sqm": 249.53075796671385, "waste_kg_day": 2.5 }, "geometry": { "type": "Point", "coordinates": [ 77.63501778646696, 12.909681109872229 ] } },
{ "type": "Feature", "properties": { "type": "commercial", "area_sqm": 224.57768217004246, "waste_kg_day": 2.5 }, "geometry": { "type": "Point", "coordinates": [ 77.637821634936245, 12.909520562165914 ] } },
{ "type": "Feature", "properties": { "type": "commercial", "area_sqm": 1921.3868363436966, "waste_kg_day": 2.5 }, "geometry": { "type": "Point", "coordinates": [ 77.640408423903878, 12.909457494694133 ] } },
{ "type": "Feature", "properties": { "type": "commercial", "area_sqm": 1547.090699393626, "waste_kg_day": 2.5 }, "geometry": { "type": "Point", "coordinates": [ 77.641260460071436, 12.909462198673356 ] } },
{ "type": "Feature", "properties": { "type": "commercial", "area_sqm": 748.59227390014155, "waste_kg_day": 2.5 }, "geometry": { "type": "Point", "coordinates": [ 77.647852056744767, 12.909520065114192 ] } },
{ "type": "Feature", "properties": { "type": "commercial", "area_sqm": 449.15536434008493, "waste_kg_day": 2.5 }, "geometry": { "type": "Point", "coordinates": [ 77.651900280851947, 12.909550385269256 ] } },
{ "type": "Feature", "properties": { "type": "commercial", "area_sqm": 4666.2251739775493, "waste_kg_day": 2.5 }, "geometry": { "type": "Point", "coordinates": [ 77.632992722796089, 12.908910118858151 ] } },
{ "type": "Feature", "properties": { "type": "commercial", "area_sqm": 823.45150129015565, "waste_kg_day": 2.5 }, "geometry": { "type": "Point", "coordinates": [ 77.635961105755015, 12.909512880457479 ] } },
{ "type": "Feature", "properties": { "type": "commercial", "area_sqm": 1247.6537898335691, "waste_kg_day": 2.5 }, "geometry": { "type": "Point", "coordinates": [ 77.652844745947988, 12.909474435766082 ] } },
{ "type": "Feature", "properties": { "type": "commercial", "area_sqm": 449.15536434008493, "waste_kg_day": 2.5 }, "geometry": { "type": "Point", "coordinates": [ 77.630910158790499, 12.909493224321187 ] } },
{ "type": "Feature", "properties": { "type": "commercial", "area_sqm": 648.77997071345601, "waste_kg_day": 2.5 }, "geometry": { "type": "Point", "coordinates": [ 77.634655166418057, 12.909348696974231 ] } },
{ "type": "Feature", "properties": { "type": "commercial", "area_sqm": 1347.4660930202549, "waste_kg_day": 2.5 }, "geometry": { "type": "Point", "coordinates": [ 77.635164831823914, 12.909370618229676 ] } },
{ "type": "Feature", "properties": { "type": "commercial", "area_sqm": 623.82689491678457, "waste_kg_day": 2.5 }, "geometry": { "type": "Point", "coordinates": [ 77.638591918436134, 12.90946548883508 ] } },
{ "type": "Feature", "properties": { "type": "commercial", "area_sqm": 1497.1845478002831, "waste_kg_day": 2.5 }, "geometry": { "type": "Point", "coordinates": [ 77.651157477959757, 12.909344108804486 ] } },
{ "type": "Feature", "properties": { "type": "commercial", "area_sqm": 823.45150129015565, "waste_kg_day": 2.5 }, "geometry": { "type": "Point", "coordinates": [ 77.653363768785653, 12.909378676492448 ] } },
{ "type": "Feature", "properties": { "type": "commercial", "area_sqm": 748.59227390014155, "waste_kg_day": 2.5 }, "geometry": { "type": "Point", "coordinates": [ 77.629801636532747, 12.909348582269986 ] } },
{ "type": "Feature", "properties": { "type": "commercial", "area_sqm": 524.01459173009903, "waste_kg_day": 2.5 }, "geometry": { "type": "Point", "coordinates": [ 77.64190092600326, 12.90944103389034 ] } },
{ "type": "Feature", "properties": { "type": "commercial", "area_sqm": 998.1230318668554, "waste_kg_day": 2.5 }, "geometry": { "type": "Point", "coordinates": [ 77.642603751400245, 12.90939816317929 ] } },
{ "type": "Feature", "properties": { "type": "commercial", "area_sqm": 1247.6537898335691, "waste_kg_day": 2.5 }, "geometry": { "type": "Point", "coordinates": [ 77.645399877405524, 12.909270445739235 ] } },
{ "type": "Feature", "properties": { "type": "commercial", "area_sqm": 848.40457708682709, "waste_kg_day": 2.5 }, "geometry": { "type": "Point", "coordinates": [ 77.647348235475206, 12.909360336081303 ] } },
{ "type": "Feature", "properties": { "type": "commercial", "area_sqm": 1247.6537898335691, "waste_kg_day": 2.5 }, "geometry": { "type": "Point", "coordinates": [ 77.649725283732423, 12.909359915049256 ] } },
{ "type": "Feature", "properties": { "type": "commercial", "area_sqm": 873.35765288349853, "waste_kg_day": 2.5 }, "geometry": { "type": "Point", "coordinates": [ 77.650330181792029, 12.909399281545666 ] } },
{ "type": "Feature", "properties": { "type": "commercial", "area_sqm": 1122.8884108502123, "waste_kg_day": 2.5 }, "geometry": { "type": "Point", "coordinates": [ 77.631618869199471, 12.909305835821865 ] } },
{ "type": "Feature", "properties": { "type": "commercial", "area_sqm": 324.389985356728, "waste_kg_day": 2.5 }, "geometry": { "type": "Point", "coordinates": [ 77.635477677377096, 12.909408916702128 ] } },
{ "type": "Feature", "properties": { "type": "commercial", "area_sqm": 524.01459173009903, "waste_kg_day": 2.5 }, "geometry": { "type": "Point", "coordinates": [ 77.637632724206654, 12.909394169013664 ] } },
{ "type": "Feature", "properties": { "type": "mixed", "area_sqm": 249.53075796671385, "waste_kg_day": 1.2 }, "geometry": { "type": "Point", "coordinates": [ 77.645742971759489, 12.909426122338671 ] } },
{ "type": "Feature", "properties": { "type": "commercial", "area_sqm": 399.24921274674216, "waste_kg_day": 2.5 }, "geometry": { "type": "Point", "coordinates": [ 77.650772581572383, 12.909339448944589 ] } },
{ "type": "Feature", "properties": { "type": "commercial", "area_sqm": 623.82689491678457, "waste_kg_day": 2.5 }, "geometry": { "type": "Point", "coordinates": [ 77.631177733128581, 12.909300865304642 ] } },
{ "type": "Feature", "properties": { "type": "commercial", "area_sqm": 274.48383376338523, "waste_kg_day": 2.5 }, "geometry": { "type": "Point", "coordinates": [ 77.636878221729503, 12.909377320896841 ] } },
{ "type": "Feature", "properties": { "type": "commercial", "area_sqm": 324.389985356728, "waste_kg_day": 2.5 }, "geometry": { "type": "Point", "coordinates": [ 77.639375664096065, 12.909395152192895 ] } },
{ "type": "Feature", "properties": { "type": "commercial", "area_sqm": 1272.6068656302407, "waste_kg_day": 2.5 }, "geometry": { "type": "Point", "coordinates": [ 77.646741589817736, 12.909255078069513 ] } },
{ "type": "Feature", "properties": { "type": "commercial", "area_sqm": 1023.0761076635267, "waste_kg_day": 2.5 }, "geometry": { "type": "Point", "coordinates": [ 77.628223706388752, 12.909179536191541 ] } },
{ "type": "Feature", "properties": { "type": "commercial", "area_sqm": 224.57768217004246, "waste_kg_day": 2.5 }, "geometry": { "type": "Point", "coordinates": [ 77.646205286494194, 12.909361505614767 ] } },
{ "type": "Feature", "properties": { "type": "commercial", "area_sqm": 1297.559941426912, "waste_kg_day": 2.5 }, "geometry": { "type": "Point", "coordinates": [ 77.651825976721838, 12.909223095827471 ] } },
{ "type": "Feature", "properties": { "type": "commercial", "area_sqm": 449.15536434008493, "waste_kg_day": 2.5 }, "geometry": { "type": "Point", "coordinates": [ 77.628856861505056, 12.909160199667221 ] } },
{ "type": "Feature", "properties": { "type": "commercial", "area_sqm": 1097.9353350535409, "waste_kg_day": 2.5 }, "geometry": { "type": "Point", "coordinates": [ 77.630209055795149, 12.909191265399867 ] } },
{ "type": "Feature", "properties": { "type": "commercial", "area_sqm": 374.29613695007077, "waste_kg_day": 2.5 }, "geometry": { "type": "Point", "coordinates": [ 77.633477426088291, 12.909130873615602 ] } },
{ "type": "Feature", "properties": { "type": "commercial", "area_sqm": 948.21688027351263, "waste_kg_day": 2.5 }, "geometry": { "type": "Point", "coordinates": [ 77.646397498500917, 12.909145942130975 ] } },
{ "type": "Feature", "properties": { "type": "commercial", "area_sqm": 349.34306115339939, "waste_kg_day": 2.5 }, "geometry": { "type": "Point", "coordinates": [ 77.647579316878918, 12.909243988386129 ] } },
{ "type": "Feature", "properties": { "type": "commercial", "area_sqm": 923.26380447684119, "waste_kg_day": 2.5 }, "geometry": { "type": "Point", "coordinates": [ 77.64781302210794, 12.909152878229689 ] } },
{ "type": "Feature", "properties": { "type": "commercial", "area_sqm": 698.68612230679878, "waste_kg_day": 2.5 }, "geometry": { "type": "Point", "coordinates": [ 77.636903277893396, 12.9091129797536 ] } },
{ "type": "Feature", "properties": { "type": "mixed", "area_sqm": 299.43690956005662, "waste_kg_day": 1.2 }, "geometry": { "type": "Point", "coordinates": [ 77.648183683627096, 12.909202449063619 ] } },
{ "type": "Feature", "properties": { "type": "commercial", "area_sqm": 524.01459173009903, "waste_kg_day": 2.5 }, "geometry": { "type": "Point", "coordinates": [ 77.635664658129286, 12.909157714408609 ] } },
{ "type": "Feature", "properties": { "type": "commercial", "area_sqm": 449.15536434008493, "waste_kg_day": 2.5 }, "geometry": { "type": "Point", "coordinates": [ 77.648209511265904, 12.909063274581365 ] } },
{ "type": "Feature", "properties": { "type": "commercial", "area_sqm": 399.24921274674216, "waste_kg_day": 2.5 }, "geometry": { "type": "Point", "coordinates": [ 77.635997557945245, 12.909149326660796 ] } },
{ "type": "Feature", "properties": { "type": "commercial", "area_sqm": 698.68612230679878, "waste_kg_day": 2.5 }, "geometry": { "type": "Point", "coordinates": [ 77.636430078653746, 12.909053866102335 ] } },
{ "type": "Feature", "properties": { "type": "commercial", "area_sqm": 324.389985356728, "waste_kg_day": 2.5 }, "geometry": { "type": "Point", "coordinates": [ 77.636689987008054, 12.909143949899375 ] } },
{ "type": "Feature", "properties": { "type": "commercial", "area_sqm": 573.92074332344191, "waste_kg_day": 2.5 }, "geometry": { "type": "Point", "coordinates": [ 77.639089884295927, 12.90907797002359 ] } },
{ "type": "Feature", "properties": { "type": "commercial", "area_sqm": 2495.3075796671383, "waste_kg_day": 2.5 }, "geometry": { "type": "Point", "coordinates": [ 77.639755556875116, 12.909006958621225 ] } },
{ "type": "Feature", "properties": { "type": "commercial", "area_sqm": 324.389985356728, "waste_kg_day": 2.5 }, "geometry": { "type": "Point", "coordinates": [ 77.641085056437049, 12.909137067644759 ] } },
{ "type": "Feature", "properties": { "type": "commercial", "area_sqm": 1771.6683815636684, "waste_kg_day": 2.5 }, "geometry": { "type": "Point", "coordinates": [ 77.641802146977398, 12.90880739795529 ] } },
{ "type": "Feature", "properties": { "type": "commercial", "area_sqm": 1222.7007140368978, "waste_kg_day": 2.5 }, "geometry": { "type": "Point", "coordinates": [ 77.648843079058764, 12.908997947783572 ] } },
{ "type": "Feature", "properties": { "type": "commercial", "area_sqm": 648.77997071345601, "waste_kg_day": 2.5 }, "geometry": { "type": "Point", "coordinates": [ 77.649362019979293, 12.909119862008216 ] } },
{ "type": "Feature", "properties": { "type": "commercial", "area_sqm": 698.68612230679878, "waste_kg_day": 2.5 }, "geometry": { "type": "Point", "coordinates": [ 77.652366100766216, 12.909117772752349 ] } },
{ "type": "Feature", "properties": { "type": "commercial", "area_sqm": 548.96766752677047, "waste_kg_day": 2.5 }, "geometry": { "type": "Point", "coordinates": [ 77.628636856981728, 12.909023510443578 ] } },
{ "type": "Feature", "properties": { "type": "commercial", "area_sqm": 573.92074332344191, "waste_kg_day": 2.5 }, "geometry": { "type": "Point", "coordinates": [ 77.629232036032306, 12.908908756328552 ] } },
{ "type": "Feature", "properties": { "type": "commercial", "area_sqm": 424.20228854341354, "waste_kg_day": 2.5 }, "geometry": { "type": "Point", "coordinates": [ 77.632306066704572, 12.90905771929741 ] } },
{ "type": "Feature", "properties": { "type": "mixed", "area_sqm": 199.62460637337108, "waste_kg_day": 1.2 }, "geometry": { "type": "Point", "coordinates": [ 77.634748145917769, 12.909068245098588 ] } },
{ "type": "Feature", "properties": { "type": "commercial", "area_sqm": 873.35765288349853, "waste_kg_day": 2.5 }, "geometry": { "type": "Point", "coordinates": [ 77.637530889516498, 12.909055463768587 ] } },
{ "type": "Feature", "properties": { "type": "commercial", "area_sqm": 773.54534969681299, "waste_kg_day": 2.5 }, "geometry": { "type": "Point", "coordinates": [ 77.637898951222752, 12.90898310494873 ] } },
{ "type": "Feature", "properties": { "type": "commercial", "area_sqm": 199.62460637337108, "waste_kg_day": 2.5 }, "geometry": { "type": "Point", "coordinates": [ 77.644975890886812, 12.909135347081104 ] } },
{ "type": "Feature", "properties": { "type": "mixed", "area_sqm": 224.57768217004246, "waste_kg_day": 1.2 }, "geometry": { "type": "Point", "coordinates": [ 77.650296384481805, 12.909117950270822 ] } },
{ "type": "Feature", "properties": { "type": "mixed", "area_sqm": 224.57768217004246, "waste_kg_day": 1.2 }, "geometry": { "type": "Point", "coordinates": [ 77.631178766234143, 12.909078186133035 ] } },
{ "type": "Feature", "properties": { "type": "commercial", "area_sqm": 698.68612230679878, "waste_kg_day": 2.5 }, "geometry": { "type": "Point", "coordinates": [ 77.634568828311174, 12.908870134483543 ] } },
{ "type": "Feature", "properties": { "type": "commercial", "area_sqm": 399.24921274674216, "waste_kg_day": 2.5 }, "geometry": { "type": "Point", "coordinates": [ 77.634893426386085, 12.908948020713249 ] } },
{ "type": "Feature", "properties": { "type": "commercial", "area_sqm": 1372.4191688169262, "waste_kg_day": 2.5 }, "geometry": { "type": "Point", "coordinates": [ 77.643011487638205, 12.909021070371487 ] } },
{ "type": "Feature", "properties": { "type": "commercial", "area_sqm": 1422.3253204102689, "waste_kg_day": 2.5 }, "geometry": { "type": "Point", "coordinates": [ 77.643632581798769, 12.908972497240496 ] } },
{ "type": "Feature", "properties": { "type": "commercial", "area_sqm": 548.96766752677047, "waste_kg_day": 2.5 }, "geometry": { "type": "Point", "coordinates": [ 77.64846896163759, 12.908986909362206 ] } },
{ "type": "Feature", "properties": { "type": "mixed", "area_sqm": 224.57768217004246, "waste_kg_day": 1.2 }, "geometry": { "type": "Point", "coordinates": [ 77.652765506752104, 12.909038421995248 ] } },
{ "type": "Feature", "properties": { "type": "commercial", "area_sqm": 598.87381912011324, "waste_kg_day": 2.5 }, "geometry": { "type": "Point", "coordinates": [ 77.653084478091429, 12.909012326779825 ] } },
{ "type": "Feature", "properties": { "type": "commercial", "area_sqm": 524.01459173009903, "waste_kg_day": 2.5 }, "geometry": { "type": "Point", "coordinates": [ 77.63052864766864, 12.908983036231902 ] } },
{ "type": "Feature", "properties": { "type": "commercial", "area_sqm": 623.82689491678457, "waste_kg_day": 2.5 }, "geometry": { "type": "Point", "coordinates": [ 77.63391690919029, 12.909010984740176 ] } },
{ "type": "Feature", "properties": { "type": "commercial", "area_sqm": 2270.7298974970959, "waste_kg_day": 2.5 }, "geometry": { "type": "Point", "coordinates": [ 77.638449445233491, 12.90863367987849 ] } },
{ "type": "Feature", "properties": { "type": "commercial", "area_sqm": 648.77997071345601, "waste_kg_day": 2.5 }, "geometry": { "type": "Point", "coordinates": [ 77.644296425311936, 12.908918556060669 ] } },
{ "type": "Feature", "properties": { "type": "commercial", "area_sqm": 998.1230318668554, "waste_kg_day": 2.5 }, "geometry": { "type": "Point", "coordinates": [ 77.649770146341041, 12.908891543211299 ] } },
{ "type": "Feature", "properties": { "type": "commercial", "area_sqm": 573.92074332344191, "waste_kg_day": 2.5 }, "geometry": { "type": "Point", "coordinates": [ 77.650489979478806, 12.908920426238554 ] } },
{ "type": "Feature", "properties": { "type": "commercial", "area_sqm": 1397.3722446135976, "waste_kg_day": 2.5 }, "geometry": { "type": "Point", "coordinates": [ 77.653709322467506, 12.908842974157286 ] } },
{ "type": "Feature", "properties": { "type": "commercial", "area_sqm": 1023.0761076635267, "waste_kg_day": 2.5 }, "geometry": { "type": "Point", "coordinates": [ 77.644973623094131, 12.90884675400183 ] } },
{ "type": "Feature", "properties": { "type": "commercial", "area_sqm": 374.29613695007077, "waste_kg_day": 2.5 }, "geometry": { "type": "Point", "coordinates": [ 77.641067652581967, 12.908901235719883 ] } },
{ "type": "Feature", "properties": { "type": "commercial", "area_sqm": 499.0615159334277, "waste_kg_day": 2.5 }, "geometry": { "type": "Point", "coordinates": [ 77.649199484661523, 12.908887069745797 ] } },
{ "type": "Feature", "properties": { "type": "commercial", "area_sqm": 324.389985356728, "waste_kg_day": 2.5 }, "geometry": { "type": "Point", "coordinates": [ 77.650783533484613, 12.908909953242398 ] } },
{ "type": "Feature", "properties": { "type": "commercial", "area_sqm": 524.01459173009903, "waste_kg_day": 2.5 }, "geometry": { "type": "Point", "coordinates": [ 77.651639421699969, 12.908808358055195 ] } },
{ "type": "Feature", "properties": { "type": "mixed", "area_sqm": 249.53075796671385, "waste_kg_day": 1.2 }, "geometry": { "type": "Point", "coordinates": [ 77.628820702810714, 12.908866939151043 ] } },
{ "type": "Feature", "properties": { "type": "commercial", "area_sqm": 349.34306115339939, "waste_kg_day": 2.5 }, "geometry": { "type": "Point", "coordinates": [ 77.632430299817642, 12.908841376491036 ] } },
{ "type": "Feature", "properties": { "type": "commercial", "area_sqm": 948.21688027351263, "waste_kg_day": 2.5 }, "geometry": { "type": "Point", "coordinates": [ 77.635658366283437, 12.908781001524313 ] } },
{ "type": "Feature", "properties": { "type": "commercial", "area_sqm": 399.24921274674216, "waste_kg_day": 2.5 }, "geometry": { "type": "Point", "coordinates": [ 77.640341443947719, 12.908841775907598 ] } },
{ "type": "Feature", "properties": { "type": "mixed", "area_sqm": 249.53075796671385, "waste_kg_day": 1.2 }, "geometry": { "type": "Point", "coordinates": [ 77.64598006948377, 12.908875886082045 ] } },
{ "type": "Feature", "properties": { "type": "mixed", "area_sqm": 199.62460637337108, "waste_kg_day": 1.2 }, "geometry": { "type": "Point", "coordinates": [ 77.637322515816223, 12.908844571823538 ] } },
{ "type": "Feature", "properties": { "type": "commercial", "area_sqm": 823.45150129015565, "waste_kg_day": 2.5 }, "geometry": { "type": "Point", "coordinates": [ 77.646781947229826, 12.908749680131091 ] } },
{ "type": "Feature", "properties": { "type": "commercial", "area_sqm": 598.87381912011324, "waste_kg_day": 2.5 }, "geometry": { "type": "Point", "coordinates": [ 77.647337182765071, 12.908661905315579 ] } },
{ "type": "Feature", "properties": { "type": "mixed", "area_sqm": 299.43690956005662, "waste_kg_day": 1.2 }, "geometry": { "type": "Point", "coordinates": [ 77.647606435899675, 12.908788653504775 ] } },
{ "type": "Feature", "properties": { "type": "commercial", "area_sqm": 973.16995607018407, "waste_kg_day": 2.5 }, "geometry": { "type": "Point", "coordinates": [ 77.62998235053476, 12.908702338561453 ] } },
{ "type": "Feature", "properties": { "type": "commercial", "area_sqm": 1946.3399121403681, "waste_kg_day": 2.5 }, "geometry": { "type": "Point", "coordinates": [ 77.631545717379396, 12.908486694583456 ] } },
{ "type": "Feature", "properties": { "type": "commercial", "area_sqm": 349.34306115339939, "waste_kg_day": 2.5 }, "geometry": { "type": "Point", "coordinates": [ 77.631882384908593, 12.908790251171025 ] } },
{ "type": "Feature", "properties": { "type": "commercial", "area_sqm": 698.68612230679878, "waste_kg_day": 2.5 }, "geometry": { "type": "Point", "coordinates": [ 77.640727059819312, 12.908758297846017 ] } },
{ "type": "Feature", "properties": { "type": "commercial", "area_sqm": 848.40457708682709, "waste_kg_day": 2.5 }, "geometry": { "type": "Point", "coordinates": [ 77.645580257634975, 12.908731419460864 ] } },
{ "type": "Feature", "properties": { "type": "commercial", "area_sqm": 798.49842549348432, "waste_kg_day": 2.5 }, "geometry": { "type": "Point", "coordinates": [ 77.65113287713379, 12.908746714765702 ] } },
{ "type": "Feature", "properties": { "type": "commercial", "area_sqm": 3069.2283229905802, "waste_kg_day": 2.5 }, "geometry": { "type": "Point", "coordinates": [ 77.65218255804588, 12.908216831867865 ] } },
{ "type": "Feature", "properties": { "type": "commercial", "area_sqm": 474.10844013675631, "waste_kg_day": 2.5 }, "geometry": { "type": "Point", "coordinates": [ 77.652658933758275, 12.908710367858506 ] } },
{ "type": "Feature", "properties": { "type": "commercial", "area_sqm": 723.63919810347011, "waste_kg_day": 2.5 }, "geometry": { "type": "Point", "coordinates": [ 77.652988158810828, 12.908747389641963 ] } },
{ "type": "Feature", "properties": { "type": "commercial", "area_sqm": 199.62460637337108, "waste_kg_day": 2.5 }, "geometry": { "type": "Point", "coordinates": [ 77.62850689699917, 12.908699184194754 ] } },
{ "type": "Feature", "properties": { "type": "commercial", "area_sqm": 1072.9822592568696, "waste_kg_day": 2.5 }, "geometry": { "type": "Point", "coordinates": [ 77.630992206591941, 12.908588647983246 ] } },
{ "type": "Feature", "properties": { "type": "mixed", "area_sqm": 249.53075796671385, "waste_kg_day": 1.2 }, "geometry": { "type": "Point", "coordinates": [ 77.631340447253095, 12.908719314789508 ] } },
{ "type": "Feature", "properties": { "type": "commercial", "area_sqm": 1921.3868363436966, "waste_kg_day": 2.5 }, "geometry": { "type": "Point", "coordinates": [ 77.636549170902583, 12.908541886690285 ] } },
{ "type": "Feature", "properties": { "type": "mixed", "area_sqm": 199.62460637337108, "waste_kg_day": 1.2 }, "geometry": { "type": "Point", "coordinates": [ 77.636927352942422, 12.908749510681641 ] } },
{ "type": "Feature", "properties": { "type": "commercial", "area_sqm": 399.24921274674216, "waste_kg_day": 2.5 }, "geometry": { "type": "Point", "coordinates": [ 77.638714302702638, 12.908699184194754 ] } },
{ "type": "Feature", "properties": { "type": "commercial", "area_sqm": 1871.4806847503539, "waste_kg_day": 2.5 }, "geometry": { "type": "Point", "coordinates": [ 77.640054795898379, 12.908434205921576 ] } },
{ "type": "Feature", "properties": { "type": "commercial", "area_sqm": 673.73304651012745, "waste_kg_day": 2.5 }, "geometry": { "type": "Point", "coordinates": [ 77.642093526395527, 12.908650721651826 ] } },
{ "type": "Feature", "properties": { "type": "commercial", "area_sqm": 1671.8560783769829, "waste_kg_day": 2.5 }, "geometry": { "type": "Point", "coordinates": [ 77.647564051587921, 12.908234311007426 ] } },
{ "type": "Feature", "properties": { "type": "commercial", "area_sqm": 249.53075796671385, "waste_kg_day": 2.5 }, "geometry": { "type": "Point", "coordinates": [ 77.633957820170167, 12.908741682117014 ] } },
{ "type": "Feature", "properties": { "type": "commercial", "area_sqm": 773.54534969681299, "waste_kg_day": 2.5 }, "geometry": { "type": "Point", "coordinates": [ 77.634155776524409, 12.90864110129591 ] } },
{ "type": "Feature", "properties": { "type": "mixed", "area_sqm": 199.62460637337108, "waste_kg_day": 1.2 }, "geometry": { "type": "Point", "coordinates": [ 77.634899237604813, 12.908721551522259 ] } },
{ "type": "Feature", "properties": { "type": "commercial", "area_sqm": 449.15536434008493, "waste_kg_day": 2.5 }, "geometry": { "type": "Point", "coordinates": [ 77.638030838810607, 12.908640780617379 ] } },
{ "type": "Feature", "properties": { "type": "commercial", "area_sqm": 199.62460637337108, "waste_kg_day": 2.5 }, "geometry": { "type": "Point", "coordinates": [ 77.647096985724133, 12.908648857707867 ] } },
{ "type": "Feature", "properties": { "type": "residential", "area_sqm": 274.48383376338523, "waste_kg_day": 480.38819247877132 }, "geometry": { "type": "Point", "coordinates": [ 77.648023082673035, 12.908714434645326 ] } },
{ "type": "Feature", "properties": { "type": "commercial", "area_sqm": 923.26380447684119, "waste_kg_day": 2.5 }, "geometry": { "type": "Point", "coordinates": [ 77.648385976862969, 12.908632988995786 ] } },
{ "type": "Feature", "properties": { "type": "mixed", "area_sqm": 224.57768217004246, "waste_kg_day": 1.2 }, "geometry": { "type": "Point", "coordinates": [ 77.628900768491036, 12.908660662686273 ] } },
{ "type": "Feature", "properties": { "type": "commercial", "area_sqm": 499.0615159334277, "waste_kg_day": 2.5 }, "geometry": { "type": "Point", "coordinates": [ 77.629580810220915, 12.908591821022728 ] } },
{ "type": "Feature", "properties": { "type": "commercial", "area_sqm": 773.54534969681299, "waste_kg_day": 2.5 }, "geometry": { "type": "Point", "coordinates": [ 77.630264134560377, 12.908563176412988 ] } },
{ "type": "Feature", "properties": { "type": "commercial", "area_sqm": 1222.7007140368978, "waste_kg_day": 2.5 }, "geometry": { "type": "Point", "coordinates": [ 77.63600147162316, 12.908265760164833 ] } },
{ "type": "Feature", "properties": { "type": "commercial", "area_sqm": 274.48383376338523, "waste_kg_day": 2.5 }, "geometry": { "type": "Point", "coordinates": [ 77.632474374515567, 12.90864936605622 ] } },
{ "type": "Feature", "properties": { "type": "commercial", "area_sqm": 499.0615159334277, "waste_kg_day": 2.5 }, "geometry": { "type": "Point", "coordinates": [ 77.634703980655402, 12.908573927160726 ] } },
{ "type": "Feature", "properties": { "type": "commercial", "area_sqm": 249.53075796671385, "waste_kg_day": 2.5 }, "geometry": { "type": "Point", "coordinates": [ 77.642460795419424, 12.908638792410489 ] } },
{ "type": "Feature", "properties": { "type": "commercial", "area_sqm": 199.62460637337108, "waste_kg_day": 2.5 }, "geometry": { "type": "Point", "coordinates": [ 77.646463562882303, 12.908632082212238 ] } },
{ "type": "Feature", "properties": { "type": "commercial", "area_sqm": 1821.574533157011, "waste_kg_day": 2.5 }, "geometry": { "type": "Point", "coordinates": [ 77.650537466030926, 12.908316335212319 ] } },
{ "type": "Feature", "properties": { "type": "commercial", "area_sqm": 673.73304651012745, "waste_kg_day": 2.5 }, "geometry": { "type": "Point", "coordinates": [ 77.652412529021703, 12.908412136825104 ] } },
{ "type": "Feature", "properties": { "type": "residential", "area_sqm": 274.48383376338523, "waste_kg_day": 480.38819247877132 }, "geometry": { "type": "Point", "coordinates": [ 77.638944902427795, 12.908563963533018 ] } },
{ "type": "Feature", "properties": { "type": "commercial", "area_sqm": 1472.2314720036118, "waste_kg_day": 2.5 }, "geometry": { "type": "Point", "coordinates": [ 77.644994801971492, 12.908338842757573 ] } },
{ "type": "Feature", "properties": { "type": "commercial", "area_sqm": 1322.5130172235833, "waste_kg_day": 2.5 }, "geometry": { "type": "Point", "coordinates": [ 77.649300314788803, 12.908436051577782 ] } },
{ "type": "Feature", "properties": { "type": "commercial", "area_sqm": 1023.0761076635267, "waste_kg_day": 2.5 }, "geometry": { "type": "Point", "coordinates": [ 77.649957097499779, 12.908444142106738 ] } },
{ "type": "Feature", "properties": { "type": "commercial", "area_sqm": 673.73304651012745, "waste_kg_day": 2.5 }, "geometry": { "type": "Point", "coordinates": [ 77.641416842258693, 12.908463498836413 ] } },
{ "type": "Feature", "properties": { "type": "commercial", "area_sqm": 474.10844013675631, "waste_kg_day": 2.5 }, "geometry": { "type": "Point", "coordinates": [ 77.645900792226115, 12.908522011416357 ] } },
{ "type": "Feature", "properties": { "type": "commercial", "area_sqm": 449.15536434008493, "waste_kg_day": 2.5 }, "geometry": { "type": "Point", "coordinates": [ 77.65106863088225, 12.908466812514561 ] } },
{ "type": "Feature", "properties": { "type": "commercial", "area_sqm": 524.01459173009903, "waste_kg_day": 2.5 }, "geometry": { "type": "Point", "coordinates": [ 77.632184568282682, 12.908386574165098 ] } },
{ "type": "Feature", "properties": { "type": "commercial", "area_sqm": 1122.8884108502123, "waste_kg_day": 2.5 }, "geometry": { "type": "Point", "coordinates": [ 77.635007455411426, 12.90836243165287 ] } },
{ "type": "Feature", "properties": { "type": "commercial", "area_sqm": 973.16995607018407, "waste_kg_day": 2.5 }, "geometry": { "type": "Point", "coordinates": [ 77.635536087575645, 12.90836281400035 ] } },
{ "type": "Feature", "properties": { "type": "commercial", "area_sqm": 898.31072868016986, "waste_kg_day": 2.5 }, "geometry": { "type": "Point", "coordinates": [ 77.643167956170061, 12.908402195790657 ] } },
{ "type": "Feature", "properties": { "type": "commercial", "area_sqm": 1871.4806847503539, "waste_kg_day": 2.5 }, "geometry": { "type": "Point", "coordinates": [ 77.643723147093937, 12.908245127446399 ] } },
{ "type": "Feature", "properties": { "type": "commercial", "area_sqm": 1048.0291834601981, "waste_kg_day": 2.5 }, "geometry": { "type": "Point", "coordinates": [ 77.651778890949544, 12.908373792835096 ] } },
{ "type": "Feature", "properties": { "type": "commercial", "area_sqm": 1522.1376235969544, "waste_kg_day": 2.5 }, "geometry": { "type": "Point", "coordinates": [ 77.637426260360485, 12.908273288278405 ] } },
{ "type": "Feature", "properties": { "type": "mixed", "area_sqm": 199.62460637337108, "waste_kg_day": 1.2 }, "geometry": { "type": "Point", "coordinates": [ 77.645609313728642, 12.908414000769064 ] } },
{ "type": "Feature", "properties": { "type": "commercial", "area_sqm": 3268.8529293639513, "waste_kg_day": 2.5 }, "geometry": { "type": "Point", "coordinates": [ 77.653618725757582, 12.907977197596621 ] } },
{ "type": "Feature", "properties": { "type": "commercial", "area_sqm": 1422.3253204102689, "waste_kg_day": 2.5 }, "geometry": { "type": "Point", "coordinates": [ 77.629176716421483, 12.908205729557251 ] } },
{ "type": "Feature", "properties": { "type": "commercial", "area_sqm": 623.82689491678457, "waste_kg_day": 2.5 }, "geometry": { "type": "Point", "coordinates": [ 77.633677022081017, 12.908359648163225 ] } },
{ "type": "Feature", "properties": { "type": "commercial", "area_sqm": 798.49842549348432, "waste_kg_day": 2.5 }, "geometry": { "type": "Point", "coordinates": [ 77.639519156497073, 12.908307755963413 ] } },
{ "type": "Feature", "properties": { "type": "commercial", "area_sqm": 499.0615159334277, "waste_kg_day": 2.5 }, "geometry": { "type": "Point", "coordinates": [ 77.640380379113225, 12.908267494773904 ] } },
{ "type": "Feature", "properties": { "type": "commercial", "area_sqm": 349.34306115339939, "waste_kg_day": 2.5 }, "geometry": { "type": "Point", "coordinates": [ 77.640592571614363, 12.908342904620921 ] } },
{ "type": "Feature", "properties": { "type": "commercial", "area_sqm": 623.82689491678457, "waste_kg_day": 2.5 }, "geometry": { "type": "Point", "coordinates": [ 77.640957316908967, 12.908345333073623 ] } },
{ "type": "Feature", "properties": { "type": "commercial", "area_sqm": 424.20228854341354, "waste_kg_day": 2.5 }, "geometry": { "type": "Point", "coordinates": [ 77.64600686945721, 12.90834985916813 ] } },
{ "type": "Feature", "properties": { "type": "commercial", "area_sqm": 1472.2314720036118, "waste_kg_day": 2.5 }, "geometry": { "type": "Point", "coordinates": [ 77.646806326292278, 12.908178859499825 ] } },
{ "type": "Feature", "properties": { "type": "commercial", "area_sqm": 1147.8414866468838, "waste_kg_day": 2.5 }, "geometry": { "type": "Point", "coordinates": [ 77.648134161937023, 12.908271773740905 ] } },
{ "type": "Feature", "properties": { "type": "commercial", "area_sqm": 748.59227390014155, "waste_kg_day": 2.5 }, "geometry": { "type": "Point", "coordinates": [ 77.653000021712515, 12.908282406325574 ] } },
{ "type": "Feature", "properties": { "type": "mixed", "area_sqm": 224.57768217004246, "waste_kg_day": 1.2 }, "geometry": { "type": "Point", "coordinates": [ 77.631803795093361, 12.908297814928966 ] } },
{ "type": "Feature", "properties": { "type": "commercial", "area_sqm": 224.57768217004246, "waste_kg_day": 2.5 }, "geometry": { "type": "Point", "coordinates": [ 77.632501141341237, 12.90833260854953 ] } },
{ "type": "Feature", "properties": { "type": "commercial", "area_sqm": 4316.8821128241498, "waste_kg_day": 2.5 }, "geometry": { "type": "Point", "coordinates": [ 77.644248984682363, 12.907644752174706 ] } },
{ "type": "Feature", "properties": { "type": "commercial", "area_sqm": 3144.0875503805946, "waste_kg_day": 2.5 }, "geometry": { "type": "Point", "coordinates": [ 77.630391023250411, 12.908134142897541 ] } },
{ "type": "Feature", "properties": { "type": "commercial", "area_sqm": 524.01459173009903, "waste_kg_day": 2.5 }, "geometry": { "type": "Point", "coordinates": [ 77.637829752194151, 12.908220416875061 ] } },
{ "type": "Feature", "properties": { "type": "commercial", "area_sqm": 1796.6214573603397, "waste_kg_day": 2.5 }, "geometry": { "type": "Point", "coordinates": [ 77.637960458494859, 12.907865379930534 ] } },
{ "type": "Feature", "properties": { "type": "commercial", "area_sqm": 2595.119882853824, "waste_kg_day": 2.5 }, "geometry": { "type": "Point", "coordinates": [ 77.642825739955811, 12.907960202105256 ] } },
{ "type": "Feature", "properties": { "type": "commercial", "area_sqm": 798.49842549348432, "waste_kg_day": 2.5 }, "geometry": { "type": "Point", "coordinates": [ 77.64334003281364, 12.907867399203155 ] } },
{ "type": "Feature", "properties": { "type": "commercial", "area_sqm": 499.0615159334277, "waste_kg_day": 2.5 }, "geometry": { "type": "Point", "coordinates": [ 77.647335245692162, 12.908178025463885 ] } },
{ "type": "Feature", "properties": { "type": "commercial", "area_sqm": 449.15536434008493, "waste_kg_day": 2.5 }, "geometry": { "type": "Point", "coordinates": [ 77.648604674139705, 12.908205860360335 ] } },
{ "type": "Feature", "properties": { "type": "mixed", "area_sqm": 199.62460637337108, "waste_kg_day": 1.2 }, "geometry": { "type": "Point", "coordinates": [ 77.648898463531182, 12.908235062149021 ] } },
{ "type": "Feature", "properties": { "type": "commercial", "area_sqm": 374.29613695007077, "waste_kg_day": 2.5 }, "geometry": { "type": "Point", "coordinates": [ 77.631980456142813, 12.908161622757047 ] } },
{ "type": "Feature", "properties": { "type": "commercial", "area_sqm": 199.62460637337108, "waste_kg_day": 2.5 }, "geometry": { "type": "Point", "coordinates": [ 77.634201891356923, 12.908257429476528 ] } },
{ "type": "Feature", "properties": { "type": "commercial", "area_sqm": 1721.7622299703255, "waste_kg_day": 2.5 }, "geometry": { "type": "Point", "coordinates": [ 77.638883038597285, 12.908012118243345 ] } },
{ "type": "Feature", "properties": { "type": "commercial", "area_sqm": 3019.3221713972375, "waste_kg_day": 2.5 }, "geometry": { "type": "Point", "coordinates": [ 77.641303969073547, 12.90780865030834 ] } },
{ "type": "Feature", "properties": { "type": "commercial", "area_sqm": 798.49842549348432, "waste_kg_day": 2.5 }, "geometry": { "type": "Point", "coordinates": [ 77.632467242565298, 12.908068705150702 ] } },
{ "type": "Feature", "properties": { "type": "mixed", "area_sqm": 249.53075796671385, "waste_kg_day": 1.2 }, "geometry": { "type": "Point", "coordinates": [ 77.645873143059092, 12.908182498929385 ] } },
{ "type": "Feature", "properties": { "type": "commercial", "area_sqm": 573.92074332344191, "waste_kg_day": 2.5 }, "geometry": { "type": "Point", "coordinates": [ 77.633658668736288, 12.90811520244837 ] } },
{ "type": "Feature", "properties": { "type": "commercial", "area_sqm": 1247.6537898335691, "waste_kg_day": 2.5 }, "geometry": { "type": "Point", "coordinates": [ 77.634146568554598, 12.907966877892235 ] } },
{ "type": "Feature", "properties": { "type": "commercial", "area_sqm": 399.24921274674216, "waste_kg_day": 2.5 }, "geometry": { "type": "Point", "coordinates": [ 77.634399472793831, 12.90807289902461 ] } },
{ "type": "Feature", "properties": { "type": "commercial", "area_sqm": 2719.8852618371811, "waste_kg_day": 2.5 }, "geometry": { "type": "Point", "coordinates": [ 77.645361030741142, 12.907832911964819 ] } },
{ "type": "Feature", "properties": { "type": "commercial", "area_sqm": 474.10844013675631, "waste_kg_day": 2.5 }, "geometry": { "type": "Point", "coordinates": [ 77.646275157053921, 12.908013449022556 ] } },
{ "type": "Feature", "properties": { "type": "commercial", "area_sqm": 349.34306115339939, "waste_kg_day": 2.5 }, "geometry": { "type": "Point", "coordinates": [ 77.651062727421944, 12.908122426678371 ] } },
{ "type": "Feature", "properties": { "type": "commercial", "area_sqm": 349.34306115339939, "waste_kg_day": 2.5 }, "geometry": { "type": "Point", "coordinates": [ 77.632918442191169, 12.907901948735821 ] } },
{ "type": "Feature", "properties": { "type": "commercial", "area_sqm": 324.389985356728, "waste_kg_day": 2.5 }, "geometry": { "type": "Point", "coordinates": [ 77.645973632441482, 12.908018701269501 ] } },
{ "type": "Feature", "properties": { "type": "commercial", "area_sqm": 349.34306115339939, "waste_kg_day": 2.5 }, "geometry": { "type": "Point", "coordinates": [ 77.647121060773173, 12.907994613378342 ] } },
{ "type": "Feature", "properties": { "type": "commercial", "area_sqm": 1297.559941426912, "waste_kg_day": 2.5 }, "geometry": { "type": "Point", "coordinates": [ 77.651548826289982, 12.907926651114 ] } },
{ "type": "Feature", "properties": { "type": "commercial", "area_sqm": 673.73304651012745, "waste_kg_day": 2.5 }, "geometry": { "type": "Point", "coordinates": [ 77.63498059466707, 12.907979701826672 ] } },
{ "type": "Feature", "properties": { "type": "commercial", "area_sqm": 449.15536434008493, "waste_kg_day": 2.5 }, "geometry": { "type": "Point", "coordinates": [ 77.647961565933329, 12.907895203033874 ] } },
{ "type": "Feature", "properties": { "type": "commercial", "area_sqm": 1372.4191688169262, "waste_kg_day": 2.5 }, "geometry": { "type": "Point", "coordinates": [ 77.649137146133299, 12.907871796416405 ] } },
{ "type": "Feature", "properties": { "type": "commercial", "area_sqm": 923.26380447684119, "waste_kg_day": 2.5 }, "geometry": { "type": "Point", "coordinates": [ 77.637262361849352, 12.90792569782873 ] } },
{ "type": "Feature", "properties": { "type": "commercial", "area_sqm": 374.29613695007077, "waste_kg_day": 2.5 }, "geometry": { "type": "Point", "coordinates": [ 77.629730352249638, 12.907890232516651 ] } },
{ "type": "Feature", "properties": { "type": "commercial", "area_sqm": 399.24921274674216, "waste_kg_day": 2.5 }, "geometry": { "type": "Point", "coordinates": [ 77.63560239507143, 12.907919123648012 ] } },
{ "type": "Feature", "properties": { "type": "mixed", "area_sqm": 224.57768217004246, "waste_kg_day": 1.2 }, "geometry": { "type": "Point", "coordinates": [ 77.64196955372924, 12.907939937688885 ] } },
{ "type": "Feature", "properties": { "type": "commercial", "area_sqm": 598.87381912011324, "waste_kg_day": 2.5 }, "geometry": { "type": "Point", "coordinates": [ 77.64232210099901, 12.907849225749558 ] } },
{ "type": "Feature", "properties": { "type": "mixed", "area_sqm": 224.57768217004246, "waste_kg_day": 1.2 }, "geometry": { "type": "Point", "coordinates": [ 77.630088839876322, 12.907855438896087 ] } },
{ "type": "Feature", "properties": { "type": "commercial", "area_sqm": 898.31072868016986, "waste_kg_day": 2.5 }, "geometry": { "type": "Point", "coordinates": [ 77.631727603558858, 12.907867865189147 ] } },
{ "type": "Feature", "properties": { "type": "commercial", "area_sqm": 349.34306115339939, "waste_kg_day": 2.5 }, "geometry": { "type": "Point", "coordinates": [ 77.633732012813709, 12.90789555807082 ] } },
{ "type": "Feature", "properties": { "type": "commercial", "area_sqm": 1696.8091541736542, "waste_kg_day": 2.5 }, "geometry": { "type": "Point", "coordinates": [ 77.640252395566549, 12.90757423919376 ] } },
{ "type": "Feature", "properties": { "type": "commercial", "area_sqm": 1172.7945624435552, "waste_kg_day": 2.5 }, "geometry": { "type": "Point", "coordinates": [ 77.651044286958864, 12.907722398243598 ] } },
{ "type": "Feature", "properties": { "type": "commercial", "area_sqm": 224.57768217004246, "waste_kg_day": 2.5 }, "geometry": { "type": "Point", "coordinates": [ 77.633110673617182, 12.907885261999427 ] } },
{ "type": "Feature", "properties": { "type": "commercial", "area_sqm": 998.1230318668554, "waste_kg_day": 2.5 }, "geometry": { "type": "Point", "coordinates": [ 77.636034749745122, 12.907742980943908 ] } },
{ "type": "Feature", "properties": { "type": "commercial", "area_sqm": 1197.7476382402265, "waste_kg_day": 2.5 }, "geometry": { "type": "Point", "coordinates": [ 77.646456783127121, 12.907769076159331 ] } },
{ "type": "Feature", "properties": { "type": "commercial", "area_sqm": 424.20228854341354, "waste_kg_day": 2.5 }, "geometry": { "type": "Point", "coordinates": [ 77.648506377184944, 12.907807780407417 ] } },
{ "type": "Feature", "properties": { "type": "commercial", "area_sqm": 1372.4191688169262, "waste_kg_day": 2.5 }, "geometry": { "type": "Point", "coordinates": [ 77.652962829912624, 12.907758739742833 ] } },
{ "type": "Feature", "properties": { "type": "commercial", "area_sqm": 923.26380447684119, "waste_kg_day": 2.5 }, "geometry": { "type": "Point", "coordinates": [ 77.639716266754078, 12.907756431566531 ] } },
{ "type": "Feature", "properties": { "type": "commercial", "area_sqm": 548.96766752677047, "waste_kg_day": 2.5 }, "geometry": { "type": "Point", "coordinates": [ 77.649567810270625, 12.907768906709881 ] } },
{ "type": "Feature", "properties": { "type": "residential", "area_sqm": 274.48383376338523, "waste_kg_day": 480.38819247877132 }, "geometry": { "type": "Point", "coordinates": [ 77.630597879157605, 12.907701804727365 ] } },
{ "type": "Feature", "properties": { "type": "mixed", "area_sqm": 249.53075796671385, "waste_kg_day": 1.2 }, "geometry": { "type": "Point", "coordinates": [ 77.63257242562436, 12.907730678913781 ] } },
{ "type": "Feature", "properties": { "type": "commercial", "area_sqm": 548.96766752677047, "waste_kg_day": 2.5 }, "geometry": { "type": "Point", "coordinates": [ 77.631124058599198, 12.907709938301004 ] } },
{ "type": "Feature", "properties": { "type": "mixed", "area_sqm": 224.57768217004246, "waste_kg_day": 1.2 }, "geometry": { "type": "Point", "coordinates": [ 77.634546690335057, 12.907691411827717 ] } },
{ "type": "Feature", "properties": { "type": "commercial", "area_sqm": 1572.0437751902973, "waste_kg_day": 2.5 }, "geometry": { "type": "Point", "coordinates": [ 77.641731939452185, 12.907541586237127 ] } },
{ "type": "Feature", "properties": { "type": "commercial", "area_sqm": 1696.8091541736542, "waste_kg_day": 2.5 }, "geometry": { "type": "Point", "coordinates": [ 77.647022123553398, 12.90739201126085 ] } },
{ "type": "Feature", "properties": { "type": "mixed", "area_sqm": 224.57768217004246, "waste_kg_day": 1.2 }, "geometry": { "type": "Point", "coordinates": [ 77.634665497473577, 12.907611883552143 ] } },
{ "type": "Feature", "properties": { "type": "commercial", "area_sqm": 1172.7945624435552, "waste_kg_day": 2.5 }, "geometry": { "type": "Point", "coordinates": [ 77.636612681630211, 12.90759485688676 ] } },
{ "type": "Feature", "properties": { "type": "mixed", "area_sqm": 299.43690956005662, "waste_kg_day": 1.2 }, "geometry": { "type": "Point", "coordinates": [ 77.647916367565401, 12.907647919802011 ] } },
{ "type": "Feature", "properties": { "type": "commercial", "area_sqm": 424.20228854341354, "waste_kg_day": 2.5 }, "geometry": { "type": "Point", "coordinates": [ 77.629188518772835, 12.907597264383838 ] } },
{ "type": "Feature", "properties": { "type": "commercial", "area_sqm": 1247.6537898335691, "waste_kg_day": 2.5 }, "geometry": { "type": "Point", "coordinates": [ 77.631746767666854, 12.90742558856661 ] } },
{ "type": "Feature", "properties": { "type": "commercial", "area_sqm": 374.29613695007077, "waste_kg_day": 2.5 }, "geometry": { "type": "Point", "coordinates": [ 77.632312083025155, 12.907633753827925 ] } },
{ "type": "Feature", "properties": { "type": "mixed", "area_sqm": 224.57768217004246, "waste_kg_day": 1.2 }, "geometry": { "type": "Point", "coordinates": [ 77.635445492165658, 12.907641706655482 ] } },
{ "type": "Feature", "properties": { "type": "commercial", "area_sqm": 349.34306115339939, "waste_kg_day": 2.5 }, "geometry": { "type": "Point", "coordinates": [ 77.637574058569925, 12.907521704168232 ] } },
{ "type": "Feature", "properties": { "type": "commercial", "area_sqm": 499.0615159334277, "waste_kg_day": 2.5 }, "geometry": { "type": "Point", "coordinates": [ 77.638548682968761, 12.907583054552248 ] } },
{ "type": "Feature", "properties": { "type": "mixed", "area_sqm": 224.57768217004246, "waste_kg_day": 1.2 }, "geometry": { "type": "Point", "coordinates": [ 77.63882891284986, 12.907601942517696 ] } },
{ "type": "Feature", "properties": { "type": "commercial", "area_sqm": 1596.9968509869686, "waste_kg_day": 2.5 }, "geometry": { "type": "Point", "coordinates": [ 77.642615083276766, 12.907423547547976 ] } },
{ "type": "Feature", "properties": { "type": "commercial", "area_sqm": 1297.559941426912, "waste_kg_day": 2.5 }, "geometry": { "type": "Point", "coordinates": [ 77.643506993597981, 12.907387254408395 ] } },
{ "type": "Feature", "properties": { "type": "mixed", "area_sqm": 249.53075796671385, "waste_kg_day": 1.2 }, "geometry": { "type": "Point", "coordinates": [ 77.651312443792619, 12.907609895345253 ] } },
{ "type": "Feature", "properties": { "type": "residential", "area_sqm": 199.62460637337108, "waste_kg_day": 349.37323089365179 }, "geometry": { "type": "Point", "coordinates": [ 77.631534541958757, 12.907552858660114 ] } },
{ "type": "Feature", "properties": { "type": "commercial", "area_sqm": 399.24921274674216, "waste_kg_day": 2.5 }, "geometry": { "type": "Point", "coordinates": [ 77.64809070412737, 12.907519307668858 ] } },
{ "type": "Feature", "properties": { "type": "commercial", "area_sqm": 524.01459173009903, "waste_kg_day": 2.5 }, "geometry": { "type": "Point", "coordinates": [ 77.648633084542396, 12.907472709069889 ] } },
{ "type": "Feature", "properties": { "type": "mixed", "area_sqm": 274.48383376338523, "waste_kg_day": 1.2 }, "geometry": { "type": "Point", "coordinates": [ 77.64996297314444, 12.907579801122791 ] } },
{ "type": "Feature", "properties": { "type": "mixed", "area_sqm": 199.62460637337108, "waste_kg_day": 1.2 }, "geometry": { "type": "Point", "coordinates": [ 77.65033964577681, 12.907552858660114 ] } },
{ "type": "Feature", "properties": { "type": "commercial", "area_sqm": 698.68612230679878, "waste_kg_day": 2.5 }, "geometry": { "type": "Point", "coordinates": [ 77.651670414866544, 12.907408269864456 ] } },
{ "type": "Feature", "properties": { "type": "commercial", "area_sqm": 1122.8884108502123, "waste_kg_day": 2.5 }, "geometry": { "type": "Point", "coordinates": [ 77.630016522487651, 12.907424992104545 ] } },
{ "type": "Feature", "properties": { "type": "commercial", "area_sqm": 1746.7153057669971, "waste_kg_day": 2.5 }, "geometry": { "type": "Point", "coordinates": [ 77.633757250106484, 12.90746802258222 ] } },
{ "type": "Feature", "properties": { "type": "commercial", "area_sqm": 823.45150129015565, "waste_kg_day": 2.5 }, "geometry": { "type": "Point", "coordinates": [ 77.63996908570499, 12.907369683803804 ] } },
{ "type": "Feature", "properties": { "type": "mixed", "area_sqm": 249.53075796671385, "waste_kg_day": 1.2 }, "geometry": { "type": "Point", "coordinates": [ 77.645729024834523, 12.907538319897236 ] } },
{ "type": "Feature", "properties": { "type": "mixed", "area_sqm": 224.57768217004246, "waste_kg_day": 1.2 }, "geometry": { "type": "Point", "coordinates": [ 77.646432569715728, 12.907562178379909 ] } },
{ "type": "Feature", "properties": { "type": "commercial", "area_sqm": 399.24921274674216, "waste_kg_day": 2.5 }, "geometry": { "type": "Point", "coordinates": [ 77.646745406990817, 12.907555654576054 ] } },
{ "type": "Feature", "properties": { "type": "commercial", "area_sqm": 898.31072868016986, "waste_kg_day": 2.5 }, "geometry": { "type": "Point", "coordinates": [ 77.649039869853667, 12.90743045967349 ] } },
{ "type": "Feature", "properties": { "type": "commercial", "area_sqm": 998.1230318668554, "waste_kg_day": 2.5 }, "geometry": { "type": "Point", "coordinates": [ 77.650660425050845, 12.907316883354936 ] } },
{ "type": "Feature", "properties": { "type": "commercial", "area_sqm": 449.15536434008493, "waste_kg_day": 2.5 }, "geometry": { "type": "Point", "coordinates": [ 77.629564538808467, 12.907353416656528 ] } },
{ "type": "Feature", "properties": { "type": "commercial", "area_sqm": 349.34306115339939, "waste_kg_day": 2.5 }, "geometry": { "type": "Point", "coordinates": [ 77.639549872938943, 12.907460992850719 ] } },
{ "type": "Feature", "properties": { "type": "commercial", "area_sqm": 1147.8414866468838, "waste_kg_day": 2.5 }, "geometry": { "type": "Point", "coordinates": [ 77.649807792931966, 12.907306088688184 ] } },
{ "type": "Feature", "properties": { "type": "commercial", "area_sqm": 199.62460637337108, "waste_kg_day": 2.5 }, "geometry": { "type": "Point", "coordinates": [ 77.652786168863159, 12.907536083164487 ] } },
{ "type": "Feature", "properties": { "type": "commercial", "area_sqm": 374.29613695007077, "waste_kg_day": 2.5 }, "geometry": { "type": "Point", "coordinates": [ 77.630551671163815, 12.907427974414878 ] } },
{ "type": "Feature", "properties": { "type": "residential", "area_sqm": 199.62460637337108, "waste_kg_day": 349.37323089365179 }, "geometry": { "type": "Point", "coordinates": [ 77.631180057616078, 12.907435430190713 ] } },
{ "type": "Feature", "properties": { "type": "commercial", "area_sqm": 1497.1845478002831, "waste_kg_day": 2.5 }, "geometry": { "type": "Point", "coordinates": [ 77.63250579031623, 12.907300480648098 ] } },
{ "type": "Feature", "properties": { "type": "commercial", "area_sqm": 1547.090699393626, "waste_kg_day": 2.5 }, "geometry": { "type": "Point", "coordinates": [ 77.633115755829976, 12.907249276303736 ] } },
{ "type": "Feature", "properties": { "type": "commercial", "area_sqm": 374.29613695007077, "waste_kg_day": 2.5 }, "geometry": { "type": "Point", "coordinates": [ 77.637193506760369, 12.907419027483876 ] } },
{ "type": "Feature", "properties": { "type": "commercial", "area_sqm": 848.40457708682709, "waste_kg_day": 2.5 }, "geometry": { "type": "Point", "coordinates": [ 77.652131210328378, 12.907359118132167 ] } },
{ "type": "Feature", "properties": { "type": "commercial", "area_sqm": 1921.3868363436966, "waste_kg_day": 2.5 }, "geometry": { "type": "Point", "coordinates": [ 77.653034315450071, 12.907273049202722 ] } },
{ "type": "Feature", "properties": { "type": "mixed", "area_sqm": 224.57768217004246, "waste_kg_day": 1.2 }, "geometry": { "type": "Point", "coordinates": [ 77.629303679656473, 12.907408092345985 ] } },
{ "type": "Feature", "properties": { "type": "commercial", "area_sqm": 873.35765288349853, "waste_kg_day": 2.5 }, "geometry": { "type": "Point", "coordinates": [ 77.644962608101139, 12.907326149819188 ] } },
{ "type": "Feature", "properties": { "type": "commercial", "area_sqm": 1272.6068656302407, "waste_kg_day": 2.5 }, "geometry": { "type": "Point", "coordinates": [ 77.651361394764535, 12.907095534527645 ] } },
{ "type": "Feature", "properties": { "type": "mixed", "area_sqm": 199.62460637337108, "waste_kg_day": 1.2 }, "geometry": { "type": "Point", "coordinates": [ 77.632185398456784, 12.907362736376321 ] } },
{ "type": "Feature", "properties": { "type": "commercial", "area_sqm": 1621.94992678364, "waste_kg_day": 2.5 }, "geometry": { "type": "Point", "coordinates": [ 77.638521683152504, 12.907112308336446 ] } },
{ "type": "Feature", "properties": { "type": "mixed", "area_sqm": 224.57768217004246, "waste_kg_day": 1.2 }, "geometry": { "type": "Point", "coordinates": [ 77.642010877951336, 12.90729874096707 ] } },
{ "type": "Feature", "properties": { "type": "commercial", "area_sqm": 2744.8383376338525, "waste_kg_day": 2.5 }, "geometry": { "type": "Point", "coordinates": [ 77.647766121146546, 12.907061285803355 ] } },
{ "type": "Feature", "properties": { "type": "commercial", "area_sqm": 324.389985356728, "waste_kg_day": 2.5 }, "geometry": { "type": "Point", "coordinates": [ 77.652546567844652, 12.90736488708089 ] } },
{ "type": "Feature", "properties": { "type": "commercial", "area_sqm": 623.82689491678457, "waste_kg_day": 2.5 }, "geometry": { "type": "Point", "coordinates": [ 77.631372990077992, 12.907280648284377 ] } },
{ "type": "Feature", "properties": { "type": "commercial", "area_sqm": 524.01459173009903, "waste_kg_day": 2.5 }, "geometry": { "type": "Point", "coordinates": [ 77.636970798720569, 12.907204301139826 ] } },
{ "type": "Feature", "properties": { "type": "commercial", "area_sqm": 948.21688027351263, "waste_kg_day": 2.5 }, "geometry": { "type": "Point", "coordinates": [ 77.645793131752754, 12.907249428204091 ] } },
{ "type": "Feature", "properties": { "type": "commercial", "area_sqm": 648.77997071345601, "waste_kg_day": 2.5 }, "geometry": { "type": "Point", "coordinates": [ 77.650163074130717, 12.907220359733932 ] } },
{ "type": "Feature", "properties": { "type": "commercial", "area_sqm": 823.45150129015565, "waste_kg_day": 2.5 }, "geometry": { "type": "Point", "coordinates": [ 77.651049142754786, 12.907249035794838 ] } },
{ "type": "Feature", "properties": { "type": "commercial", "area_sqm": 199.62460637337108, "waste_kg_day": 2.5 }, "geometry": { "type": "Point", "coordinates": [ 77.630285129931281, 12.907301226225682 ] } },
{ "type": "Feature", "properties": { "type": "mixed", "area_sqm": 199.62460637337108, "waste_kg_day": 1.2 }, "geometry": { "type": "Point", "coordinates": [ 77.636508945193697, 12.907239716075043 ] } },
{ "type": "Feature", "properties": { "type": "commercial", "area_sqm": 1422.3253204102689, "waste_kg_day": 2.5 }, "geometry": { "type": "Point", "coordinates": [ 77.640706989996218, 12.907200377047282 ] } },
{ "type": "Feature", "properties": { "type": "mixed", "area_sqm": 224.57768217004246, "waste_kg_day": 1.2 }, "geometry": { "type": "Point", "coordinates": [ 77.64867957429226, 12.907234124243168 ] } },
{ "type": "Feature", "properties": { "type": "commercial", "area_sqm": 823.45150129015565, "waste_kg_day": 2.5 }, "geometry": { "type": "Point", "coordinates": [ 77.637803790385789, 12.907154144102391 ] } },
{ "type": "Feature", "properties": { "type": "commercial", "area_sqm": 499.0615159334277, "waste_kg_day": 2.5 }, "geometry": { "type": "Point", "coordinates": [ 77.638090758932648, 12.906954532649353 ] } },
{ "type": "Feature", "properties": { "type": "commercial", "area_sqm": 1222.7007140368978, "waste_kg_day": 2.5 }, "geometry": { "type": "Point", "coordinates": [ 77.639469227454498, 12.907053359718839 ] } },
{ "type": "Feature", "properties": { "type": "commercial", "area_sqm": 1547.090699393626, "waste_kg_day": 2.5 }, "geometry": { "type": "Point", "coordinates": [ 77.630906742876988, 12.906998906541016 ] } },
{ "type": "Feature", "properties": { "type": "commercial", "area_sqm": 748.59227390014155, "waste_kg_day": 2.5 }, "geometry": { "type": "Point", "coordinates": [ 77.629767544049514, 12.906992557106111 ] } },
{ "type": "Feature", "properties": { "type": "commercial", "area_sqm": 898.31072868016986, "waste_kg_day": 2.5 }, "geometry": { "type": "Point", "coordinates": [ 77.63026446782024, 12.906960745795882 ] } },
{ "type": "Feature", "properties": { "type": "commercial", "area_sqm": 548.96766752677047, "waste_kg_day": 2.5 }, "geometry": { "type": "Point", "coordinates": [ 77.641172184080148, 12.906949449165829 ] } },
{ "type": "Feature", "properties": { "type": "commercial", "area_sqm": 524.01459173009903, "waste_kg_day": 2.5 }, "geometry": { "type": "Point", "coordinates": [ 77.641630842694553, 12.907014711411449 ] } },
{ "type": "Feature", "properties": { "type": "mixed", "area_sqm": 249.53075796671385, "waste_kg_day": 1.2 }, "geometry": { "type": "Point", "coordinates": [ 77.645250180410983, 12.907099920278137 ] } },
{ "type": "Feature", "properties": { "type": "mixed", "area_sqm": 299.43690956005662, "waste_kg_day": 1.2 }, "geometry": { "type": "Point", "coordinates": [ 77.648392887501458, 12.907081280838549 ] } },
{ "type": "Feature", "properties": { "type": "commercial", "area_sqm": 798.49842549348432, "waste_kg_day": 2.5 }, "geometry": { "type": "Point", "coordinates": [ 77.632425111229495, 12.906978297934828 ] } },
{ "type": "Feature", "properties": { "type": "commercial", "area_sqm": 648.77997071345601, "waste_kg_day": 2.5 }, "geometry": { "type": "Point", "coordinates": [ 77.637539318976636, 12.906960554622142 ] } },
{ "type": "Feature", "properties": { "type": "mixed", "area_sqm": 249.53075796671385, "waste_kg_day": 1.2 }, "geometry": { "type": "Point", "coordinates": [ 77.643144194742348, 12.907010450968116 ] } },
{ "type": "Feature", "properties": { "type": "mixed", "area_sqm": 299.43690956005662, "waste_kg_day": 1.2 }, "geometry": { "type": "Point", "coordinates": [ 77.644247551472347, 12.907006723080197 ] } },
{ "type": "Feature", "properties": { "type": "commercial", "area_sqm": 848.40457708682709, "waste_kg_day": 2.5 }, "geometry": { "type": "Point", "coordinates": [ 77.646026012295394, 12.906922297383241 ] } },
{ "type": "Feature", "properties": { "type": "mixed", "area_sqm": 274.48383376338523, "waste_kg_day": 1.2 }, "geometry": { "type": "Point", "coordinates": [ 77.648648581125684, 12.906994183820839 ] } },
{ "type": "Feature", "properties": { "type": "commercial", "area_sqm": 2071.1052911237248, "waste_kg_day": 2.5 }, "geometry": { "type": "Point", "coordinates": [ 77.648995293838496, 12.9067986350715 ] } },
{ "type": "Feature", "properties": { "type": "commercial", "area_sqm": 923.26380447684119, "waste_kg_day": 2.5 }, "geometry": { "type": "Point", "coordinates": [ 77.649520578055473, 12.906904055031875 ] } },
{ "type": "Feature", "properties": { "type": "commercial", "area_sqm": 499.0615159334277, "waste_kg_day": 2.5 }, "geometry": { "type": "Point", "coordinates": [ 77.631435751240303, 12.90689861433059 ] } },
{ "type": "Feature", "properties": { "type": "commercial", "area_sqm": 399.24921274674216, "waste_kg_day": 2.5 }, "geometry": { "type": "Point", "coordinates": [ 77.640190352260674, 12.906948940817477 ] } },
{ "type": "Feature", "properties": { "type": "commercial", "area_sqm": 224.57768217004246, "waste_kg_day": 2.5 }, "geometry": { "type": "Point", "coordinates": [ 77.643410735974882, 12.906980627864776 ] } },
{ "type": "Feature", "properties": { "type": "mixed", "area_sqm": 249.53075796671385, "waste_kg_day": 1.2 }, "geometry": { "type": "Point", "coordinates": [ 77.631735610126896, 12.906934402054597 ] } },
{ "type": "Feature", "properties": { "type": "commercial", "area_sqm": 623.82689491678457, "waste_kg_day": 2.5 }, "geometry": { "type": "Point", "coordinates": [ 77.638781596615559, 12.906876247003085 ] } },
{ "type": "Feature", "properties": { "type": "mixed", "area_sqm": 249.53075796671385, "waste_kg_day": 1.2 }, "geometry": { "type": "Point", "coordinates": [ 77.650099061321299, 12.9069433489856 ] } },
{ "type": "Feature", "properties": { "type": "commercial", "area_sqm": 199.62460637337108, "waste_kg_day": 2.5 }, "geometry": { "type": "Point", "coordinates": [ 77.63724115875398, 12.906876247003085 ] } },
{ "type": "Feature", "properties": { "type": "commercial", "area_sqm": 723.63919810347011, "waste_kg_day": 2.5 }, "geometry": { "type": "Point", "coordinates": [ 77.640806241252875, 12.906883959874637 ] } },
{ "type": "Feature", "properties": { "type": "commercial", "area_sqm": 424.20228854341354, "waste_kg_day": 2.5 }, "geometry": { "type": "Point", "coordinates": [ 77.643597606538037, 12.906784146242769 ] } },
{ "type": "Feature", "properties": { "type": "mixed", "area_sqm": 249.53075796671385, "waste_kg_day": 1.2 }, "geometry": { "type": "Point", "coordinates": [ 77.646440318007379, 12.906912034727092 ] } },
{ "type": "Feature", "properties": { "type": "commercial", "area_sqm": 324.389985356728, "waste_kg_day": 2.5 }, "geometry": { "type": "Point", "coordinates": [ 77.64824447791537, 12.906903776021553 ] } },
{ "type": "Feature", "properties": { "type": "commercial", "area_sqm": 648.77997071345601, "waste_kg_day": 2.5 }, "geometry": { "type": "Point", "coordinates": [ 77.650756712475072, 12.906840115166345 ] } },
{ "type": "Feature", "properties": { "type": "commercial", "area_sqm": 324.389985356728, "waste_kg_day": 2.5 }, "geometry": { "type": "Point", "coordinates": [ 77.637884415965971, 12.906766130929213 ] } },
{ "type": "Feature", "properties": { "type": "commercial", "area_sqm": 399.24921274674216, "waste_kg_day": 2.5 }, "geometry": { "type": "Point", "coordinates": [ 77.64274147728419, 12.906834308264013 ] } },
{ "type": "Feature", "properties": { "type": "commercial", "area_sqm": 1522.1376235969544, "waste_kg_day": 2.5 }, "geometry": { "type": "Point", "coordinates": [ 77.643192513597128, 12.906587305133018 ] } },
{ "type": "Feature", "properties": { "type": "commercial", "area_sqm": 1347.4660930202549, "waste_kg_day": 2.5 }, "geometry": { "type": "Point", "coordinates": [ 77.645215227006446, 12.906732102003607 ] } },
{ "type": "Feature", "properties": { "type": "commercial", "area_sqm": 424.20228854341354, "waste_kg_day": 2.5 }, "geometry": { "type": "Point", "coordinates": [ 77.646633113734737, 12.906836775248664 ] } },
{ "type": "Feature", "properties": { "type": "commercial", "area_sqm": 374.29613695007077, "waste_kg_day": 2.5 }, "geometry": { "type": "Point", "coordinates": [ 77.630520677997239, 12.906780813072396 ] } },
{ "type": "Feature", "properties": { "type": "commercial", "area_sqm": 474.10844013675631, "waste_kg_day": 2.5 }, "geometry": { "type": "Point", "coordinates": [ 77.639198927759566, 12.906777359870956 ] } },
{ "type": "Feature", "properties": { "type": "commercial", "area_sqm": 449.15536434008493, "waste_kg_day": 2.5 }, "geometry": { "type": "Point", "coordinates": [ 77.639766456138688, 12.90676689562417 ] } },
{ "type": "Feature", "properties": { "type": "commercial", "area_sqm": 474.10844013675631, "waste_kg_day": 2.5 }, "geometry": { "type": "Point", "coordinates": [ 77.644770357255851, 12.906751460860161 ] } },
{ "type": "Feature", "properties": { "type": "commercial", "area_sqm": 623.82689491678457, "waste_kg_day": 2.5 }, "geometry": { "type": "Point", "coordinates": [ 77.650420770390326, 12.906761726286259 ] } },
{ "type": "Feature", "properties": { "type": "commercial", "area_sqm": 1422.3253204102689, "waste_kg_day": 2.5 }, "geometry": { "type": "Point", "coordinates": [ 77.651590485121162, 12.906489331478172 ] } },
{ "type": "Feature", "properties": { "type": "commercial", "area_sqm": 2370.5422006837816, "waste_kg_day": 2.5 }, "geometry": { "type": "Point", "coordinates": [ 77.641701055033565, 12.906502830356525 ] } },
{ "type": "Feature", "properties": { "type": "commercial", "area_sqm": 224.57768217004246, "waste_kg_day": 2.5 }, "geometry": { "type": "Point", "coordinates": [ 77.643782653973759, 12.906712219934713 ] } },
{ "type": "Feature", "properties": { "type": "commercial", "area_sqm": 623.82689491678457, "waste_kg_day": 2.5 }, "geometry": { "type": "Point", "coordinates": [ 77.653189699891939, 12.906715202245048 ] } },
{ "type": "Feature", "properties": { "type": "commercial", "area_sqm": 2245.7768217004245, "waste_kg_day": 2.5 }, "geometry": { "type": "Point", "coordinates": [ 77.642383312502986, 12.906380189384192 ] } },
{ "type": "Feature", "properties": { "type": "commercial", "area_sqm": 524.01459173009903, "waste_kg_day": 2.5 }, "geometry": { "type": "Point", "coordinates": [ 77.646919605190448, 12.906688787496375 ] } },
{ "type": "Feature", "properties": { "type": "commercial", "area_sqm": 1522.1376235969544, "waste_kg_day": 2.5 }, "geometry": { "type": "Point", "coordinates": [ 77.640563175285408, 12.906621039463026 ] } },
{ "type": "Feature", "properties": { "type": "commercial", "area_sqm": 3742.9613695007079, "waste_kg_day": 2.5 }, "geometry": { "type": "Point", "coordinates": [ 77.644223066870751, 12.90598602736838 ] } },
{ "type": "Feature", "properties": { "type": "mixed", "area_sqm": 299.43690956005662, "waste_kg_day": 1.2 }, "geometry": { "type": "Point", "coordinates": [ 77.64545241082287, 12.906544464978426 ] } },
{ "type": "Feature", "properties": { "type": "mixed", "area_sqm": 299.43690956005662, "waste_kg_day": 1.2 }, "geometry": { "type": "Point", "coordinates": [ 77.638591298572805, 12.906645117952198 ] } },
{ "type": "Feature", "properties": { "type": "commercial", "area_sqm": 199.62460637337108, "waste_kg_day": 2.5 }, "geometry": { "type": "Point", "coordinates": [ 77.649950294121751, 12.906686124719291 ] } },
{ "type": "Feature", "properties": { "type": "commercial", "area_sqm": 424.20228854341354, "waste_kg_day": 2.5 }, "geometry": { "type": "Point", "coordinates": [ 77.641264914971572, 12.906552578616834 ] } },
{ "type": "Feature", "properties": { "type": "commercial", "area_sqm": 948.21688027351263, "waste_kg_day": 2.5 }, "geometry": { "type": "Point", "coordinates": [ 77.644635781664149, 12.906041592518815 ] } },
{ "type": "Feature", "properties": { "type": "commercial", "area_sqm": 898.31072868016986, "waste_kg_day": 2.5 }, "geometry": { "type": "Point", "coordinates": [ 77.652805539592265, 12.90643511359951 ] } },
{ "type": "Feature", "properties": { "type": "commercial", "area_sqm": 1372.4191688169262, "waste_kg_day": 2.5 }, "geometry": { "type": "Point", "coordinates": [ 77.631401729196085, 12.906467128249082 ] } },
{ "type": "Feature", "properties": { "type": "commercial", "area_sqm": 1347.4660930202549, "waste_kg_day": 2.5 }, "geometry": { "type": "Point", "coordinates": [ 77.632127501499781, 12.906355171114168 ] } },
{ "type": "Feature", "properties": { "type": "commercial", "area_sqm": 3767.9144452973792, "waste_kg_day": 2.5 }, "geometry": { "type": "Point", "coordinates": [ 77.646510052632166, 12.906433640548876 ] } },
{ "type": "Feature", "properties": { "type": "commercial", "area_sqm": 873.35765288349853, "waste_kg_day": 2.5 }, "geometry": { "type": "Point", "coordinates": [ 77.649748395779497, 12.90646341004399 ] } },
{ "type": "Feature", "properties": { "type": "commercial", "area_sqm": 524.01459173009903, "waste_kg_day": 2.5 }, "geometry": { "type": "Point", "coordinates": [ 77.639600790284035, 12.906471504886325 ] } },
{ "type": "Feature", "properties": { "type": "commercial", "area_sqm": 299.43690956005662, "waste_kg_day": 2.5 }, "geometry": { "type": "Point", "coordinates": [ 77.644650462637799, 12.906317063815456 ] } },
{ "type": "Feature", "properties": { "type": "mixed", "area_sqm": 299.43690956005662, "waste_kg_day": 1.2 }, "geometry": { "type": "Point", "coordinates": [ 77.647451470066812, 12.906529553426754 ] } },
{ "type": "Feature", "properties": { "type": "mixed", "area_sqm": 199.62460637337108, "waste_kg_day": 1.2 }, "geometry": { "type": "Point", "coordinates": [ 77.647782709534553, 12.906479226939869 ] } },
{ "type": "Feature", "properties": { "type": "commercial", "area_sqm": 224.57768217004246, "waste_kg_day": 2.5 }, "geometry": { "type": "Point", "coordinates": [ 77.640068639512776, 12.906438841487429 ] } },
{ "type": "Feature", "properties": { "type": "commercial", "area_sqm": 349.34306115339939, "waste_kg_day": 2.5 }, "geometry": { "type": "Point", "coordinates": [ 77.650650961066049, 12.906416119122978 ] } },
{ "type": "Feature", "properties": { "type": "commercial", "area_sqm": 798.49842549348432, "waste_kg_day": 2.5 }, "geometry": { "type": "Point", "coordinates": [ 77.651082028969881, 12.90641492087329 ] } },
{ "type": "Feature", "properties": { "type": "commercial", "area_sqm": 598.87381912011324, "waste_kg_day": 2.5 }, "geometry": { "type": "Point", "coordinates": [ 77.630684166950914, 12.906343159030879 ] } },
{ "type": "Feature", "properties": { "type": "commercial", "area_sqm": 998.1230318668554, "waste_kg_day": 2.5 }, "geometry": { "type": "Point", "coordinates": [ 77.648414970132649, 12.906352851539465 ] } },
{ "type": "Feature", "properties": { "type": "commercial", "area_sqm": 349.34306115339939, "waste_kg_day": 2.5 }, "geometry": { "type": "Point", "coordinates": [ 77.631693105212733, 12.906387361130472 ] } },
{ "type": "Feature", "properties": { "type": "commercial", "area_sqm": 598.87381912011324, "waste_kg_day": 2.5 }, "geometry": { "type": "Point", "coordinates": [ 77.640429580765158, 12.906331975367126 ] } },
{ "type": "Feature", "properties": { "type": "commercial", "area_sqm": 548.96766752677047, "waste_kg_day": 2.5 }, "geometry": { "type": "Point", "coordinates": [ 77.649369172248498, 12.906329264175913 ] } },
{ "type": "Feature", "properties": { "type": "commercial", "area_sqm": 698.68612230679878, "waste_kg_day": 2.5 }, "geometry": { "type": "Point", "coordinates": [ 77.63900029768169, 12.906291501155451 ] } },
{ "type": "Feature", "properties": { "type": "commercial", "area_sqm": 773.54534969681299, "waste_kg_day": 2.5 }, "geometry": { "type": "Point", "coordinates": [ 77.645232334345707, 12.906099884280648 ] } },
{ "type": "Feature", "properties": { "type": "commercial", "area_sqm": 424.20228854341354, "waste_kg_day": 2.5 }, "geometry": { "type": "Point", "coordinates": [ 77.640961364251908, 12.906223647329993 ] } },
{ "type": "Feature", "properties": { "type": "commercial", "area_sqm": 1172.7945624435552, "waste_kg_day": 2.5 }, "geometry": { "type": "Point", "coordinates": [ 77.647420064757071, 12.906149070908874 ] } },
{ "type": "Feature", "properties": { "type": "commercial", "area_sqm": 873.35765288349853, "waste_kg_day": 2.5 }, "geometry": { "type": "Point", "coordinates": [ 77.647900760292231, 12.906188611448927 ] } },
{ "type": "Feature", "properties": { "type": "commercial", "area_sqm": 598.87381912011324, "waste_kg_day": 2.5 }, "geometry": { "type": "Point", "coordinates": [ 77.639484289184679, 12.906171676186673 ] } },
{ "type": "Feature", "properties": { "type": "commercial", "area_sqm": 1122.8884108502123, "waste_kg_day": 2.5 }, "geometry": { "type": "Point", "coordinates": [ 77.650262291998573, 12.906042194213004 ] } },
{ "type": "Feature", "properties": { "type": "commercial", "area_sqm": 898.31072868016986, "waste_kg_day": 2.5 }, "geometry": { "type": "Point", "coordinates": [ 77.639967911721413, 12.906069780583593 ] } },
{ "type": "Feature", "properties": { "type": "commercial", "area_sqm": 698.68612230679878, "waste_kg_day": 2.5 }, "geometry": { "type": "Point", "coordinates": [ 77.643665876149697, 12.90616209018917 ] } },
{ "type": "Feature", "properties": { "type": "commercial", "area_sqm": 449.15536434008493, "waste_kg_day": 2.5 }, "geometry": { "type": "Point", "coordinates": [ 77.63182962273217, 12.906140610454026 ] } },
{ "type": "Feature", "properties": { "type": "commercial", "area_sqm": 249.53075796671385, "waste_kg_day": 2.5 }, "geometry": { "type": "Point", "coordinates": [ 77.646091644883427, 12.906138125195415 ] } },
{ "type": "Feature", "properties": { "type": "commercial", "area_sqm": 2345.5891248871103, "waste_kg_day": 2.5 }, "geometry": { "type": "Point", "coordinates": [ 77.649412199995709, 12.90573884460442 ] } },
{ "type": "Feature", "properties": { "type": "commercial", "area_sqm": 1996.2460637337108, "waste_kg_day": 2.5 }, "geometry": { "type": "Point", "coordinates": [ 77.652218993914872, 12.905815476496153 ] } },
{ "type": "Feature", "properties": { "type": "commercial", "area_sqm": 548.96766752677047, "waste_kg_day": 2.5 }, "geometry": { "type": "Point", "coordinates": [ 77.630308374806219, 12.906028321951299 ] } },
{ "type": "Feature", "properties": { "type": "mixed", "area_sqm": 199.62460637337108, "waste_kg_day": 1.2 }, "geometry": { "type": "Point", "coordinates": [ 77.64311630089243, 12.906059839549147 ] } },
{ "type": "Feature", "properties": { "type": "commercial", "area_sqm": 598.87381912011324, "waste_kg_day": 2.5 }, "geometry": { "type": "Point", "coordinates": [ 77.643323567693898, 12.905934955303909 ] } },
{ "type": "Feature", "properties": { "type": "commercial", "area_sqm": 324.389985356728, "waste_kg_day": 2.5 }, "geometry": { "type": "Point", "coordinates": [ 77.645823434788085, 12.906026288557889 ] } },
{ "type": "Feature", "properties": { "type": "commercial", "area_sqm": 598.87381912011324, "waste_kg_day": 2.5 }, "geometry": { "type": "Point", "coordinates": [ 77.648249544106065, 12.906022560669971 ] } },
{ "type": "Feature", "properties": { "type": "commercial", "area_sqm": 424.20228854341354, "waste_kg_day": 2.5 }, "geometry": { "type": "Point", "coordinates": [ 77.651325843779347, 12.906044708709953 ] } },
{ "type": "Feature", "properties": { "type": "mixed", "area_sqm": 299.43690956005662, "waste_kg_day": 1.2 }, "geometry": { "type": "Point", "coordinates": [ 77.641276081627169, 12.905918179808282 ] } },
{ "type": "Feature", "properties": { "type": "commercial", "area_sqm": 349.34306115339939, "waste_kg_day": 2.5 }, "geometry": { "type": "Point", "coordinates": [ 77.646098286276271, 12.905971967905376 ] } },
{ "type": "Feature", "properties": { "type": "commercial", "area_sqm": 324.389985356728, "waste_kg_day": 2.5 }, "geometry": { "type": "Point", "coordinates": [ 77.646964221726947, 12.906005641794039 ] } },
{ "type": "Feature", "properties": { "type": "commercial", "area_sqm": 898.31072868016986, "waste_kg_day": 2.5 }, "geometry": { "type": "Point", "coordinates": [ 77.648651163889568, 12.905946760282315 ] } },
{ "type": "Feature", "properties": { "type": "commercial", "area_sqm": 524.01459173009903, "waste_kg_day": 2.5 }, "geometry": { "type": "Point", "coordinates": [ 77.630971407191112, 12.905840959272847 ] } },
{ "type": "Feature", "properties": { "type": "commercial", "area_sqm": 773.54534969681299, "waste_kg_day": 2.5 }, "geometry": { "type": "Point", "coordinates": [ 77.641841581944689, 12.905821374976874 ] } },
{ "type": "Feature", "properties": { "type": "commercial", "area_sqm": 1946.3399121403681, "waste_kg_day": 2.5 }, "geometry": { "type": "Point", "coordinates": [ 77.643009612876739, 12.905568045104642 ] } },
{ "type": "Feature", "properties": { "type": "commercial", "area_sqm": 923.26380447684119, "waste_kg_day": 2.5 }, "geometry": { "type": "Point", "coordinates": [ 77.646379378740662, 12.905806242417027 ] } },
{ "type": "Feature", "properties": { "type": "commercial", "area_sqm": 1247.6537898335691, "waste_kg_day": 2.5 }, "geometry": { "type": "Point", "coordinates": [ 77.630602190025328, 12.905749828389926 ] } },
{ "type": "Feature", "properties": { "type": "mixed", "area_sqm": 274.48383376338523, "waste_kg_day": 1.2 }, "geometry": { "type": "Point", "coordinates": [ 77.631455826359556, 12.905847349937847 ] } },
{ "type": "Feature", "properties": { "type": "commercial", "area_sqm": 374.29613695007077, "waste_kg_day": 2.5 }, "geometry": { "type": "Point", "coordinates": [ 77.650914181602161, 12.90584138531718 ] } },
{ "type": "Feature", "properties": { "type": "commercial", "area_sqm": 399.24921274674216, "waste_kg_day": 2.5 }, "geometry": { "type": "Point", "coordinates": [ 77.640626193665597, 12.905783043871271 ] } },
{ "type": "Feature", "properties": { "type": "commercial", "area_sqm": 324.389985356728, "waste_kg_day": 2.5 }, "geometry": { "type": "Point", "coordinates": [ 77.643509675698937, 12.905761321755136 ] } },
{ "type": "Feature", "properties": { "type": "commercial", "area_sqm": 299.43690956005662, "waste_kg_day": 2.5 }, "geometry": { "type": "Point", "coordinates": [ 77.647792394899113, 12.905865989377435 ] } },
{ "type": "Feature", "properties": { "type": "commercial", "area_sqm": 598.87381912011324, "waste_kg_day": 2.5 }, "geometry": { "type": "Point", "coordinates": [ 77.645462096187416, 12.905621812718838 ] } },
{ "type": "Feature", "properties": { "type": "commercial", "area_sqm": 274.48383376338523, "waste_kg_day": 2.5 }, "geometry": { "type": "Point", "coordinates": [ 77.644942080159637, 12.905676544891445 ] } },
{ "type": "Feature", "properties": { "type": "commercial", "area_sqm": 1572.0437751902973, "waste_kg_day": 2.5 }, "geometry": { "type": "Point", "coordinates": [ 77.645180298199676, 12.90543408693442 ] } },
{ "type": "Feature", "properties": { "type": "commercial", "area_sqm": 823.45150129015565, "waste_kg_day": 2.5 }, "geometry": { "type": "Point", "coordinates": [ 77.648427402618779, 12.905676544891445 ] } },
{ "type": "Feature", "properties": { "type": "mixed", "area_sqm": 199.62460637337108, "waste_kg_day": 1.2 }, "geometry": { "type": "Point", "coordinates": [ 77.64988055949695, 12.905735513300323 ] } },
{ "type": "Feature", "properties": { "type": "commercial", "area_sqm": 1846.5276089536824, "waste_kg_day": 2.5 }, "geometry": { "type": "Point", "coordinates": [ 77.651352525495881, 12.905350432553815 ] } },
{ "type": "Feature", "properties": { "type": "commercial", "area_sqm": 474.10844013675631, "waste_kg_day": 2.5 }, "geometry": { "type": "Point", "coordinates": [ 77.631244286875756, 12.905649575673593 ] } },
{ "type": "Feature", "properties": { "type": "commercial", "area_sqm": 1522.1376235969544, "waste_kg_day": 2.5 }, "geometry": { "type": "Point", "coordinates": [ 77.631553309337278, 12.905489472697766 ] } },
{ "type": "Feature", "properties": { "type": "commercial", "area_sqm": 224.57768217004246, "waste_kg_day": 2.5 }, "geometry": { "type": "Point", "coordinates": [ 77.647734282711795, 12.905742969076158 ] } },
{ "type": "Feature", "properties": { "type": "commercial", "area_sqm": 623.82689491678457, "waste_kg_day": 2.5 }, "geometry": { "type": "Point", "coordinates": [ 77.64886243397504, 12.905630834207598 ] } },
{ "type": "Feature", "properties": { "type": "commercial", "area_sqm": 449.15536434008493, "waste_kg_day": 2.5 }, "geometry": { "type": "Point", "coordinates": [ 77.647282299032597, 12.905578942007786 ] } },
{ "type": "Feature", "properties": { "type": "commercial", "area_sqm": 324.389985356728, "waste_kg_day": 2.5 }, "geometry": { "type": "Point", "coordinates": [ 77.647593621417343, 12.905513560588926 ] } },
{ "type": "Feature", "properties": { "type": "commercial", "area_sqm": 2220.8237459037532, "waste_kg_day": 2.5 }, "geometry": { "type": "Point", "coordinates": [ 77.650467949651073, 12.905508572887545 ] } },
{ "type": "Feature", "properties": { "type": "commercial", "area_sqm": 1297.559941426912, "waste_kg_day": 2.5 }, "geometry": { "type": "Point", "coordinates": [ 77.651055319714558, 12.90535354816908 ] } },
{ "type": "Feature", "properties": { "type": "commercial", "area_sqm": 324.389985356728, "waste_kg_day": 2.5 }, "geometry": { "type": "Point", "coordinates": [ 77.631050422736664, 12.905523883970851 ] } },
{ "type": "Feature", "properties": { "type": "commercial", "area_sqm": 324.389985356728, "waste_kg_day": 2.5 }, "geometry": { "type": "Point", "coordinates": [ 77.643631264275498, 12.905561736371244 ] } },
{ "type": "Feature", "properties": { "type": "commercial", "area_sqm": 524.01459173009903, "waste_kg_day": 2.5 }, "geometry": { "type": "Point", "coordinates": [ 77.63059506159702, 12.905338226959397 ] } },
{ "type": "Feature", "properties": { "type": "commercial", "area_sqm": 798.49842549348432, "waste_kg_day": 2.5 }, "geometry": { "type": "Point", "coordinates": [ 77.632025589941648, 12.905461513538384 ] } },
{ "type": "Feature", "properties": { "type": "commercial", "area_sqm": 274.48383376338523, "waste_kg_day": 2.5 }, "geometry": { "type": "Point", "coordinates": [ 77.64596485465654, 12.905440671255937 ] } },
{ "type": "Feature", "properties": { "type": "commercial", "area_sqm": 374.29613695007077, "waste_kg_day": 2.5 }, "geometry": { "type": "Point", "coordinates": [ 77.647845858111452, 12.905429826491085 ] } },
{ "type": "Feature", "properties": { "type": "mixed", "area_sqm": 199.62460637337108, "waste_kg_day": 1.2 }, "geometry": { "type": "Point", "coordinates": [ 77.64381364714032, 12.90546710537026 ] } },
{ "type": "Feature", "properties": { "type": "mixed", "area_sqm": 274.48383376338523, "waste_kg_day": 1.2 }, "geometry": { "type": "Point", "coordinates": [ 77.646104323906115, 12.905432537682298 ] } },
{ "type": "Feature", "properties": { "type": "commercial", "area_sqm": 2096.0583669203961, "waste_kg_day": 2.5 }, "geometry": { "type": "Point", "coordinates": [ 77.647087853808983, 12.905101239798926 ] } },
{ "type": "Feature", "properties": { "type": "commercial", "area_sqm": 349.34306115339939, "waste_kg_day": 2.5 }, "geometry": { "type": "Point", "coordinates": [ 77.646277603882865, 12.905214674102703 ] } },
{ "type": "Feature", "properties": { "type": "commercial", "area_sqm": 548.96766752677047, "waste_kg_day": 2.5 }, "geometry": { "type": "Point", "coordinates": [ 77.648589412353132, 12.90528613335681 ] } },
{ "type": "Feature", "properties": { "type": "commercial", "area_sqm": 399.24921274674216, "waste_kg_day": 2.5 }, "geometry": { "type": "Point", "coordinates": [ 77.644743442137511, 12.905176330112694 ] } },
{ "type": "Feature", "properties": { "type": "mixed", "area_sqm": 249.53075796671385, "waste_kg_day": 1.2 }, "geometry": { "type": "Point", "coordinates": [ 77.645617449434866, 12.905270272888215 ] } },
{ "type": "Feature", "properties": { "type": "commercial", "area_sqm": 3767.9144452973792, "waste_kg_day": 2.5 }, "geometry": { "type": "Point", "coordinates": [ 77.648460774851415, 12.904814009032711 ] } },
{ "type": "Feature", "properties": { "type": "commercial", "area_sqm": 548.96766752677047, "waste_kg_day": 2.5 }, "geometry": { "type": "Point", "coordinates": [ 77.630976136667826, 12.905084827409263 ] } },
{ "type": "Feature", "properties": { "type": "mixed", "area_sqm": 199.62460637337108, "waste_kg_day": 1.2 }, "geometry": { "type": "Point", "coordinates": [ 77.647631617847509, 12.905126003625806 ] } },
{ "type": "Feature", "properties": { "type": "commercial", "area_sqm": 673.73304651012745, "waste_kg_day": 2.5 }, "geometry": { "type": "Point", "coordinates": [ 77.649351092901341, 12.905023900917843 ] } },
{ "type": "Feature", "properties": { "type": "residential", "area_sqm": 274.48383376338523, "waste_kg_day": 480.38819247877132 }, "geometry": { "type": "Point", "coordinates": [ 77.645960628315649, 12.905086860802673 ] } },
{ "type": "Feature", "properties": { "type": "commercial", "area_sqm": 773.54534969681299, "waste_kg_day": 2.5 }, "geometry": { "type": "Point", "coordinates": [ 77.646541545688521, 12.904918023556345 ] } },
{ "type": "Feature", "properties": { "type": "commercial", "area_sqm": 424.20228854341354, "waste_kg_day": 2.5 }, "geometry": { "type": "Point", "coordinates": [ 77.648003194009988, 12.905123701106799 ] } },
{ "type": "Feature", "properties": { "type": "commercial", "area_sqm": 299.43690956005662, "waste_kg_day": 2.5 }, "geometry": { "type": "Point", "coordinates": [ 77.65041519162034, 12.905131595457684 ] } },
{ "type": "Feature", "properties": { "type": "mixed", "area_sqm": 299.43690956005662, "waste_kg_day": 1.2 }, "geometry": { "type": "Point", "coordinates": [ 77.65007039264222, 12.905068221363086 ] } },
{ "type": "Feature", "properties": { "type": "commercial", "area_sqm": 449.15536434008493, "waste_kg_day": 2.5 }, "geometry": { "type": "Point", "coordinates": [ 77.650740619869353, 12.905044611406275 ] } },
{ "type": "Feature", "properties": { "type": "commercial", "area_sqm": 548.96766752677047, "waste_kg_day": 2.5 }, "geometry": { "type": "Point", "coordinates": [ 77.645785235168447, 12.90491808914968 ] } },
{ "type": "Feature", "properties": { "type": "commercial", "area_sqm": 1172.7945624435552, "waste_kg_day": 2.5 }, "geometry": { "type": "Point", "coordinates": [ 77.63147210226812, 12.904838440697191 ] } },
{ "type": "Feature", "properties": { "type": "mixed", "area_sqm": 249.53075796671385, "waste_kg_day": 1.2 }, "geometry": { "type": "Point", "coordinates": [ 77.644766687012435, 12.904952656837642 ] } },
{ "type": "Feature", "properties": { "type": "commercial", "area_sqm": 573.92074332344191, "waste_kg_day": 2.5 }, "geometry": { "type": "Point", "coordinates": [ 77.649802739698274, 12.904904032212631 ] } },
{ "type": "Feature", "properties": { "type": "mixed", "area_sqm": 199.62460637337108, "waste_kg_day": 1.2 }, "geometry": { "type": "Point", "coordinates": [ 77.64739335787948, 12.904796085545106 ] } },
{ "type": "Feature", "properties": { "type": "commercial", "area_sqm": 199.62460637337108, "waste_kg_day": 2.5 }, "geometry": { "type": "Point", "coordinates": [ 77.63099409861664, 12.904829636536364 ] } },
{ "type": "Feature", "properties": { "type": "commercial", "area_sqm": 973.16995607018407, "waste_kg_day": 2.5 }, "geometry": { "type": "Point", "coordinates": [ 77.650181550826176, 12.904746189199134 ] } },
{ "type": "Feature", "properties": { "type": "commercial", "area_sqm": 873.35765288349853, "waste_kg_day": 2.5 }, "geometry": { "type": "Point", "coordinates": [ 77.651103239918257, 12.904707255301586 ] } },
{ "type": "Feature", "properties": { "type": "residential", "area_sqm": 274.48383376338523, "waste_kg_day": 480.38819247877132 }, "geometry": { "type": "Point", "coordinates": [ 77.647761049537465, 12.904643581039389 ] } },
{ "type": "Feature", "properties": { "type": "commercial", "area_sqm": 823.45150129015565, "waste_kg_day": 2.5 }, "geometry": { "type": "Point", "coordinates": [ 77.649450177115682, 12.904531066604061 ] } },
{ "type": "Feature", "properties": { "type": "commercial", "area_sqm": 648.77997071345601, "waste_kg_day": 2.5 }, "geometry": { "type": "Point", "coordinates": [ 77.630991416515684, 12.904625749743337 ] } },
{ "type": "Feature", "properties": { "type": "commercial", "area_sqm": 499.0615159334277, "waste_kg_day": 2.5 }, "geometry": { "type": "Point", "coordinates": [ 77.632070336325881, 12.904465049098031 ] } },
{ "type": "Feature", "properties": { "type": "commercial", "area_sqm": 199.62460637337108, "waste_kg_day": 2.5 }, "geometry": { "type": "Point", "coordinates": [ 77.645981231727518, 12.904594779597559 ] } },
{ "type": "Feature", "properties": { "type": "commercial", "area_sqm": 1322.5130172235833, "waste_kg_day": 2.5 }, "geometry": { "type": "Point", "coordinates": [ 77.647124945361426, 12.9045112186382 ] } },
{ "type": "Feature", "properties": { "type": "commercial", "area_sqm": 698.68612230679878, "waste_kg_day": 2.5 }, "geometry": { "type": "Point", "coordinates": [ 77.650768845788903, 12.904540458945048 ] } },
{ "type": "Feature", "properties": { "type": "commercial", "area_sqm": 349.34306115339939, "waste_kg_day": 2.5 }, "geometry": { "type": "Point", "coordinates": [ 77.646480166364398, 12.90455004494255 ] } },
{ "type": "Feature", "properties": { "type": "commercial", "area_sqm": 1522.1376235969544, "waste_kg_day": 2.5 }, "geometry": { "type": "Point", "coordinates": [ 77.649241515968157, 12.904126899107453 ] } },
{ "type": "Feature", "properties": { "type": "commercial", "area_sqm": 474.10844013675631, "waste_kg_day": 2.5 }, "geometry": { "type": "Point", "coordinates": [ 77.649668908793643, 12.904404068699884 ] } },
{ "type": "Feature", "properties": { "type": "commercial", "area_sqm": 399.24921274674216, "waste_kg_day": 2.5 }, "geometry": { "type": "Point", "coordinates": [ 77.649874748278222, 12.904345943079065 ] } },
{ "type": "Feature", "properties": { "type": "commercial", "area_sqm": 1322.5130172235833, "waste_kg_day": 2.5 }, "geometry": { "type": "Point", "coordinates": [ 77.650826582048339, 12.903970182527605 ] } },
{ "type": "Feature", "properties": { "type": "commercial", "area_sqm": 349.34306115339939, "waste_kg_day": 2.5 }, "geometry": { "type": "Point", "coordinates": [ 77.652012446597638, 12.90428802767749 ] } },
{ "type": "Feature", "properties": { "type": "commercial", "area_sqm": 798.49842549348432, "waste_kg_day": 2.5 }, "geometry": { "type": "Point", "coordinates": [ 77.648594827352412, 12.904305402297963 ] } },
{ "type": "Feature", "properties": { "type": "mixed", "area_sqm": 199.62460637337108, "waste_kg_day": 1.2 }, "geometry": { "type": "Point", "coordinates": [ 77.650746431088081, 12.904270453348735 ] } },
{ "type": "Feature", "properties": { "type": "commercial", "area_sqm": 2894.5567924138804, "waste_kg_day": 2.5 }, "geometry": { "type": "Point", "coordinates": [ 77.650148276332359, 12.903836989967429 ] } },
{ "type": "Feature", "properties": { "type": "commercial", "area_sqm": 324.389985356728, "waste_kg_day": 2.5 }, "geometry": { "type": "Point", "coordinates": [ 77.651380747963572, 12.903971935554724 ] } },
{ "type": "Feature", "properties": { "type": "commercial", "area_sqm": 2121.0114427170679, "waste_kg_day": 2.5 }, "geometry": { "type": "Point", "coordinates": [ 77.651759018860389, 12.903439572918177 ] } },
{ "type": "Feature", "properties": { "type": "commercial", "area_sqm": 274.48383376338523, "waste_kg_day": 2.5 }, "geometry": { "type": "Point", "coordinates": [ 77.649557244418389, 12.903736687578727 ] } },
{ "type": "Feature", "properties": { "type": "commercial", "area_sqm": 499.0615159334277, "waste_kg_day": 2.5 }, "geometry": { "type": "Point", "coordinates": [ 77.651354284567489, 12.903632984514839 ] } },
{ "type": "Feature", "properties": { "type": "commercial", "area_sqm": 973.16995607018407, "waste_kg_day": 2.5 }, "geometry": { "type": "Point", "coordinates": [ 77.650373470049956, 12.903236681353144 ] } },
{ "type": "Feature", "properties": { "type": "commercial", "area_sqm": 1397.3722446135976, "waste_kg_day": 2.5 }, "geometry": { "type": "Point", "coordinates": [ 77.649189024467802, 12.903208005292241 ] } },
{ "type": "Feature", "properties": { "type": "commercial", "area_sqm": 199.62460637337108, "waste_kg_day": 2.5 }, "geometry": { "type": "Point", "coordinates": [ 77.649834069747101, 12.903263923611004 ] } },
{ "type": "Feature", "properties": { "type": "commercial", "area_sqm": 623.82689491678457, "waste_kg_day": 2.5 }, "geometry": { "type": "Point", "coordinates": [ 77.651385897597393, 12.903052328692805 ] } },
{ "type": "Feature", "properties": { "type": "commercial", "area_sqm": 1048.0291834601981, "waste_kg_day": 2.5 }, "geometry": { "type": "Point", "coordinates": [ 77.651067155017174, 12.902744682079634 ] } },
{ "type": "Feature", "properties": { "type": "commercial", "area_sqm": 349.34306115339939, "waste_kg_day": 2.5 }, "geometry": { "type": "Point", "coordinates": [ 77.649585017515705, 12.902776635404642 ] } },
{ "type": "Feature", "properties": { "type": "commercial", "area_sqm": 2445.4014280737956, "waste_kg_day": 2.5 }, "geometry": { "type": "Point", "coordinates": [ 77.649640994969616, 12.902466231676 ] } },
{ "type": "Feature", "properties": { "type": "commercial", "area_sqm": 773.54534969681299, "waste_kg_day": 2.5 }, "geometry": { "type": "Point", "coordinates": [ 77.650460181700851, 12.902766430955689 ] } },
{ "type": "Feature", "properties": { "type": "commercial", "area_sqm": 723.63919810347011, "waste_kg_day": 2.5 }, "geometry": { "type": "Point", "coordinates": [ 77.651325749479653, 12.902496878535009 ] } },
{ "type": "Feature", "properties": { "type": "commercial", "area_sqm": 848.40457708682709, "waste_kg_day": 2.5 }, "geometry": { "type": "Point", "coordinates": [ 77.652236495938354, 12.90251988104017 ] } },
{ "type": "Feature", "properties": { "type": "mixed", "area_sqm": 274.48383376338523, "waste_kg_day": 1.2 }, "geometry": { "type": "Point", "coordinates": [ 77.652498777682212, 12.902215709308377 ] } },
{ "type": "Feature", "properties": { "type": "commercial", "area_sqm": 5165.2866899109767, "waste_kg_day": 2.5 }, "geometry": { "type": "Point", "coordinates": [ 77.652916879174356, 12.901679247081889 ] } },
{ "type": "Feature", "properties": { "type": "commercial", "area_sqm": 2021.1991395303821, "waste_kg_day": 2.5 }, "geometry": { "type": "Point", "coordinates": [ 77.651294479234963, 12.901689788420349 ] } },
{ "type": "Feature", "properties": { "type": "commercial", "area_sqm": 998.1230318668554, "waste_kg_day": 2.5 }, "geometry": { "type": "Point", "coordinates": [ 77.655103682893639, 12.901678080090889 ] } },
{ "type": "Feature", "properties": { "type": "commercial", "area_sqm": 2220.8237459037532, "waste_kg_day": 2.5 }, "geometry": { "type": "Point", "coordinates": [ 77.654475470560286, 12.901309546955456 ] } },
{ "type": "Feature", "properties": { "type": "commercial", "area_sqm": 299.43690956005662, "waste_kg_day": 2.5 }, "geometry": { "type": "Point", "coordinates": [ 77.649593872706163, 12.901605013487705 ] } },
{ "type": "Feature", "properties": { "type": "commercial", "area_sqm": 3468.4775357373223, "waste_kg_day": 2.5 }, "geometry": { "type": "Point", "coordinates": [ 77.650327897917364, 12.901012788876233 ] } },
{ "type": "Feature", "properties": { "type": "mixed", "area_sqm": 249.53075796671385, "waste_kg_day": 1.2 }, "geometry": { "type": "Point", "coordinates": [ 77.651758745391277, 12.901508088401851 ] } },
{ "type": "Feature", "properties": { "type": "commercial", "area_sqm": 1297.559941426912, "waste_kg_day": 2.5 }, "geometry": { "type": "Point", "coordinates": [ 77.653977915720134, 12.901294738508724 ] } },
{ "type": "Feature", "properties": { "type": "mixed", "area_sqm": 224.57768217004246, "waste_kg_day": 1.2 }, "geometry": { "type": "Point", "coordinates": [ 77.655120987411649, 12.90140370754016 ] } },
{ "type": "Feature", "properties": { "type": "commercial", "area_sqm": 524.01459173009903, "waste_kg_day": 2.5 }, "geometry": { "type": "Point", "coordinates": [ 77.655416160426626, 12.901322759116807 ] } },
{ "type": "Feature", "properties": { "type": "commercial", "area_sqm": 848.40457708682709, "waste_kg_day": 2.5 }, "geometry": { "type": "Point", "coordinates": [ 77.649231070344513, 12.901164684138388 ] } },
{ "type": "Feature", "properties": { "type": "commercial", "area_sqm": 449.15536434008493, "waste_kg_day": 2.5 }, "geometry": { "type": "Point", "coordinates": [ 77.650027777038176, 12.901038374524243 ] } },
{ "type": "Feature", "properties": { "type": "commercial", "area_sqm": 4541.4597949941917, "waste_kg_day": 2.5 }, "geometry": { "type": "Point", "coordinates": [ 77.650972813180459, 12.900714908557244 ] } },
{ "type": "Feature", "properties": { "type": "commercial", "area_sqm": 424.20228854341354, "waste_kg_day": 2.5 }, "geometry": { "type": "Point", "coordinates": [ 77.652403312099608, 12.901163368413242 ] } },
{ "type": "Feature", "properties": { "type": "commercial", "area_sqm": 2220.8237459037532, "waste_kg_day": 2.5 }, "geometry": { "type": "Point", "coordinates": [ 77.653160698645735, 12.901030081020785 ] } },
{ "type": "Feature", "properties": { "type": "commercial", "area_sqm": 399.24921274674216, "waste_kg_day": 2.5 }, "geometry": { "type": "Point", "coordinates": [ 77.65141181563294, 12.900884599147645 ] } },
{ "type": "Feature", "properties": { "type": "commercial", "area_sqm": 2969.4160198038949, "waste_kg_day": 2.5 }, "geometry": { "type": "Point", "coordinates": [ 77.649754959038304, 12.900602869500466 ] } },
{ "type": "Feature", "properties": { "type": "mixed", "area_sqm": 299.43690956005662, "waste_kg_day": 1.2 }, "geometry": { "type": "Point", "coordinates": [ 77.651713030470574, 12.900945177326305 ] } },
{ "type": "Feature", "properties": { "type": "commercial", "area_sqm": 1097.9353350535409, "waste_kg_day": 2.5 }, "geometry": { "type": "Point", "coordinates": [ 77.655249069020471, 12.900970255845023 ] } },
{ "type": "Feature", "properties": { "type": "commercial", "area_sqm": 349.34306115339939, "waste_kg_day": 2.5 }, "geometry": { "type": "Point", "coordinates": [ 77.65581796469327, 12.900712450609166 ] } },
{ "type": "Feature", "properties": { "type": "commercial", "area_sqm": 998.1230318668554, "waste_kg_day": 2.5 }, "geometry": { "type": "Point", "coordinates": [ 77.656290333758804, 12.900720758473669 ] } },
{ "type": "Feature", "properties": { "type": "commercial", "area_sqm": 2121.0114427170679, "waste_kg_day": 2.5 }, "geometry": { "type": "Point", "coordinates": [ 77.654167187903099, 12.900618658202234 ] } },
{ "type": "Feature", "properties": { "type": "mixed", "area_sqm": 274.48383376338523, "waste_kg_day": 1.2 }, "geometry": { "type": "Point", "coordinates": [ 77.654523194971532, 12.900690664251208 ] } },
{ "type": "Feature", "properties": { "type": "commercial", "area_sqm": 598.87381912011324, "waste_kg_day": 2.5 }, "geometry": { "type": "Point", "coordinates": [ 77.649243262509302, 12.900684225172077 ] } },
{ "type": "Feature", "properties": { "type": "commercial", "area_sqm": 748.59227390014155, "waste_kg_day": 2.5 }, "geometry": { "type": "Point", "coordinates": [ 77.65475423494054, 12.900589536818972 ] } },
{ "type": "Feature", "properties": { "type": "commercial", "area_sqm": 1497.1845478002831, "waste_kg_day": 2.5 }, "geometry": { "type": "Point", "coordinates": [ 77.652356138676964, 12.900532127345043 ] } },
{ "type": "Feature", "properties": { "type": "commercial", "area_sqm": 299.43690956005662, "waste_kg_day": 2.5 }, "geometry": { "type": "Point", "coordinates": [ 77.652933386404385, 12.900684225172077 ] } },
{ "type": "Feature", "properties": { "type": "commercial", "area_sqm": 424.20228854341354, "waste_kg_day": 2.5 }, "geometry": { "type": "Point", "coordinates": [ 77.655135268576629, 12.900468665535435 ] } },
{ "type": "Feature", "properties": { "type": "commercial", "area_sqm": 324.389985356728, "waste_kg_day": 2.5 }, "geometry": { "type": "Point", "coordinates": [ 77.652714646171063, 12.900489514718538 ] } },
{ "type": "Feature", "properties": { "type": "commercial", "area_sqm": 2395.495276480453, "waste_kg_day": 2.5 }, "geometry": { "type": "Point", "coordinates": [ 77.653067044435218, 12.900230820804108 ] } },
{ "type": "Feature", "properties": { "type": "commercial", "area_sqm": 249.53075796671385, "waste_kg_day": 2.5 }, "geometry": { "type": "Point", "coordinates": [ 77.653450972286151, 12.900434456681603 ] } },
{ "type": "Feature", "properties": { "type": "commercial", "area_sqm": 449.15536434008493, "waste_kg_day": 2.5 }, "geometry": { "type": "Point", "coordinates": [ 77.649451820692704, 12.900285341164903 ] } },
{ "type": "Feature", "properties": { "type": "commercial", "area_sqm": 1097.9353350535409, "waste_kg_day": 2.5 }, "geometry": { "type": "Point", "coordinates": [ 77.655663250428304, 12.900256534758267 ] } },
{ "type": "Feature", "properties": { "type": "commercial", "area_sqm": 449.15536434008493, "waste_kg_day": 2.5 }, "geometry": { "type": "Point", "coordinates": [ 77.652016505226598, 12.900342502112972 ] } },
{ "type": "Feature", "properties": { "type": "commercial", "area_sqm": 1048.0291834601981, "waste_kg_day": 2.5 }, "geometry": { "type": "Point", "coordinates": [ 77.656580617970718, 12.90025764828323 ] } },
{ "type": "Feature", "properties": { "type": "commercial", "area_sqm": 524.01459173009903, "waste_kg_day": 2.5 }, "geometry": { "type": "Point", "coordinates": [ 77.649058133683965, 12.900287471386569 ] } },
{ "type": "Feature", "properties": { "type": "commercial", "area_sqm": 299.43690956005662, "waste_kg_day": 2.5 }, "geometry": { "type": "Point", "coordinates": [ 77.651476707575455, 12.900281613276984 ] } },
{ "type": "Feature", "properties": { "type": "commercial", "area_sqm": 948.21688027351263, "waste_kg_day": 2.5 }, "geometry": { "type": "Point", "coordinates": [ 77.651610467557504, 12.899982401220447 ] } },
{ "type": "Feature", "properties": { "type": "commercial", "area_sqm": 1072.9822592568696, "waste_kg_day": 2.5 }, "geometry": { "type": "Point", "coordinates": [ 77.654030580539626, 12.900084902168034 ] } },
{ "type": "Feature", "properties": { "type": "commercial", "area_sqm": 349.34306115339939, "waste_kg_day": 2.5 }, "geometry": { "type": "Point", "coordinates": [ 77.655359708587511, 12.900194806744048 ] } },
{ "type": "Feature", "properties": { "type": "commercial", "area_sqm": 1197.7476382402265, "waste_kg_day": 2.5 }, "geometry": { "type": "Point", "coordinates": [ 77.654873364924555, 12.900054212114016 ] } },
{ "type": "Feature", "properties": { "type": "commercial", "area_sqm": 1147.8414866468838, "waste_kg_day": 2.5 }, "geometry": { "type": "Point", "coordinates": [ 77.650625406141444, 12.899905420761481 ] } },
{ "type": "Feature", "properties": { "type": "mixed", "area_sqm": 274.48383376338523, "waste_kg_day": 1.2 }, "geometry": { "type": "Point", "coordinates": [ 77.656010866967037, 12.900117247309712 ] } },
{ "type": "Feature", "properties": { "type": "commercial", "area_sqm": 973.16995607018407, "waste_kg_day": 2.5 }, "geometry": { "type": "Point", "coordinates": [ 77.650162478108285, 12.899922875755076 ] } },
{ "type": "Feature", "properties": { "type": "mixed", "area_sqm": 199.62460637337108, "waste_kg_day": 1.2 }, "geometry": { "type": "Point", "coordinates": [ 77.651298496867668, 12.8999871101315 ] } },
{ "type": "Feature", "properties": { "type": "commercial", "area_sqm": 224.57768217004246, "waste_kg_day": 2.5 }, "geometry": { "type": "Point", "coordinates": [ 77.650942075452079, 12.899962257545383 ] } },
{ "type": "Feature", "properties": { "type": "commercial", "area_sqm": 2719.8852618371811, "waste_kg_day": 2.5 }, "geometry": { "type": "Point", "coordinates": [ 77.65196470777849, 12.89949831220382 ] } },
{ "type": "Feature", "properties": { "type": "commercial", "area_sqm": 1023.0761076635267, "waste_kg_day": 2.5 }, "geometry": { "type": "Point", "coordinates": [ 77.653985831188791, 12.899742706162664 ] } },
{ "type": "Feature", "properties": { "type": "mixed", "area_sqm": 274.48383376338523, "waste_kg_day": 1.2 }, "geometry": { "type": "Point", "coordinates": [ 77.651252007117805, 12.899739036135534 ] } },
{ "type": "Feature", "properties": { "type": "commercial", "area_sqm": 1896.4337605470253, "waste_kg_day": 2.5 }, "geometry": { "type": "Point", "coordinates": [ 77.653227209779587, 12.8994238066467 ] } },
{ "type": "Feature", "properties": { "type": "mixed", "area_sqm": 199.62460637337108, "waste_kg_day": 1.2 }, "geometry": { "type": "Point", "coordinates": [ 77.652635077176114, 12.899618049227666 ] } },
{ "type": "Feature", "properties": { "type": "commercial", "area_sqm": 374.29613695007077, "waste_kg_day": 2.5 }, "geometry": { "type": "Point", "coordinates": [ 77.655033173439691, 12.899694843718766 ] } },
{ "type": "Feature", "properties": { "type": "commercial", "area_sqm": 548.96766752677047, "waste_kg_day": 2.5 }, "geometry": { "type": "Point", "coordinates": [ 77.655514271911713, 12.899673967546429 ] } },
{ "type": "Feature", "properties": { "type": "mixed", "area_sqm": 199.62460637337108, "waste_kg_day": 1.2 }, "geometry": { "type": "Point", "coordinates": [ 77.651112537868229, 12.899495028926387 ] } },
{ "type": "Feature", "properties": { "type": "commercial", "area_sqm": 324.389985356728, "waste_kg_day": 2.5 }, "geometry": { "type": "Point", "coordinates": [ 77.651334258213708, 12.899477823289844 ] } },
{ "type": "Feature", "properties": { "type": "commercial", "area_sqm": 424.20228854341354, "waste_kg_day": 2.5 }, "geometry": { "type": "Point", "coordinates": [ 77.654615677254682, 12.89951344907845 ] } },
{ "type": "Feature", "properties": { "type": "mixed", "area_sqm": 224.57768217004246, "waste_kg_day": 1.2 }, "geometry": { "type": "Point", "coordinates": [ 77.650725123286065, 12.899420471168037 ] } },
{ "type": "Feature", "properties": { "type": "mixed", "area_sqm": 274.48383376338523, "waste_kg_day": 1.2 }, "geometry": { "type": "Point", "coordinates": [ 77.652870695681088, 12.89934049102726 ] } },
{ "type": "Feature", "properties": { "type": "commercial", "area_sqm": 424.20228854341354, "waste_kg_day": 2.5 }, "geometry": { "type": "Point", "coordinates": [ 77.6548289831658, 12.899326616107524 ] } },
{ "type": "Feature", "properties": { "type": "commercial", "area_sqm": 424.20228854341354, "waste_kg_day": 2.5 }, "geometry": { "type": "Point", "coordinates": [ 77.651424292661403, 12.899205569393967 ] } },
{ "type": "Feature", "properties": { "type": "residential", "area_sqm": 274.48383376338523, "waste_kg_day": 480.38819247877132 }, "geometry": { "type": "Point", "coordinates": [ 77.652659378636272, 12.899202220275411 ] } },
{ "type": "Feature", "properties": { "type": "commercial", "area_sqm": 449.15536434008493, "waste_kg_day": 2.5 }, "geometry": { "type": "Point", "coordinates": [ 77.654459799858088, 12.899256444099665 ] } },
{ "type": "Feature", "properties": { "type": "commercial", "area_sqm": 2295.6829732937676, "waste_kg_day": 2.5 }, "geometry": { "type": "Point", "coordinates": [ 77.653857959726764, 12.899018021355028 ] } },
{ "type": "Feature", "properties": { "type": "commercial", "area_sqm": 973.16995607018407, "waste_kg_day": 2.5 }, "geometry": { "type": "Point", "coordinates": [ 77.655116616580457, 12.898941007429721 ] } },
{ "type": "Feature", "properties": { "type": "commercial", "area_sqm": 374.29613695007077, "waste_kg_day": 2.5 }, "geometry": { "type": "Point", "coordinates": [ 77.652941134696022, 12.899008912341943 ] } },
{ "type": "Feature", "properties": { "type": "residential", "area_sqm": 224.57768217004246, "waste_kg_day": 393.04488475535834 }, "geometry": { "type": "Point", "coordinates": [ 77.652512395891762, 12.899102358065742 ] } },
{ "type": "Feature", "properties": { "type": "commercial", "area_sqm": 3618.1959905173508, "waste_kg_day": 2.5 }, "geometry": { "type": "Point", "coordinates": [ 77.654256527434569, 12.898569792854829 ] } },
{ "type": "Feature", "properties": { "type": "commercial", "area_sqm": 349.34306115339939, "waste_kg_day": 2.5 }, "geometry": { "type": "Point", "coordinates": [ 77.652570323595953, 12.898913478411254 ] } },
{ "type": "Feature", "properties": { "type": "residential", "area_sqm": 199.62460637337108, "waste_kg_day": 349.37323089365179 }, "geometry": { "type": "Point", "coordinates": [ 77.65186218508471, 12.898779274446223 ] } },
{ "type": "Feature", "properties": { "type": "commercial", "area_sqm": 324.389985356728, "waste_kg_day": 2.5 }, "geometry": { "type": "Point", "coordinates": [ 77.652836234747625, 12.898707010772744 ] } },
{ "type": "Feature", "properties": { "type": "mixed", "area_sqm": 224.57768217004246, "waste_kg_day": 1.2 }, "geometry": { "type": "Point", "coordinates": [ 77.653333714805939, 12.898406485654471 ] } }
]
}
