{
"type": "FeatureCollection",
"name": "dry_waste_centres",
"crs": { "type": "name", "properties": { "name": "urn:ogc:def:crs:OGC:1.3:CRS84" } },
"features": [
{ "type": "Feature", "properties": { "OID_": 0, "Name": "Placemark", "FolderPath": "BBMP dry waste collection centres", "SymbolID": 0, "AltMode": -1, "Base": 0.0, "Snippet": null, "PopupInfo": null, "HasLabel": -1, "LabelID": 0 }, "geometry": { "type": "Point", "coordinates": [ 77.576778, 13.10928, 0.0 ] } },
{ "type": "Feature", "properties": { "OID_": 0, "Name": "Placemark", "FolderPath": "BBMP dry waste collection centres", "SymbolID": 0, "AltMode": -1, "Base": 0.0, "Snippet": null, "PopupInfo": null, "HasLabel": -1, "LabelID": 0 }, "geometry": { "type": "Point", "coordinates": [ 77.563879, 13.06894, 0.0 ] } },
{ "type": "Feature", "properties": { "OID_": 0, "Name": "Placemark", "FolderPath": "BBMP dry waste collection centres", "SymbolID": 0, "AltMode": -1, "Base": 0.0, "Snippet": null, "PopupInfo": null, "HasLabel": -1, "LabelID": 0 }, "geometry": { "type": "Point", "coordinates": [ 77.551614, 12.952, 0.0 ] } },
{ "type": "Feature", "properties": { "OID_": 0, "Name": "Placemark", "FolderPath": "BBMP dry waste collection centres", "SymbolID": 0, "AltMode": -1, "Base": 0.0, "Snippet": null, "PopupInfo": null, "HasLabel": -1, "LabelID": 0 }, "geometry": { "type": "Point", "coordinates": [ 77.573519, 12.95221, 0.0 ] } },
{ "type": "Feature", "properties": { "OID_": 0, "Name": "Placemark", "FolderPath": "BBMP dry waste collection centres", "SymbolID": 0, "AltMode": -1, "Base": 0.0, "Snippet": null, "PopupInfo": null, "HasLabel": -1, "LabelID": 0 }, "geometry": { "type": "Point", "coordinates": [ 77.573867, 12.95279, 0.0 ] } },
{ "type": "Feature", "properties": { "OID_": 0, "Name": "Placemark", "FolderPath": "BBMP dry waste collection centres", "SymbolID": 0, "AltMode": -1, "Base": 0.0, "Snippet": null, "PopupInfo": null, "HasLabel": -1, "LabelID": 0 }, "geometry": { "type": "Point", "coordinates": [ 77.60047, 12.94393, 0.0 ] } },
{ "type": "Feature", "properties": { "OID_": 0, "Name": "Placemark", "FolderPath": "BBMP dry waste collection centres", "SymbolID": 0, "AltMode": -1, "Base": 0.0, "Snippet": null, "PopupInfo": null, "HasLabel": -1, "LabelID": 0 }, "geometry": { "type": "Point", "coordinates": [ 77.600469, 12.94391, 0.0 ] } },
{ "type": "Feature", "properties": { "OID_": 0, "Name": "Placemark", "FolderPath": "BBMP dry waste collection centres", "SymbolID": 0, "AltMode": -1, "Base": 0.0, "Snippet": null, "PopupInfo": null, "HasLabel": -1, "LabelID": 0 }, "geometry": { "type": "Point", "coordinates": [ 77.620897, 12.94994, 0.0 ] } },
{ "type": "Feature", "properties": { "OID_": 0, "Name": "Placemark", "FolderPath": "BBMP dry waste collection centres", "SymbolID": 0, "AltMode": -1, "Base": 0.0, "Snippet": null, "PopupInfo": null, "HasLabel": -1, "LabelID": 0 }, "geometry": { "type": "Point", "coordinates": [ 77.61465, 12.934294, 0.0 ] } },
{ "type": "Feature", "properties": { "OID_": 0, "Name": "Placemark", "FolderPath": "BBMP dry waste collection centres", "SymbolID": 0, "AltMode": -1, "Base": 0.0, "Snippet": null, "PopupInfo": null, "HasLabel": -1, "LabelID": 0 }, "geometry": { "type": "Point", "coordinates": [ 77.601585, 12.92716, 0.0 ] } },
{ "type": "Feature", "properties": { "OID_": 0, "Name": "Placemark", "FolderPath": "BBMP dry waste collection centres", "SymbolID": 0, "AltMode": -1, "Base": 0.0, "Snippet": null, "PopupInfo": null, "HasLabel": -1, "LabelID": 0 }, "geometry": { "type": "Point", "coordinates": [ 77.60047, 12.94391, 0.0 ] } },
{ "type": "Feature", "properties": { "OID_": 0, "Name": "Placemark", "FolderPath": "BBMP dry waste collection centres", "SymbolID": 0, "AltMode": -1, "Base": 0.0, "Snippet": null, "PopupInfo": null, "HasLabel": -1, "LabelID": 0 }, "geometry": { "type": "Point", "coordinates": [ 77.558509, 12.94938, 0.0 ] } },
{ "type": "Feature", "properties": { "OID_": 0, "Name": "Placemark", "FolderPath": "BBMP dry waste collection centres", "SymbolID": 0, "AltMode": -1, "Base": 0.0, "Snippet": null, "PopupInfo": null, "HasLabel": -1, "LabelID": 0 }, "geometry": { "type": "Point", "coordinates": [ 77.540406, 13.08489, 0.0 ] } },
{ "type": "Feature", "properties": { "OID_": 0, "Name": "Placemark", "FolderPath": "BBMP dry waste collection centres", "SymbolID": 0, "AltMode": -1, "Base": 0.0, "Snippet": null, "PopupInfo": null, "HasLabel": -1, "LabelID": 0 }, "geometry": { "type": "Point", "coordinates": [ 77.553112, 12.9483, 0.0 ] } },
{ "type": "Feature", "properties": { "OID_": 0, "Name": "Placemark", "FolderPath": "BBMP dry waste collection centres", "SymbolID": 0, "AltMode": -1, "Base": 0.0, "Snippet": null, "PopupInfo": null, "HasLabel": -1, "LabelID": 0 }, "geometry": { "type": "Point", "coordinates": [ 77.548455, 12.9461, 0.0 ] } },
{ "type": "Feature", "properties": { "OID_": 0, "Name": "Placemark", "FolderPath": "BBMP dry waste collection centres", "SymbolID": 0, "AltMode": -1, "Base": 0.0, "Snippet": null, "PopupInfo": null, "HasLabel": -1, "LabelID": 0 }, "geometry": { "type": "Point", "coordinates": [ 77.543603, 12.94318, 0.0 ] } },
{ "type": "Feature", "properties": { "OID_": 0, "Name": "Placemark", "FolderPath": "BBMP dry waste collection centres", "SymbolID": 0, "AltMode": -1, "Base": 0.0, "Snippet": null, "PopupInfo": null, "HasLabel": -1, "LabelID": 0 }, "geometry": { "type": "Point", "coordinates": [ 77.481763, 12.91477, 0.0 ] } },
{ "type": "Feature", "properties": { "OID_": 0, "Name": "Placemark", "FolderPath": "BBMP dry waste collection centres", "SymbolID": 0, "AltMode": -1, "Base": 0.0, "Snippet": null, "PopupInfo": null, "HasLabel": -1, "LabelID": 0 }, "geometry": { "type": "Point", "coordinates": [ 77.513681, 12.93327, 0.0 ] } },
{ "type": "Feature", "properties": { "OID_": 0, "Name": "Placemark", "FolderPath": "BBMP dry waste collection centres", "SymbolID": 0, "AltMode": -1, "Base": 0.0, "Snippet": null, "PopupInfo": null, "HasLabel": -1, "LabelID": 0 }, "geometry": { "type": "Point", "coordinates": [ 77.556546, 12.90675, 0.0 ] } },
{ "type": "Feature", "properties": { "OID_": 0, "Name": "Placemark", "FolderPath": "BBMP dry waste collection centres", "SymbolID": 0, "AltMode": -1, "Base": 0.0, "Snippet": null, "PopupInfo": null, "HasLabel": -1, "LabelID": 0 }, "geometry": { "type": "Point", "coordinates": [ 77.539583, 12.93568, 0.0 ] } },
{ "type": "Feature", "properties": { "OID_": 0, "Name": "Placemark", "FolderPath": "BBMP dry waste collection centres", "SymbolID": 0, "AltMode": -1, "Base": 0.0, "Snippet": null, "PopupInfo": null, "HasLabel": -1, "LabelID": 0 }, "geometry": { "type": "Point", "coordinates": [ 77.553432, 12.93398, 0.0 ] } },
{ "type": "Feature", "properties": { "OID_": 0, "Name": "Placemark", "FolderPath": "BBMP dry waste collection centres", "SymbolID": 0, "AltMode": -1, "Base": 0.0, "Snippet": null, "PopupInfo": null, "HasLabel": -1, "LabelID": 0 }, "geometry": { "type": "Point", "coordinates": [ 77.56331, 12.932375, 0.0 ] } },
{ "type": "Feature", "properties": { "OID_": 0, "Name": "Placemark", "FolderPath": "BBMP dry waste collection centres", "SymbolID": 0, "AltMode": -1, "Base": 0.0, "Snippet": null, "PopupInfo": null, "HasLabel": -1, "LabelID": 0 }, "geometry": { "type": "Point", "coordinates": [ 77.570166, 12.92729, 0.0 ] } },
{ "type": "Feature", "properties": { "OID_": 0, "Name": "Placemark", "FolderPath": "BBMP dry waste collection centres", "SymbolID": 0, "AltMode": -1, "Base": 0.0, "Snippet": null, "PopupInfo": null, "HasLabel": -1, "LabelID": 0 }, "geometry": { "type": "Point", "coordinates": [ 77.531312, 13.0721, 0.0 ] } },
{ "type": "Feature", "properties": { "OID_": 0, "Name": "Placemark", "FolderPath": "BBMP dry waste collection centres", "SymbolID": 0, "AltMode": -1, "Base": 0.0, "Snippet": null, "PopupInfo": null, "HasLabel": -1, "LabelID": 0 }, "geometry": { "type": "Point", "coordinates": [ 77.56951, 12.918245, 0.0 ] } },
{ "type": "Feature", "properties": { "OID_": 0, "Name": "Placemark", "FolderPath": "BBMP dry waste collection centres", "SymbolID": 0, "AltMode": -1, "Base": 0.0, "Snippet": null, "PopupInfo": null, "HasLabel": -1, "LabelID": 0 }, "geometry": { "type": "Point", "coordinates": [ 77.577196, 12.93261, 0.0 ] } },
{ "type": "Feature", "properties": { "OID_": 0, "Name": "Placemark", "FolderPath": "BBMP dry waste collection centres", "SymbolID": 0, "AltMode": -1, "Base": 0.0, "Snippet": null, "PopupInfo": null, "HasLabel": -1, "LabelID": 0 }, "geometry": { "type": "Point", "coordinates": [ 77.580471, 12.93228, 0.0 ] } },
{ "type": "Feature", "properties": { "OID_": 0, "Name": "Placemark", "FolderPath": "BBMP dry waste collection centres", "SymbolID": 0, "AltMode": -1, "Base": 0.0, "Snippet": null, "PopupInfo": null, "HasLabel": -1, "LabelID": 0 }, "geometry": { "type": "Point", "coordinates": [ 77.580471, 12.93232, 0.0 ] } },
{ "type": "Feature", "properties": { "OID_": 0, "Name": "Placemark", "FolderPath": "BBMP dry waste collection centres", "SymbolID": 0, "AltMode": -1, "Base": 0.0, "Snippet": null, "PopupInfo": null, "HasLabel": -1, "LabelID": 0 }, "geometry": { "type": "Point", "coordinates": [ 77.599874, 12.91651, 0.0 ] } },
{ "type": "Feature", "properties": { "OID_": 0, "Name": "Placemark", "FolderPath": "BBMP dry waste collection centres", "SymbolID": 0, "AltMode": -1, "Base": 0.0, "Snippet": null, "PopupInfo": null, "HasLabel": -1, "LabelID": 0 }, "geometry": { "type": "Point", "coordinates": [ 77.599874, 12.91651, 0.0 ] } },
{ "type": "Feature", "properties": { "OID_": 0, "Name": "Placemark", "FolderPath": "BBMP dry waste collection centres", "SymbolID": 0, "AltMode": -1, "Base": 0.0, "Snippet": null, "PopupInfo": null, "HasLabel": -1, "LabelID": 0 }, "geometry": { "type": "Point", "coordinates": [ 77.614484, 12.9234, 0.0 ] } },
{ "type": "Feature", "properties": { "OID_": 0, "Name": "Placemark", "FolderPath": "BBMP dry waste collection centres", "SymbolID": 0, "AltMode": -1, "Base": 0.0, "Snippet": null, "PopupInfo": null, "HasLabel": -1, "LabelID": 0 }, "geometry": { "type": "Point", "coordinates": [ 77.649028, 12.91263, 0.0 ] } },
{ "type": "Feature", "properties": { "OID_": 0, "Name": "Placemark", "FolderPath": "BBMP dry waste collection centres", "SymbolID": 0, "AltMode": -1, "Base": 0.0, "Snippet": null, "PopupInfo": null, "HasLabel": -1, "LabelID": 0 }, "geometry": { "type": "Point", "coordinates": [ 77.615624, 12.88328, 0.0 ] } },
{ "type": "Feature", "properties": { "OID_": 0, "Name": "Placemark", "FolderPath": "BBMP dry waste collection centres", "SymbolID": 0, "AltMode": -1, "Base": 0.0, "Snippet": null, "PopupInfo": null, "HasLabel": -1, "LabelID": 0 }, "geometry": { "type": "Point", "coordinates": [ 77.622582, 12.91763, 0.0 ] } },
{ "type": "Feature", "properties": { "OID_": 0, "Name": "Placemark", "FolderPath": "BBMP dry waste collection centres", "SymbolID": 0, "AltMode": -1, "Base": 0.0, "Snippet": null, "PopupInfo": null, "HasLabel": -1, "LabelID": 0 }, "geometry": { "type": "Point", "coordinates": [ 77.512969, 13.05554, 0.0 ] } },
{ "type": "Feature", "properties": { "OID_": 0, "Name": "Placemark", "FolderPath": "BBMP dry waste collection centres", "SymbolID": 0, "AltMode": -1, "Base": 0.0, "Snippet": null, "PopupInfo": null, "HasLabel": -1, "LabelID": 0 }, "geometry": { "type": "Point", "coordinates": [ 77.599874, 12.91651, 0.0 ] } },
{ "type": "Feature", "properties": { "OID_": 0, "Name": "Placemark", "FolderPath": "BBMP dry waste collection centres", "SymbolID": 0, "AltMode": -1, "Base": 0.0, "Snippet": null, "PopupInfo": null, "HasLabel": -1, "LabelID": 0 }, "geometry": { "type": "Point", "coordinates": [ 77.576818, 12.90696, 0.0 ] } },
{ "type": "Feature", "properties": { "OID_": 0, "Name": "Placemark", "FolderPath": "BBMP dry waste collection centres", "SymbolID": 0, "AltMode": -1, "Base": 0.0, "Snippet": null, "PopupInfo": null, "HasLabel": -1, "LabelID": 0 }, "geometry": { "type": "Point", "coordinates": [ 77.58091, 12.92075, 0.0 ] } },
{ "type": "Feature", "properties": { "OID_": 0, "Name": "Placemark", "FolderPath": "BBMP dry waste collection centres", "SymbolID": 0, "AltMode": -1, "Base": 0.0, "Snippet": null, "PopupInfo": null, "HasLabel": -1, "LabelID": 0 }, "geometry": { "type": "Point", "coordinates": [ 77.564882, 12.91758, 0.0 ] } },
{ "type": "Feature", "properties": { "OID_": 0, "Name": "Placemark", "FolderPath": "BBMP dry waste collection centres", "SymbolID": 0, "AltMode": -1, "Base": 0.0, "Snippet": null, "PopupInfo": null, "HasLabel": -1, "LabelID": 0 }, "geometry": { "type": "Point", "coordinates": [ 77.560707, 12.90291, 0.0 ] } },
{ "type": "Feature", "properties": { "OID_": 0, "Name": "Placemark", "FolderPath": "BBMP dry waste collection centres", "SymbolID": 0, "AltMode": -1, "Base": 0.0, "Snippet": null, "PopupInfo": null, "HasLabel": -1, "LabelID": 0 }, "geometry": { "type": "Point", "coordinates": [ 77.550767, 12.90594, 0.0 ] } },
{ "type": "Feature", "properties": { "OID_": 0, "Name": "Placemark", "FolderPath": "BBMP dry waste collection centres", "SymbolID": 0, "AltMode": -1, "Base": 0.0, "Snippet": null, "PopupInfo": null, "HasLabel": -1, "LabelID": 0 }, "geometry": { "type": "Point", "coordinates": [ 77.546548, 12.91993, 0.0 ] } },
{ "type": "Feature", "properties": { "OID_": 0, "Name": "Placemark", "FolderPath": "BBMP dry waste collection centres", "SymbolID": 0, "AltMode": -1, "Base": 0.0, "Snippet": null, "PopupInfo": null, "HasLabel": -1, "LabelID": 0 }, "geometry": { "type": "Point", "coordinates": [ 77.539487, 12.9034, 0.0 ] } },
{ "type": "Feature", "properties": { "OID_": 0, "Name": "Placemark", "FolderPath": "BBMP dry waste collection centres", "SymbolID": 0, "AltMode": -1, "Base": 0.0, "Snippet": null, "PopupInfo": null, "HasLabel": -1, "LabelID": 0 }, "geometry": { "type": "Point", "coordinates": [ 77.601993, 12.8696, 0.0 ] } },
{ "type": "Feature", "properties": { "OID_": 0, "Name": "Placemark", "FolderPath": "BBMP dry waste collection centres", "SymbolID": 0, "AltMode": -1, "Base": 0.0, "Snippet": null, "PopupInfo": null, "HasLabel": -1, "LabelID": 0 }, "geometry": { "type": "Point", "coordinates": [ 77.615636, 12.8833, 0.0 ] } },
{ "type": "Feature", "properties": { "OID_": 0, "Name": "Placemark", "FolderPath": "BBMP dry waste collection centres", "SymbolID": 0, "AltMode": -1, "Base": 0.0, "Snippet": null, "PopupInfo": null, "HasLabel": -1, "LabelID": 0 }, "geometry": { "type": "Point", "coordinates": [ 77.512992, 13.05579, 0.0 ] } },
{ "type": "Feature", "properties": { "OID_": 0, "Name": "Placemark", "FolderPath": "BBMP dry waste collection centres", "SymbolID": 0, "AltMode": -1, "Base": 0.0, "Snippet": null, "PopupInfo": null, "HasLabel": -1, "LabelID": 0 }, "geometry": { "type": "Point", "coordinates": [ 77.615611, 12.88325, 0.0 ] } },
{ "type": "Feature", "properties": { "OID_": 0, "Name": "Placemark", "FolderPath": "BBMP dry waste collection centres", "SymbolID": 0, "AltMode": -1, "Base": 0.0, "Snippet": null, "PopupInfo": null, "HasLabel": -1, "LabelID": 0 }, "geometry": { "type": "Point", "coordinates": [ 77.646174, 12.89435, 0.0 ] } },
{ "type": "Feature", "properties": { "OID_": 0, "Name": "Placemark", "FolderPath": "BBMP dry waste collection centres", "SymbolID": 0, "AltMode": -1, "Base": 0.0, "Snippet": null, "PopupInfo": null, "HasLabel": -1, "LabelID": 0 }, "geometry": { "type": "Point", "coordinates": [ 77.652488, 12.87249, 0.0 ] } },
{ "type": "Feature", "properties": { "OID_": 0, "Name": "Placemark", "FolderPath": "BBMP dry waste collection centres", "SymbolID": 0, "AltMode": -1, "Base": 0.0, "Snippet": null, "PopupInfo": null, "HasLabel": -1, "LabelID": 0 }, "geometry": { "type": "Point", "coordinates": [ 77.626696, 12.87293, 0.0 ] } },
{ "type": "Feature", "properties": { "OID_": 0, "Name": "Placemark", "FolderPath": "BBMP dry waste collection centres", "SymbolID": 0, "AltMode": -1, "Base": 0.0, "Snippet": null, "PopupInfo": null, "HasLabel": -1, "LabelID": 0 }, "geometry": { "type": "Point", "coordinates": [ 77.594837, 12.85666, 0.0 ] } },
{ "type": "Feature", "properties": { "OID_": 0, "Name": "Placemark", "FolderPath": "BBMP dry waste collection centres", "SymbolID": 0, "AltMode": -1, "Base": 0.0, "Snippet": null, "PopupInfo": null, "HasLabel": -1, "LabelID": 0 }, "geometry": { "type": "Point", "coordinates": [ 77.594837, 12.85666, 0.0 ] } },
{ "type": "Feature", "properties": { "OID_": 0, "Name": "Placemark", "FolderPath": "BBMP dry waste collection centres", "SymbolID": 0, "AltMode": -1, "Base": 0.0, "Snippet": null, "PopupInfo": null, "HasLabel": -1, "LabelID": 0 }, "geometry": { "type": "Point", "coordinates": [ 77.563386, 12.86823, 0.0 ] } },
{ "type": "Feature", "properties": { "OID_": 0, "Name": "Placemark", "FolderPath": "BBMP dry waste collection centres", "SymbolID": 0, "AltMode": -1, "Base": 0.0, "Snippet": null, "PopupInfo": null, "HasLabel": -1, "LabelID": 0 }, "geometry": { "type": "Point", "coordinates": [ 77.541751, 12.87848, 0.0 ] } },
{ "type": "Feature", "properties": { "OID_": 0, "Name": "Placemark", "FolderPath": "BBMP dry waste collection centres", "SymbolID": 0, "AltMode": -1, "Base": 0.0, "Snippet": null, "PopupInfo": null, "HasLabel": -1, "LabelID": 0 }, "geometry": { "type": "Point", "coordinates": [ 77.482014, 13.035285500000043, 0.0 ] } },
{ "type": "Feature", "properties": { "OID_": 0, "Name": "Placemark", "FolderPath": "BBMP dry waste collection centres", "SymbolID": 0, "AltMode": -1, "Base": 0.0, "Snippet": null, "PopupInfo": null, "HasLabel": -1, "LabelID": 0 }, "geometry": { "type": "Point", "coordinates": [ 77.487075300000072, 13.053787300000067, 0.0 ] } },
{ "type": "Feature", "properties": { "OID_": 0, "Name": "Placemark", "FolderPath": "BBMP dry waste collection centres", "SymbolID": 0, "AltMode": -1, "Base": 0.0, "Snippet": null, "PopupInfo": null, "HasLabel": -1, "LabelID": 0 }, "geometry": { "type": "Point", "coordinates": [ 77.561765, 13.03767, 0.0 ] } },
{ "type": "Feature", "properties": { "OID_": 0, "Name": "Placemark", "FolderPath": "BBMP dry waste collection centres", "SymbolID": 0, "AltMode": -1, "Base": 0.0, "Snippet": null, "PopupInfo": null, "HasLabel": -1, "LabelID": 0 }, "geometry": { "type": "Point", "coordinates": [ 77.501952700000061, 13.05899850000003, 0.0 ] } },
{ "type": "Feature", "properties": { "OID_": 0, "Name": "Placemark", "FolderPath": "BBMP dry waste collection centres", "SymbolID": 0, "AltMode": -1, "Base": 0.0, "Snippet": null, "PopupInfo": null, "HasLabel": -1, "LabelID": 0 }, "geometry": { "type": "Point", "coordinates": [ 77.510084900000038, 13.052991300000031, 0.0 ] } },
{ "type": "Feature", "properties": { "OID_": 0, "Name": "Placemark", "FolderPath": "BBMP dry waste collection centres", "SymbolID": 0, "AltMode": -1, "Base": 0.0, "Snippet": null, "PopupInfo": null, "HasLabel": -1, "LabelID": 0 }, "geometry": { "type": "Point", "coordinates": [ 77.524361200000044, 13.075800600000036, 0.0 ] } },
{ "type": "Feature", "properties": { "OID_": 0, "Name": "Placemark", "FolderPath": "BBMP dry waste collection centres", "SymbolID": 0, "AltMode": -1, "Base": 0.0, "Snippet": null, "PopupInfo": null, "HasLabel": -1, "LabelID": 0 }, "geometry": { "type": "Point", "coordinates": [ 77.539823600000034, 13.080812200000025, 0.0 ] } },
{ "type": "Feature", "properties": { "OID_": 0, "Name": "Placemark", "FolderPath": "BBMP dry waste collection centres", "SymbolID": 0, "AltMode": -1, "Base": 0.0, "Snippet": null, "PopupInfo": null, "HasLabel": -1, "LabelID": 0 }, "geometry": { "type": "Point", "coordinates": [ 77.566736800000058, 13.098904, 0.0 ] } },
{ "type": "Feature", "properties": { "OID_": 0, "Name": "Placemark", "FolderPath": "BBMP dry waste collection centres", "SymbolID": 0, "AltMode": -1, "Base": 0.0, "Snippet": null, "PopupInfo": null, "HasLabel": -1, "LabelID": 0 }, "geometry": { "type": "Point", "coordinates": [ 77.576784900000064, 13.108365200000037, 0.0 ] } },
{ "type": "Feature", "properties": { "OID_": 0, "Name": "Placemark", "FolderPath": "BBMP dry waste collection centres", "SymbolID": 0, "AltMode": -1, "Base": 0.0, "Snippet": null, "PopupInfo": null, "HasLabel": -1, "LabelID": 0 }, "geometry": { "type": "Point", "coordinates": [ 77.578976400000045, 13.094001100000071, 0.0 ] } },
{ "type": "Feature", "properties": { "OID_": 0, "Name": "Placemark", "FolderPath": "BBMP dry waste collection centres", "SymbolID": 0, "AltMode": -1, "Base": 0.0, "Snippet": null, "PopupInfo": null, "HasLabel": -1, "LabelID": 0 }, "geometry": { "type": "Point", "coordinates": [ 77.587408100000061, 13.098123600000065, 0.0 ] } },
{ "type": "Feature", "properties": { "OID_": 0, "Name": "Placemark", "FolderPath": "BBMP dry waste collection centres", "SymbolID": 0, "AltMode": -1, "Base": 0.0, "Snippet": null, "PopupInfo": null, "HasLabel": -1, "LabelID": 0 }, "geometry": { "type": "Point", "coordinates": [ 77.600362800000084, 13.105642300000056, 0.0 ] } },
{ "type": "Feature", "properties": { "OID_": 0, "Name": "Placemark", "FolderPath": "BBMP dry waste collection centres", "SymbolID": 0, "AltMode": -1, "Base": 0.0, "Snippet": null, "PopupInfo": null, "HasLabel": -1, "LabelID": 0 }, "geometry": { "type": "Point", "coordinates": [ 77.610211100000072, 13.114530200000047, 0.0 ] } },
{ "type": "Feature", "properties": { "OID_": 0, "Name": "Placemark", "FolderPath": "BBMP dry waste collection centres", "SymbolID": 0, "AltMode": -1, "Base": 0.0, "Snippet": null, "PopupInfo": null, "HasLabel": -1, "LabelID": 0 }, "geometry": { "type": "Point", "coordinates": [ 77.582168, 13.04069, 0.0 ] } },
{ "type": "Feature", "properties": { "OID_": 0, "Name": "Placemark", "FolderPath": "BBMP dry waste collection centres", "SymbolID": 0, "AltMode": -1, "Base": 0.0, "Snippet": null, "PopupInfo": null, "HasLabel": -1, "LabelID": 0 }, "geometry": { "type": "Point", "coordinates": [ 77.630249400000082, 13.072448800000075, 0.0 ] } },
{ "type": "Feature", "properties": { "OID_": 0, "Name": "Placemark", "FolderPath": "BBMP dry waste collection centres", "SymbolID": 0, "AltMode": -1, "Base": 0.0, "Snippet": null, "PopupInfo": null, "HasLabel": -1, "LabelID": 0 }, "geometry": { "type": "Point", "coordinates": [ 77.599054600000045, 13.07391210000003, 0.0 ] } },
{ "type": "Feature", "properties": { "OID_": 0, "Name": "Placemark", "FolderPath": "BBMP dry waste collection centres", "SymbolID": 0, "AltMode": -1, "Base": 0.0, "Snippet": null, "PopupInfo": null, "HasLabel": -1, "LabelID": 0 }, "geometry": { "type": "Point", "coordinates": [ 77.596281100000056, 13.051184100000057, 0.0 ] } },
{ "type": "Feature", "properties": { "OID_": 0, "Name": "Placemark", "FolderPath": "BBMP dry waste collection centres", "SymbolID": 0, "AltMode": -1, "Base": 0.0, "Snippet": null, "PopupInfo": null, "HasLabel": -1, "LabelID": 0 }, "geometry": { "type": "Point", "coordinates": [ 77.567848, 13.055483800000047, 0.0 ] } },
{ "type": "Feature", "properties": { "OID_": 0, "Name": "Placemark", "FolderPath": "BBMP dry waste collection centres", "SymbolID": 0, "AltMode": -1, "Base": 0.0, "Snippet": null, "PopupInfo": null, "HasLabel": -1, "LabelID": 0 }, "geometry": { "type": "Point", "coordinates": [ 77.549924100000055, 13.057573500000046, 0.0 ] } },
{ "type": "Feature", "properties": { "OID_": 0, "Name": "Placemark", "FolderPath": "BBMP dry waste collection centres", "SymbolID": 0, "AltMode": -1, "Base": 0.0, "Snippet": null, "PopupInfo": null, "HasLabel": -1, "LabelID": 0 }, "geometry": { "type": "Point", "coordinates": [ 77.531057900000064, 13.043798800000047, 0.0 ] } },
{ "type": "Feature", "properties": { "OID_": 0, "Name": "Placemark", "FolderPath": "BBMP dry waste collection centres", "SymbolID": 0, "AltMode": -1, "Base": 0.0, "Snippet": null, "PopupInfo": null, "HasLabel": -1, "LabelID": 0 }, "geometry": { "type": "Point", "coordinates": [ 77.512145500000031, 13.02524180000006, 0.0 ] } },
{ "type": "Feature", "properties": { "OID_": 0, "Name": "Placemark", "FolderPath": "BBMP dry waste collection centres", "SymbolID": 0, "AltMode": -1, "Base": 0.0, "Snippet": null, "PopupInfo": null, "HasLabel": -1, "LabelID": 0 }, "geometry": { "type": "Point", "coordinates": [ 77.518449800000042, 13.012176500000066, 0.0 ] } },
{ "type": "Feature", "properties": { "OID_": 0, "Name": "Placemark", "FolderPath": "BBMP dry waste collection centres", "SymbolID": 0, "AltMode": -1, "Base": 0.0, "Snippet": null, "PopupInfo": null, "HasLabel": -1, "LabelID": 0 }, "geometry": { "type": "Point", "coordinates": [ 77.529532300000085, 13.008817600000043, 0.0 ] } },
{ "type": "Feature", "properties": { "OID_": 0, "Name": "Placemark", "FolderPath": "BBMP dry waste collection centres", "SymbolID": 0, "AltMode": -1, "Base": 0.0, "Snippet": null, "PopupInfo": null, "HasLabel": -1, "LabelID": 0 }, "geometry": { "type": "Point", "coordinates": [ 77.526080300000046, 13.014588300000071, 0.0 ] } },
{ "type": "Feature", "properties": { "OID_": 0, "Name": "Placemark", "FolderPath": "BBMP dry waste collection centres", "SymbolID": 0, "AltMode": -1, "Base": 0.0, "Snippet": null, "PopupInfo": null, "HasLabel": -1, "LabelID": 0 }, "geometry": { "type": "Point", "coordinates": [ 77.586098, 13.02408, 0.0 ] } },
{ "type": "Feature", "properties": { "OID_": 0, "Name": "Placemark", "FolderPath": "BBMP dry waste collection centres", "SymbolID": 0, "AltMode": -1, "Base": 0.0, "Snippet": null, "PopupInfo": null, "HasLabel": -1, "LabelID": 0 }, "geometry": { "type": "Point", "coordinates": [ 77.537545100000045, 13.010460500000022, 0.0 ] } },
{ "type": "Feature", "properties": { "OID_": 0, "Name": "Placemark", "FolderPath": "BBMP dry waste collection centres", "SymbolID": 0, "AltMode": -1, "Base": 0.0, "Snippet": null, "PopupInfo": null, "HasLabel": -1, "LabelID": 0 }, "geometry": { "type": "Point", "coordinates": [ 77.537104100000079, 13.02461610000006, 0.0 ] } },
{ "type": "Feature", "properties": { "OID_": 0, "Name": "Placemark", "FolderPath": "BBMP dry waste collection centres", "SymbolID": 0, "AltMode": -1, "Base": 0.0, "Snippet": null, "PopupInfo": null, "HasLabel": -1, "LabelID": 0 }, "geometry": { "type": "Point", "coordinates": [ 77.548100700000077, 13.012843, 0.0 ] } },
{ "type": "Feature", "properties": { "OID_": 0, "Name": "Placemark", "FolderPath": "BBMP dry waste collection centres", "SymbolID": 0, "AltMode": -1, "Base": 0.0, "Snippet": null, "PopupInfo": null, "HasLabel": -1, "LabelID": 0 }, "geometry": { "type": "Point", "coordinates": [ 77.548077800000044, 13.029671700000051, 0.0 ] } },
{ "type": "Feature", "properties": { "OID_": 0, "Name": "Placemark", "FolderPath": "BBMP dry waste collection centres", "SymbolID": 0, "AltMode": -1, "Base": 0.0, "Snippet": null, "PopupInfo": null, "HasLabel": -1, "LabelID": 0 }, "geometry": { "type": "Point", "coordinates": [ 77.55941050000007, 13.031663500000036, 0.0 ] } },
{ "type": "Feature", "properties": { "OID_": 0, "Name": "Placemark", "FolderPath": "BBMP dry waste collection centres", "SymbolID": 0, "AltMode": -1, "Base": 0.0, "Snippet": null, "PopupInfo": null, "HasLabel": -1, "LabelID": 0 }, "geometry": { "type": "Point", "coordinates": [ 77.562201800000082, 13.037564100000054, 0.0 ] } },
{ "type": "Feature", "properties": { "OID_": 0, "Name": "Placemark", "FolderPath": "BBMP dry waste collection centres", "SymbolID": 0, "AltMode": -1, "Base": 0.0, "Snippet": null, "PopupInfo": null, "HasLabel": -1, "LabelID": 0 }, "geometry": { "type": "Point", "coordinates": [ 77.566259800000068, 13.033890500000041, 0.0 ] } },
{ "type": "Feature", "properties": { "OID_": 0, "Name": "Placemark", "FolderPath": "BBMP dry waste collection centres", "SymbolID": 0, "AltMode": -1, "Base": 0.0, "Snippet": null, "PopupInfo": null, "HasLabel": -1, "LabelID": 0 }, "geometry": { "type": "Point", "coordinates": [ 77.597273700000073, 13.036574400000063, 0.0 ] } },
{ "type": "Feature", "properties": { "OID_": 0, "Name": "Placemark", "FolderPath": "BBMP dry waste collection centres", "SymbolID": 0, "AltMode": -1, "Base": 0.0, "Snippet": null, "PopupInfo": null, "HasLabel": -1, "LabelID": 0 }, "geometry": { "type": "Point", "coordinates": [ 77.591004200000043, 13.027853, 0.0 ] } },
{ "type": "Feature", "properties": { "OID_": 0, "Name": "Placemark", "FolderPath": "BBMP dry waste collection centres", "SymbolID": 0, "AltMode": -1, "Base": 0.0, "Snippet": null, "PopupInfo": null, "HasLabel": -1, "LabelID": 0 }, "geometry": { "type": "Point", "coordinates": [ 77.589325700000074, 13.029838700000028, 0.0 ] } },
{ "type": "Feature", "properties": { "OID_": 0, "Name": "Placemark", "FolderPath": "BBMP dry waste collection centres", "SymbolID": 0, "AltMode": -1, "Base": 0.0, "Snippet": null, "PopupInfo": null, "HasLabel": -1, "LabelID": 0 }, "geometry": { "type": "Point", "coordinates": [ 77.590921, 13.03172, 0.0 ] } },
{ "type": "Feature", "properties": { "OID_": 0, "Name": "Placemark", "FolderPath": "BBMP dry waste collection centres", "SymbolID": 0, "AltMode": -1, "Base": 0.0, "Snippet": null, "PopupInfo": null, "HasLabel": -1, "LabelID": 0 }, "geometry": { "type": "Point", "coordinates": [ 77.581578, 13.027492700000039, 0.0 ] } },
{ "type": "Feature", "properties": { "OID_": 0, "Name": "Placemark", "FolderPath": "BBMP dry waste collection centres", "SymbolID": 0, "AltMode": -1, "Base": 0.0, "Snippet": null, "PopupInfo": null, "HasLabel": -1, "LabelID": 0 }, "geometry": { "type": "Point", "coordinates": [ 77.601148700000067, 13.02305640000003, 0.0 ] } },
{ "type": "Feature", "properties": { "OID_": 0, "Name": "Placemark", "FolderPath": "BBMP dry waste collection centres", "SymbolID": 0, "AltMode": -1, "Base": 0.0, "Snippet": null, "PopupInfo": null, "HasLabel": -1, "LabelID": 0 }, "geometry": { "type": "Point", "coordinates": [ 77.595686400000034, 13.017658900000072, 0.0 ] } },
{ "type": "Feature", "properties": { "OID_": 0, "Name": "Placemark", "FolderPath": "BBMP dry waste collection centres", "SymbolID": 0, "AltMode": -1, "Base": 0.0, "Snippet": null, "PopupInfo": null, "HasLabel": -1, "LabelID": 0 }, "geometry": { "type": "Point", "coordinates": [ 77.59518840000004, 13.014331900000059, 0.0 ] } },
{ "type": "Feature", "properties": { "OID_": 0, "Name": "Placemark", "FolderPath": "BBMP dry waste collection centres", "SymbolID": 0, "AltMode": -1, "Base": 0.0, "Snippet": null, "PopupInfo": null, "HasLabel": -1, "LabelID": 0 }, "geometry": { "type": "Point", "coordinates": [ 77.59937560000003, 13.015955900000051, 0.0 ] } },
{ "type": "Feature", "properties": { "OID_": 0, "Name": "Placemark", "FolderPath": "BBMP dry waste collection centres", "SymbolID": 0, "AltMode": -1, "Base": 0.0, "Snippet": null, "PopupInfo": null, "HasLabel": -1, "LabelID": 0 }, "geometry": { "type": "Point", "coordinates": [ 77.605551600000069, 13.015742500000044, 0.0 ] } },
{ "type": "Feature", "properties": { "OID_": 0, "Name": "Placemark", "FolderPath": "BBMP dry waste collection centres", "SymbolID": 0, "AltMode": -1, "Base": 0.0, "Snippet": null, "PopupInfo": null, "HasLabel": -1, "LabelID": 0 }, "geometry": { "type": "Point", "coordinates": [ 77.610281600000064, 13.024933400000066, 0.0 ] } },
{ "type": "Feature", "properties": { "OID_": 0, "Name": "Placemark", "FolderPath": "BBMP dry waste collection centres", "SymbolID": 0, "AltMode": -1, "Base": 0.0, "Snippet": null, "PopupInfo": null, "HasLabel": -1, "LabelID": 0 }, "geometry": { "type": "Point", "coordinates": [ 77.613782700000058, 13.034742300000062, 0.0 ] } },
{ "type": "Feature", "properties": { "OID_": 0, "Name": "Placemark", "FolderPath": "BBMP dry waste collection centres", "SymbolID": 0, "AltMode": -1, "Base": 0.0, "Snippet": null, "PopupInfo": null, "HasLabel": -1, "LabelID": 0 }, "geometry": { "type": "Point", "coordinates": [ 77.622266300000035, 13.033596400000022, 0.0 ] } },
{ "type": "Feature", "properties": { "OID_": 0, "Name": "Placemark", "FolderPath": "BBMP dry waste collection centres", "SymbolID": 0, "AltMode": -1, "Base": 0.0, "Snippet": null, "PopupInfo": null, "HasLabel": -1, "LabelID": 0 }, "geometry": { "type": "Point", "coordinates": [ 77.662113300000044, 13.033189800000059, 0.0 ] } },
{ "type": "Feature", "properties": { "OID_": 0, "Name": "Placemark", "FolderPath": "BBMP dry waste collection centres", "SymbolID": 0, "AltMode": -1, "Base": 0.0, "Snippet": null, "PopupInfo": null, "HasLabel": -1, "LabelID": 0 }, "geometry": { "type": "Point", "coordinates": [ 77.561771, 13.03763, 0.0 ] } },
{ "type": "Feature", "properties": { "OID_": 0, "Name": "Placemark", "FolderPath": "BBMP dry waste collection centres", "SymbolID": 0, "AltMode": -1, "Base": 0.0, "Snippet": null, "PopupInfo": null, "HasLabel": -1, "LabelID": 0 }, "geometry": { "type": "Point", "coordinates": [ 77.662822400000039, 13.027276100000051, 0.0 ] } },
{ "type": "Feature", "properties": { "OID_": 0, "Name": "Placemark", "FolderPath": "BBMP dry waste collection centres", "SymbolID": 0, "AltMode": -1, "Base": 0.0, "Snippet": null, "PopupInfo": null, "HasLabel": -1, "LabelID": 0 }, "geometry": { "type": "Point", "coordinates": [ 77.708542200000068, 13.027407900000071, 0.0 ] } },
{ "type": "Feature", "properties": { "OID_": 0, "Name": "Placemark", "FolderPath": "BBMP dry waste collection centres", "SymbolID": 0, "AltMode": -1, "Base": 0.0, "Snippet": null, "PopupInfo": null, "HasLabel": -1, "LabelID": 0 }, "geometry": { "type": "Point", "coordinates": [ 77.703659500000072, 13.018675400000063, 0.0 ] } },
{ "type": "Feature", "properties": { "OID_": 0, "Name": "Placemark", "FolderPath": "BBMP dry waste collection centres", "SymbolID": 0, "AltMode": -1, "Base": 0.0, "Snippet": null, "PopupInfo": null, "HasLabel": -1, "LabelID": 0 }, "geometry": { "type": "Point", "coordinates": [ 77.693474300000048, 13.005151800000021, 0.0 ] } },
{ "type": "Feature", "properties": { "OID_": 0, "Name": "Placemark", "FolderPath": "BBMP dry waste collection centres", "SymbolID": 0, "AltMode": -1, "Base": 0.0, "Snippet": null, "PopupInfo": null, "HasLabel": -1, "LabelID": 0 }, "geometry": { "type": "Point", "coordinates": [ 77.714877500000057, 12.985090300000024, 0.0 ] } },
{ "type": "Feature", "properties": { "OID_": 0, "Name": "Placemark", "FolderPath": "BBMP dry waste collection centres", "SymbolID": 0, "AltMode": -1, "Base": 0.0, "Snippet": null, "PopupInfo": null, "HasLabel": -1, "LabelID": 0 }, "geometry": { "type": "Point", "coordinates": [ 77.695438400000057, 12.986807100000021, 0.0 ] } },
{ "type": "Feature", "properties": { "OID_": 0, "Name": "Placemark", "FolderPath": "BBMP dry waste collection centres", "SymbolID": 0, "AltMode": -1, "Base": 0.0, "Snippet": null, "PopupInfo": null, "HasLabel": -1, "LabelID": 0 }, "geometry": { "type": "Point", "coordinates": [ 77.670005700000047, 12.991310100000021, 0.0 ] } },
{ "type": "Feature", "properties": { "OID_": 0, "Name": "Placemark", "FolderPath": "BBMP dry waste collection centres", "SymbolID": 0, "AltMode": -1, "Base": 0.0, "Snippet": null, "PopupInfo": null, "HasLabel": -1, "LabelID": 0 }, "geometry": { "type": "Point", "coordinates": [ 77.660700800000029, 13.002158200000054, 0.0 ] } },
{ "type": "Feature", "properties": { "OID_": 0, "Name": "Placemark", "FolderPath": "BBMP dry waste collection centres", "SymbolID": 0, "AltMode": -1, "Base": 0.0, "Snippet": null, "PopupInfo": null, "HasLabel": -1, "LabelID": 0 }, "geometry": { "type": "Point", "coordinates": [ 77.653026300000079, 13.006628700000022, 0.0 ] } },
{ "type": "Feature", "properties": { "OID_": 0, "Name": "Placemark", "FolderPath": "BBMP dry waste collection centres", "SymbolID": 0, "AltMode": -1, "Base": 0.0, "Snippet": null, "PopupInfo": null, "HasLabel": -1, "LabelID": 0 }, "geometry": { "type": "Point", "coordinates": [ 77.667272300000036, 12.981191500000023, 0.0 ] } },
{ "type": "Feature", "properties": { "OID_": 0, "Name": "Placemark", "FolderPath": "BBMP dry waste collection centres", "SymbolID": 0, "AltMode": -1, "Base": 0.0, "Snippet": null, "PopupInfo": null, "HasLabel": -1, "LabelID": 0 }, "geometry": { "type": "Point", "coordinates": [ 77.576493, 13.10949, 0.0 ] } },
{ "type": "Feature", "properties": { "OID_": 0, "Name": "Placemark", "FolderPath": "BBMP dry waste collection centres", "SymbolID": 0, "AltMode": -1, "Base": 0.0, "Snippet": null, "PopupInfo": null, "HasLabel": -1, "LabelID": 0 }, "geometry": { "type": "Point", "coordinates": [ 77.641867, 13.04253, 0.0 ] } },
{ "type": "Feature", "properties": { "OID_": 0, "Name": "Placemark", "FolderPath": "BBMP dry waste collection centres", "SymbolID": 0, "AltMode": -1, "Base": 0.0, "Snippet": null, "PopupInfo": null, "HasLabel": -1, "LabelID": 0 }, "geometry": { "type": "Point", "coordinates": [ 77.679383, 12.972889, 0.0 ] } },
{ "type": "Feature", "properties": { "OID_": 0, "Name": "Placemark", "FolderPath": "BBMP dry waste collection centres", "SymbolID": 0, "AltMode": -1, "Base": 0.0, "Snippet": null, "PopupInfo": null, "HasLabel": -1, "LabelID": 0 }, "geometry": { "type": "Point", "coordinates": [ 77.69049190000004, 12.972017100000073, 0.0 ] } },
{ "type": "Feature", "properties": { "OID_": 0, "Name": "Placemark", "FolderPath": "BBMP dry waste collection centres", "SymbolID": 0, "AltMode": -1, "Base": 0.0, "Snippet": null, "PopupInfo": null, "HasLabel": -1, "LabelID": 0 }, "geometry": { "type": "Point", "coordinates": [ 77.655973, 12.964193900000055, 0.0 ] } },
{ "type": "Feature", "properties": { "OID_": 0, "Name": "Placemark", "FolderPath": "BBMP dry waste collection centres", "SymbolID": 0, "AltMode": -1, "Base": 0.0, "Snippet": null, "PopupInfo": null, "HasLabel": -1, "LabelID": 0 }, "geometry": { "type": "Point", "coordinates": [ 77.648925, 12.969414900000061, 0.0 ] } },
{ "type": "Feature", "properties": { "OID_": 0, "Name": "Placemark", "FolderPath": "BBMP dry waste collection centres", "SymbolID": 0, "AltMode": -1, "Base": 0.0, "Snippet": null, "PopupInfo": null, "HasLabel": -1, "LabelID": 0 }, "geometry": { "type": "Point", "coordinates": [ 77.636348200000043, 12.97756940000005, 0.0 ] } },
{ "type": "Feature", "properties": { "OID_": 0, "Name": "Placemark", "FolderPath": "BBMP dry waste collection centres", "SymbolID": 0, "AltMode": -1, "Base": 0.0, "Snippet": null, "PopupInfo": null, "HasLabel": -1, "LabelID": 0 }, "geometry": { "type": "Point", "coordinates": [ 77.636452100000042, 12.987412400000039, 0.0 ] } },
{ "type": "Feature", "properties": { "OID_": 0, "Name": "Placemark", "FolderPath": "BBMP dry waste collection centres", "SymbolID": 0, "AltMode": -1, "Base": 0.0, "Snippet": null, "PopupInfo": null, "HasLabel": -1, "LabelID": 0 }, "geometry": { "type": "Point", "coordinates": [ 77.637657700000034, 12.999213, 0.0 ] } },
{ "type": "Feature", "properties": { "OID_": 0, "Name": "Placemark", "FolderPath": "BBMP dry waste collection centres", "SymbolID": 0, "AltMode": -1, "Base": 0.0, "Snippet": null, "PopupInfo": null, "HasLabel": -1, "LabelID": 0 }, "geometry": { "type": "Point", "coordinates": [ 77.63094760000007, 13.007307900000058, 0.0 ] } },
{ "type": "Feature", "properties": { "OID_": 0, "Name": "Placemark", "FolderPath": "BBMP dry waste collection centres", "SymbolID": 0, "AltMode": -1, "Base": 0.0, "Snippet": null, "PopupInfo": null, "HasLabel": -1, "LabelID": 0 }, "geometry": { "type": "Point", "coordinates": [ 77.624167, 13.008739600000069, 0.0 ] } },
{ "type": "Feature", "properties": { "OID_": 0, "Name": "Placemark", "FolderPath": "BBMP dry waste collection centres", "SymbolID": 0, "AltMode": -1, "Base": 0.0, "Snippet": null, "PopupInfo": null, "HasLabel": -1, "LabelID": 0 }, "geometry": { "type": "Point", "coordinates": [ 77.626883300000031, 13.017344600000058, 0.0 ] } },
{ "type": "Feature", "properties": { "OID_": 0, "Name": "Placemark", "FolderPath": "BBMP dry waste collection centres", "SymbolID": 0, "AltMode": -1, "Base": 0.0, "Snippet": null, "PopupInfo": null, "HasLabel": -1, "LabelID": 0 }, "geometry": { "type": "Point", "coordinates": [ 77.64188, 13.042564, 0.0 ] } },
{ "type": "Feature", "properties": { "OID_": 0, "Name": "Placemark", "FolderPath": "BBMP dry waste collection centres", "SymbolID": 0, "AltMode": -1, "Base": 0.0, "Snippet": null, "PopupInfo": null, "HasLabel": -1, "LabelID": 0 }, "geometry": { "type": "Point", "coordinates": [ 77.618784100000084, 13.010914300000024, 0.0 ] } },
{ "type": "Feature", "properties": { "OID_": 0, "Name": "Placemark", "FolderPath": "BBMP dry waste collection centres", "SymbolID": 0, "AltMode": -1, "Base": 0.0, "Snippet": null, "PopupInfo": null, "HasLabel": -1, "LabelID": 0 }, "geometry": { "type": "Point", "coordinates": [ 77.612293, 13.010525400000063, 0.0 ] } },
{ "type": "Feature", "properties": { "OID_": 0, "Name": "Placemark", "FolderPath": "BBMP dry waste collection centres", "SymbolID": 0, "AltMode": -1, "Base": 0.0, "Snippet": null, "PopupInfo": null, "HasLabel": -1, "LabelID": 0 }, "geometry": { "type": "Point", "coordinates": [ 77.609574100000032, 13.001617200000055, 0.0 ] } },
{ "type": "Feature", "properties": { "OID_": 0, "Name": "Placemark", "FolderPath": "BBMP dry waste collection centres", "SymbolID": 0, "AltMode": -1, "Base": 0.0, "Snippet": null, "PopupInfo": null, "HasLabel": -1, "LabelID": 0 }, "geometry": { "type": "Point", "coordinates": [ 77.617940400000066, 13.004107600000054, 0.0 ] } },
{ "type": "Feature", "properties": { "OID_": 0, "Name": "Placemark", "FolderPath": "BBMP dry waste collection centres", "SymbolID": 0, "AltMode": -1, "Base": 0.0, "Snippet": null, "PopupInfo": null, "HasLabel": -1, "LabelID": 0 }, "geometry": { "type": "Point", "coordinates": [ 77.609354800000062, 12.995409900000027, 0.0 ] } },
{ "type": "Feature", "properties": { "OID_": 0, "Name": "Placemark", "FolderPath": "BBMP dry waste collection centres", "SymbolID": 0, "AltMode": -1, "Base": 0.0, "Snippet": null, "PopupInfo": null, "HasLabel": -1, "LabelID": 0 }, "geometry": { "type": "Point", "coordinates": [ 77.608030800000051, 12.986942, 0.0 ] } },
{ "type": "Feature", "properties": { "OID_": 0, "Name": "Placemark", "FolderPath": "BBMP dry waste collection centres", "SymbolID": 0, "AltMode": -1, "Base": 0.0, "Snippet": null, "PopupInfo": null, "HasLabel": -1, "LabelID": 0 }, "geometry": { "type": "Point", "coordinates": [ 77.603202700000054, 12.98305270000003, 0.0 ] } },
{ "type": "Feature", "properties": { "OID_": 0, "Name": "Placemark", "FolderPath": "BBMP dry waste collection centres", "SymbolID": 0, "AltMode": -1, "Base": 0.0, "Snippet": null, "PopupInfo": null, "HasLabel": -1, "LabelID": 0 }, "geometry": { "type": "Point", "coordinates": [ 77.599933200000066, 12.995353, 0.0 ] } },
{ "type": "Feature", "properties": { "OID_": 0, "Name": "Placemark", "FolderPath": "BBMP dry waste collection centres", "SymbolID": 0, "AltMode": -1, "Base": 0.0, "Snippet": null, "PopupInfo": null, "HasLabel": -1, "LabelID": 0 }, "geometry": { "type": "Point", "coordinates": [ 77.592025600000056, 13.007245300000022, 0.0 ] } },
{ "type": "Feature", "properties": { "OID_": 0, "Name": "Placemark", "FolderPath": "BBMP dry waste collection centres", "SymbolID": 0, "AltMode": -1, "Base": 0.0, "Snippet": null, "PopupInfo": null, "HasLabel": -1, "LabelID": 0 }, "geometry": { "type": "Point", "coordinates": [ 77.575975, 13.008465400000034, 0.0 ] } },
{ "type": "Feature", "properties": { "OID_": 0, "Name": "Placemark", "FolderPath": "BBMP dry waste collection centres", "SymbolID": 0, "AltMode": -1, "Base": 0.0, "Snippet": null, "PopupInfo": null, "HasLabel": -1, "LabelID": 0 }, "geometry": { "type": "Point", "coordinates": [ 77.680775, 13.03784, 0.0 ] } },
{ "type": "Feature", "properties": { "OID_": 0, "Name": "Placemark", "FolderPath": "BBMP dry waste collection centres", "SymbolID": 0, "AltMode": -1, "Base": 0.0, "Snippet": null, "PopupInfo": null, "HasLabel": -1, "LabelID": 0 }, "geometry": { "type": "Point", "coordinates": [ 77.572539900000038, 13.004864600000076, 0.0 ] } },
{ "type": "Feature", "properties": { "OID_": 0, "Name": "Placemark", "FolderPath": "BBMP dry waste collection centres", "SymbolID": 0, "AltMode": -1, "Base": 0.0, "Snippet": null, "PopupInfo": null, "HasLabel": -1, "LabelID": 0 }, "geometry": { "type": "Point", "coordinates": [ 77.560208200000034, 13.007258400000069, 0.0 ] } },
{ "type": "Feature", "properties": { "OID_": 0, "Name": "Placemark", "FolderPath": "BBMP dry waste collection centres", "SymbolID": 0, "AltMode": -1, "Base": 0.0, "Snippet": null, "PopupInfo": null, "HasLabel": -1, "LabelID": 0 }, "geometry": { "type": "Point", "coordinates": [ 77.557475600000032, 12.996834900000067, 0.0 ] } },
{ "type": "Feature", "properties": { "OID_": 0, "Name": "Placemark", "FolderPath": "BBMP dry waste collection centres", "SymbolID": 0, "AltMode": -1, "Base": 0.0, "Snippet": null, "PopupInfo": null, "HasLabel": -1, "LabelID": 0 }, "geometry": { "type": "Point", "coordinates": [ 77.568091, 12.992792200000054, 0.0 ] } },
{ "type": "Feature", "properties": { "OID_": 0, "Name": "Placemark", "FolderPath": "BBMP dry waste collection centres", "SymbolID": 0, "AltMode": -1, "Base": 0.0, "Snippet": null, "PopupInfo": null, "HasLabel": -1, "LabelID": 0 }, "geometry": { "type": "Point", "coordinates": [ 77.572123300000044, 12.994418300000063, 0.0 ] } },
{ "type": "Feature", "properties": { "OID_": 0, "Name": "Placemark", "FolderPath": "BBMP dry waste collection centres", "SymbolID": 0, "AltMode": -1, "Base": 0.0, "Snippet": null, "PopupInfo": null, "HasLabel": -1, "LabelID": 0 }, "geometry": { "type": "Point", "coordinates": [ 77.574673700000062, 12.987123300000064, 0.0 ] } },
{ "type": "Feature", "properties": { "OID_": 0, "Name": "Placemark", "FolderPath": "BBMP dry waste collection centres", "SymbolID": 0, "AltMode": -1, "Base": 0.0, "Snippet": null, "PopupInfo": null, "HasLabel": -1, "LabelID": 0 }, "geometry": { "type": "Point", "coordinates": [ 77.589829300000076, 12.989093, 0.0 ] } },
{ "type": "Feature", "properties": { "OID_": 0, "Name": "Placemark", "FolderPath": "BBMP dry waste collection centres", "SymbolID": 0, "AltMode": -1, "Base": 0.0, "Snippet": null, "PopupInfo": null, "HasLabel": -1, "LabelID": 0 }, "geometry": { "type": "Point", "coordinates": [ 77.579963, 12.975863200000049, 0.0 ] } },
{ "type": "Feature", "properties": { "OID_": 0, "Name": "Placemark", "FolderPath": "BBMP dry waste collection centres", "SymbolID": 0, "AltMode": -1, "Base": 0.0, "Snippet": null, "PopupInfo": null, "HasLabel": -1, "LabelID": 0 }, "geometry": { "type": "Point", "coordinates": [ 77.540552500000047, 13.003362200000026, 0.0 ] } },
{ "type": "Feature", "properties": { "OID_": 0, "Name": "Placemark", "FolderPath": "BBMP dry waste collection centres", "SymbolID": 0, "AltMode": -1, "Base": 0.0, "Snippet": null, "PopupInfo": null, "HasLabel": -1, "LabelID": 0 }, "geometry": { "type": "Point", "coordinates": [ 77.536333400000046, 12.998556800000074, 0.0 ] } },
{ "type": "Feature", "properties": { "OID_": 0, "Name": "Placemark", "FolderPath": "BBMP dry waste collection centres", "SymbolID": 0, "AltMode": -1, "Base": 0.0, "Snippet": null, "PopupInfo": null, "HasLabel": -1, "LabelID": 0 }, "geometry": { "type": "Point", "coordinates": [ 77.680788, 13.03782, 0.0 ] } },
{ "type": "Feature", "properties": { "OID_": 0, "Name": "Placemark", "FolderPath": "BBMP dry waste collection centres", "SymbolID": 0, "AltMode": -1, "Base": 0.0, "Snippet": null, "PopupInfo": null, "HasLabel": -1, "LabelID": 0 }, "geometry": { "type": "Point", "coordinates": [ 77.532270400000073, 12.993901300000061, 0.0 ] } },
{ "type": "Feature", "properties": { "OID_": 0, "Name": "Placemark", "FolderPath": "BBMP dry waste collection centres", "SymbolID": 0, "AltMode": -1, "Base": 0.0, "Snippet": null, "PopupInfo": null, "HasLabel": -1, "LabelID": 0 }, "geometry": { "type": "Point", "coordinates": [ 77.524034800000038, 12.988983300000029, 0.0 ] } },
{ "type": "Feature", "properties": { "OID_": 0, "Name": "Placemark", "FolderPath": "BBMP dry waste collection centres", "SymbolID": 0, "AltMode": -1, "Base": 0.0, "Snippet": null, "PopupInfo": null, "HasLabel": -1, "LabelID": 0 }, "geometry": { "type": "Point", "coordinates": [ 77.518400400000075, 12.98161650000003, 0.0 ] } },
{ "type": "Feature", "properties": { "OID_": 0, "Name": "Placemark", "FolderPath": "BBMP dry waste collection centres", "SymbolID": 0, "AltMode": -1, "Base": 0.0, "Snippet": null, "PopupInfo": null, "HasLabel": -1, "LabelID": 0 }, "geometry": { "type": "Point", "coordinates": [ 77.512076400000069, 12.982435, 0.0 ] } },
{ "type": "Feature", "properties": { "OID_": 0, "Name": "Placemark", "FolderPath": "BBMP dry waste collection centres", "SymbolID": 0, "AltMode": -1, "Base": 0.0, "Snippet": null, "PopupInfo": null, "HasLabel": -1, "LabelID": 0 }, "geometry": { "type": "Point", "coordinates": [ 77.509788800000081, 12.985334800000032, 0.0 ] } },
{ "type": "Feature", "properties": { "OID_": 0, "Name": "Placemark", "FolderPath": "BBMP dry waste collection centres", "SymbolID": 0, "AltMode": -1, "Base": 0.0, "Snippet": null, "PopupInfo": null, "HasLabel": -1, "LabelID": 0 }, "geometry": { "type": "Point", "coordinates": [ 77.504162500000064, 12.978724800000066, 0.0 ] } },
{ "type": "Feature", "properties": { "OID_": 0, "Name": "Placemark", "FolderPath": "BBMP dry waste collection centres", "SymbolID": 0, "AltMode": -1, "Base": 0.0, "Snippet": null, "PopupInfo": null, "HasLabel": -1, "LabelID": 0 }, "geometry": { "type": "Point", "coordinates": [ 77.494198600000061, 12.986242200000049, 0.0 ] } },
{ "type": "Feature", "properties": { "OID_": 0, "Name": "Placemark", "FolderPath": "BBMP dry waste collection centres", "SymbolID": 0, "AltMode": -1, "Base": 0.0, "Snippet": null, "PopupInfo": null, "HasLabel": -1, "LabelID": 0 }, "geometry": { "type": "Point", "coordinates": [ 77.476376900000048, 12.964601800000025, 0.0 ] } },
{ "type": "Feature", "properties": { "OID_": 0, "Name": "Placemark", "FolderPath": "BBMP dry waste collection centres", "SymbolID": 0, "AltMode": -1, "Base": 0.0, "Snippet": null, "PopupInfo": null, "HasLabel": -1, "LabelID": 0 }, "geometry": { "type": "Point", "coordinates": [ 77.520312200000035, 12.956758500000035, 0.0 ] } },
{ "type": "Feature", "properties": { "OID_": 0, "Name": "Placemark", "FolderPath": "BBMP dry waste collection centres", "SymbolID": 0, "AltMode": -1, "Base": 0.0, "Snippet": null, "PopupInfo": null, "HasLabel": -1, "LabelID": 0 }, "geometry": { "type": "Point", "coordinates": [ 77.519830200000058, 12.970243100000062, 0.0 ] } },
{ "type": "Feature", "properties": { "OID_": 0, "Name": "Placemark", "FolderPath": "BBMP dry waste collection centres", "SymbolID": 0, "AltMode": -1, "Base": 0.0, "Snippet": null, "PopupInfo": null, "HasLabel": -1, "LabelID": 0 }, "geometry": { "type": "Point", "coordinates": [ 77.638077, 13.02487, 0.0 ] } },
{ "type": "Feature", "properties": { "OID_": 0, "Name": "Placemark", "FolderPath": "BBMP dry waste collection centres", "SymbolID": 0, "AltMode": -1, "Base": 0.0, "Snippet": null, "PopupInfo": null, "HasLabel": -1, "LabelID": 0 }, "geometry": { "type": "Point", "coordinates": [ 77.525352700000042, 12.966554500000029, 0.0 ] } },
{ "type": "Feature", "properties": { "OID_": 0, "Name": "Placemark", "FolderPath": "BBMP dry waste collection centres", "SymbolID": 0, "AltMode": -1, "Base": 0.0, "Snippet": null, "PopupInfo": null, "HasLabel": -1, "LabelID": 0 }, "geometry": { "type": "Point", "coordinates": [ 77.531546300000059, 12.968160400000045, 0.0 ] } },
{ "type": "Feature", "properties": { "OID_": 0, "Name": "Placemark", "FolderPath": "BBMP dry waste collection centres", "SymbolID": 0, "AltMode": -1, "Base": 0.0, "Snippet": null, "PopupInfo": null, "HasLabel": -1, "LabelID": 0 }, "geometry": { "type": "Point", "coordinates": [ 77.531567800000062, 12.970280600000024, 0.0 ] } },
{ "type": "Feature", "properties": { "OID_": 0, "Name": "Placemark", "FolderPath": "BBMP dry waste collection centres", "SymbolID": 0, "AltMode": -1, "Base": 0.0, "Snippet": null, "PopupInfo": null, "HasLabel": -1, "LabelID": 0 }, "geometry": { "type": "Point", "coordinates": [ 77.533636600000079, 12.976318800000058, 0.0 ] } },
{ "type": "Feature", "properties": { "OID_": 0, "Name": "Placemark", "FolderPath": "BBMP dry waste collection centres", "SymbolID": 0, "AltMode": -1, "Base": 0.0, "Snippet": null, "PopupInfo": null, "HasLabel": -1, "LabelID": 0 }, "geometry": { "type": "Point", "coordinates": [ 77.538817800000061, 12.969452600000068, 0.0 ] } },
{ "type": "Feature", "properties": { "OID_": 0, "Name": "Placemark", "FolderPath": "BBMP dry waste collection centres", "SymbolID": 0, "AltMode": -1, "Base": 0.0, "Snippet": null, "PopupInfo": null, "HasLabel": -1, "LabelID": 0 }, "geometry": { "type": "Point", "coordinates": [ 77.543285200000071, 12.968348800000058, 0.0 ] } },
{ "type": "Feature", "properties": { "OID_": 0, "Name": "Placemark", "FolderPath": "BBMP dry waste collection centres", "SymbolID": 0, "AltMode": -1, "Base": 0.0, "Snippet": null, "PopupInfo": null, "HasLabel": -1, "LabelID": 0 }, "geometry": { "type": "Point", "coordinates": [ 77.546027500000037, 12.979832700000031, 0.0 ] } },
{ "type": "Feature", "properties": { "OID_": 0, "Name": "Placemark", "FolderPath": "BBMP dry waste collection centres", "SymbolID": 0, "AltMode": -1, "Base": 0.0, "Snippet": null, "PopupInfo": null, "HasLabel": -1, "LabelID": 0 }, "geometry": { "type": "Point", "coordinates": [ 77.538009700000032, 12.981122800000037, 0.0 ] } },
{ "type": "Feature", "properties": { "OID_": 0, "Name": "Placemark", "FolderPath": "BBMP dry waste collection centres", "SymbolID": 0, "AltMode": -1, "Base": 0.0, "Snippet": null, "PopupInfo": null, "HasLabel": -1, "LabelID": 0 }, "geometry": { "type": "Point", "coordinates": [ 77.535884600000031, 12.984778500000061, 0.0 ] } },
{ "type": "Feature", "properties": { "OID_": 0, "Name": "Placemark", "FolderPath": "BBMP dry waste collection centres", "SymbolID": 0, "AltMode": -1, "Base": 0.0, "Snippet": null, "PopupInfo": null, "HasLabel": -1, "LabelID": 0 }, "geometry": { "type": "Point", "coordinates": [ 77.547384800000032, 12.991784500000051, 0.0 ] } },
{ "type": "Feature", "properties": { "OID_": 0, "Name": "Placemark", "FolderPath": "BBMP dry waste collection centres", "SymbolID": 0, "AltMode": -1, "Base": 0.0, "Snippet": null, "PopupInfo": null, "HasLabel": -1, "LabelID": 0 }, "geometry": { "type": "Point", "coordinates": [ 77.618808, 13.00957, 0.0 ] } },
{ "type": "Feature", "properties": { "OID_": 0, "Name": "Placemark", "FolderPath": "BBMP dry waste collection centres", "SymbolID": 0, "AltMode": -1, "Base": 0.0, "Snippet": null, "PopupInfo": null, "HasLabel": -1, "LabelID": 0 }, "geometry": { "type": "Point", "coordinates": [ 77.551213200000063, 12.988566400000025, 0.0 ] } },
{ "type": "Feature", "properties": { "OID_": 0, "Name": "Placemark", "FolderPath": "BBMP dry waste collection centres", "SymbolID": 0, "AltMode": -1, "Base": 0.0, "Snippet": null, "PopupInfo": null, "HasLabel": -1, "LabelID": 0 }, "geometry": { "type": "Point", "coordinates": [ 77.556927, 12.988510200000064, 0.0 ] } },
{ "type": "Feature", "properties": { "OID_": 0, "Name": "Placemark", "FolderPath": "BBMP dry waste collection centres", "SymbolID": 0, "AltMode": -1, "Base": 0.0, "Snippet": null, "PopupInfo": null, "HasLabel": -1, "LabelID": 0 }, "geometry": { "type": "Point", "coordinates": [ 77.561096600000042, 12.988469100000032, 0.0 ] } },
{ "type": "Feature", "properties": { "OID_": 0, "Name": "Placemark", "FolderPath": "BBMP dry waste collection centres", "SymbolID": 0, "AltMode": -1, "Base": 0.0, "Snippet": null, "PopupInfo": null, "HasLabel": -1, "LabelID": 0 }, "geometry": { "type": "Point", "coordinates": [ 77.563346200000069, 12.981934300000034, 0.0 ] } },
{ "type": "Feature", "properties": { "OID_": 0, "Name": "Placemark", "FolderPath": "BBMP dry waste collection centres", "SymbolID": 0, "AltMode": -1, "Base": 0.0, "Snippet": null, "PopupInfo": null, "HasLabel": -1, "LabelID": 0 }, "geometry": { "type": "Point", "coordinates": [ 77.565135600000076, 12.975707, 0.0 ] } },
{ "type": "Feature", "properties": { "OID_": 0, "Name": "Placemark", "FolderPath": "BBMP dry waste collection centres", "SymbolID": 0, "AltMode": -1, "Base": 0.0, "Snippet": null, "PopupInfo": null, "HasLabel": -1, "LabelID": 0 }, "geometry": { "type": "Point", "coordinates": [ 77.566299500000071, 12.968728600000077, 0.0 ] } },
{ "type": "Feature", "properties": { "OID_": 0, "Name": "Placemark", "FolderPath": "BBMP dry waste collection centres", "SymbolID": 0, "AltMode": -1, "Base": 0.0, "Snippet": null, "PopupInfo": null, "HasLabel": -1, "LabelID": 0 }, "geometry": { "type": "Point", "coordinates": [ 77.564705700000047, 12.963897800000041, 0.0 ] } },
{ "type": "Feature", "properties": { "OID_": 0, "Name": "Placemark", "FolderPath": "BBMP dry waste collection centres", "SymbolID": 0, "AltMode": -1, "Base": 0.0, "Snippet": null, "PopupInfo": null, "HasLabel": -1, "LabelID": 0 }, "geometry": { "type": "Point", "coordinates": [ 77.562581100000045, 12.967553600000031, 0.0 ] } },
{ "type": "Feature", "properties": { "OID_": 0, "Name": "Placemark", "FolderPath": "BBMP dry waste collection centres", "SymbolID": 0, "AltMode": -1, "Base": 0.0, "Snippet": null, "PopupInfo": null, "HasLabel": -1, "LabelID": 0 }, "geometry": { "type": "Point", "coordinates": [ 77.561411900000053, 12.958932200000049, 0.0 ] } },
{ "type": "Feature", "properties": { "OID_": 0, "Name": "Placemark", "FolderPath": "BBMP dry waste collection centres", "SymbolID": 0, "AltMode": -1, "Base": 0.0, "Snippet": null, "PopupInfo": null, "HasLabel": -1, "LabelID": 0 }, "geometry": { "type": "Point", "coordinates": [ 77.561700600000052, 12.956960400000071, 0.0 ] } },
{ "type": "Feature", "properties": { "OID_": 0, "Name": "Placemark", "FolderPath": "BBMP dry waste collection centres", "SymbolID": 0, "AltMode": -1, "Base": 0.0, "Snippet": null, "PopupInfo": null, "HasLabel": -1, "LabelID": 0 }, "geometry": { "type": "Point", "coordinates": [ 77.616148, 13.02775, 0.0 ] } },
{ "type": "Feature", "properties": { "OID_": 0, "Name": "Placemark", "FolderPath": "BBMP dry waste collection centres", "SymbolID": 0, "AltMode": -1, "Base": 0.0, "Snippet": null, "PopupInfo": null, "HasLabel": -1, "LabelID": 0 }, "geometry": { "type": "Point", "coordinates": [ 77.55334090000008, 12.954922100000033, 0.0 ] } },
{ "type": "Feature", "properties": { "OID_": 0, "Name": "Placemark", "FolderPath": "BBMP dry waste collection centres", "SymbolID": 0, "AltMode": -1, "Base": 0.0, "Snippet": null, "PopupInfo": null, "HasLabel": -1, "LabelID": 0 }, "geometry": { "type": "Point", "coordinates": [ 77.544053200000064, 12.952741200000048, 0.0 ] } },
{ "type": "Feature", "properties": { "OID_": 0, "Name": "Placemark", "FolderPath": "BBMP dry waste collection centres", "SymbolID": 0, "AltMode": -1, "Base": 0.0, "Snippet": null, "PopupInfo": null, "HasLabel": -1, "LabelID": 0 }, "geometry": { "type": "Point", "coordinates": [ 77.53777, 12.957497700000033, 0.0 ] } },
{ "type": "Feature", "properties": { "OID_": 0, "Name": "Placemark", "FolderPath": "BBMP dry waste collection centres", "SymbolID": 0, "AltMode": -1, "Base": 0.0, "Snippet": null, "PopupInfo": null, "HasLabel": -1, "LabelID": 0 }, "geometry": { "type": "Point", "coordinates": [ 77.548933900000065, 12.961932300000058, 0.0 ] } },
{ "type": "Feature", "properties": { "OID_": 0, "Name": "Placemark", "FolderPath": "BBMP dry waste collection centres", "SymbolID": 0, "AltMode": -1, "Base": 0.0, "Snippet": null, "PopupInfo": null, "HasLabel": -1, "LabelID": 0 }, "geometry": { "type": "Point", "coordinates": [ 77.553430400000082, 12.963705700000048, 0.0 ] } },
{ "type": "Feature", "properties": { "OID_": 0, "Name": "Placemark", "FolderPath": "BBMP dry waste collection centres", "SymbolID": 0, "AltMode": -1, "Base": 0.0, "Snippet": null, "PopupInfo": null, "HasLabel": -1, "LabelID": 0 }, "geometry": { "type": "Point", "coordinates": [ 77.556237700000054, 12.966404400000044, 0.0 ] } },
{ "type": "Feature", "properties": { "OID_": 0, "Name": "Placemark", "FolderPath": "BBMP dry waste collection centres", "SymbolID": 0, "AltMode": -1, "Base": 0.0, "Snippet": null, "PopupInfo": null, "HasLabel": -1, "LabelID": 0 }, "geometry": { "type": "Point", "coordinates": [ 77.577958600000045, 12.961192100000062, 0.0 ] } },
{ "type": "Feature", "properties": { "OID_": 0, "Name": "Placemark", "FolderPath": "BBMP dry waste collection centres", "SymbolID": 0, "AltMode": -1, "Base": 0.0, "Snippet": null, "PopupInfo": null, "HasLabel": -1, "LabelID": 0 }, "geometry": { "type": "Point", "coordinates": [ 77.597193600000082, 12.954639900000075, 0.0 ] } },
{ "type": "Feature", "properties": { "OID_": 0, "Name": "Placemark", "FolderPath": "BBMP dry waste collection centres", "SymbolID": 0, "AltMode": -1, "Base": 0.0, "Snippet": null, "PopupInfo": null, "HasLabel": -1, "LabelID": 0 }, "geometry": { "type": "Point", "coordinates": [ 77.572695100000033, 12.944887100000074, 0.0 ] } },
{ "type": "Feature", "properties": { "OID_": 0, "Name": "Placemark", "FolderPath": "BBMP dry waste collection centres", "SymbolID": 0, "AltMode": -1, "Base": 0.0, "Snippet": null, "PopupInfo": null, "HasLabel": -1, "LabelID": 0 }, "geometry": { "type": "Point", "coordinates": [ 77.578177200000084, 12.937411600000075, 0.0 ] } },
{ "type": "Feature", "properties": { "OID_": 0, "Name": "Placemark", "FolderPath": "BBMP dry waste collection centres", "SymbolID": 0, "AltMode": -1, "Base": 0.0, "Snippet": null, "PopupInfo": null, "HasLabel": -1, "LabelID": 0 }, "geometry": { "type": "Point", "coordinates": [ 77.616167, 13.0278, 0.0 ] } },
{ "type": "Feature", "properties": { "OID_": 0, "Name": "Placemark", "FolderPath": "BBMP dry waste collection centres", "SymbolID": 0, "AltMode": -1, "Base": 0.0, "Snippet": null, "PopupInfo": null, "HasLabel": -1, "LabelID": 0 }, "geometry": { "type": "Point", "coordinates": [ 77.578422200000034, 12.93119960000007, 0.0 ] } },
{ "type": "Feature", "properties": { "OID_": 0, "Name": "Placemark", "FolderPath": "BBMP dry waste collection centres", "SymbolID": 0, "AltMode": -1, "Base": 0.0, "Snippet": null, "PopupInfo": null, "HasLabel": -1, "LabelID": 0 }, "geometry": { "type": "Point", "coordinates": [ 77.586458300000061, 12.931877300000053, 0.0 ] } },
{ "type": "Feature", "properties": { "OID_": 0, "Name": "Placemark", "FolderPath": "BBMP dry waste collection centres", "SymbolID": 0, "AltMode": -1, "Base": 0.0, "Snippet": null, "PopupInfo": null, "HasLabel": -1, "LabelID": 0 }, "geometry": { "type": "Point", "coordinates": [ 77.574407200000053, 12.916093800000056, 0.0 ] } },
{ "type": "Feature", "properties": { "OID_": 0, "Name": "Placemark", "FolderPath": "BBMP dry waste collection centres", "SymbolID": 0, "AltMode": -1, "Base": 0.0, "Snippet": null, "PopupInfo": null, "HasLabel": -1, "LabelID": 0 }, "geometry": { "type": "Point", "coordinates": [ 77.571410400000048, 12.909913700000061, 0.0 ] } },
{ "type": "Feature", "properties": { "OID_": 0, "Name": "Placemark", "FolderPath": "BBMP dry waste collection centres", "SymbolID": 0, "AltMode": -1, "Base": 0.0, "Snippet": null, "PopupInfo": null, "HasLabel": -1, "LabelID": 0 }, "geometry": { "type": "Point", "coordinates": [ 77.575070500000038, 12.905485400000032, 0.0 ] } },
{ "type": "Feature", "properties": { "OID_": 0, "Name": "Placemark", "FolderPath": "BBMP dry waste collection centres", "SymbolID": 0, "AltMode": -1, "Base": 0.0, "Snippet": null, "PopupInfo": null, "HasLabel": -1, "LabelID": 0 }, "geometry": { "type": "Point", "coordinates": [ 77.571336, 12.902644500000065, 0.0 ] } },
{ "type": "Feature", "properties": { "OID_": 0, "Name": "Placemark", "FolderPath": "BBMP dry waste collection centres", "SymbolID": 0, "AltMode": -1, "Base": 0.0, "Snippet": null, "PopupInfo": null, "HasLabel": -1, "LabelID": 0 }, "geometry": { "type": "Point", "coordinates": [ 77.570806400000038, 12.896137200000055, 0.0 ] } },
{ "type": "Feature", "properties": { "OID_": 0, "Name": "Placemark", "FolderPath": "BBMP dry waste collection centres", "SymbolID": 0, "AltMode": -1, "Base": 0.0, "Snippet": null, "PopupInfo": null, "HasLabel": -1, "LabelID": 0 }, "geometry": { "type": "Point", "coordinates": [ 77.563197400000035, 12.906965200000059, 0.0 ] } },
{ "type": "Feature", "properties": { "OID_": 0, "Name": "Placemark", "FolderPath": "BBMP dry waste collection centres", "SymbolID": 0, "AltMode": -1, "Base": 0.0, "Snippet": null, "PopupInfo": null, "HasLabel": -1, "LabelID": 0 }, "geometry": { "type": "Point", "coordinates": [ 77.551073700000074, 12.914202400000022, 0.0 ] } },
{ "type": "Feature", "properties": { "OID_": 0, "Name": "Placemark", "FolderPath": "BBMP dry waste collection centres", "SymbolID": 0, "AltMode": -1, "Base": 0.0, "Snippet": null, "PopupInfo": null, "HasLabel": -1, "LabelID": 0 }, "geometry": { "type": "Point", "coordinates": [ 77.548519100000078, 12.905897200000027, 0.0 ] } },
{ "type": "Feature", "properties": { "OID_": 0, "Name": "Placemark", "FolderPath": "BBMP dry waste collection centres", "SymbolID": 0, "AltMode": -1, "Base": 0.0, "Snippet": null, "PopupInfo": null, "HasLabel": -1, "LabelID": 0 }, "geometry": { "type": "Point", "coordinates": [ 77.560974, 13.03942, 0.0 ] } },
{ "type": "Feature", "properties": { "OID_": 0, "Name": "Placemark", "FolderPath": "BBMP dry waste collection centres", "SymbolID": 0, "AltMode": -1, "Base": 0.0, "Snippet": null, "PopupInfo": null, "HasLabel": -1, "LabelID": 0 }, "geometry": { "type": "Point", "coordinates": [ 77.541573600000049, 12.906116300000065, 0.0 ] } },
{ "type": "Feature", "properties": { "OID_": 0, "Name": "Placemark", "FolderPath": "BBMP dry waste collection centres", "SymbolID": 0, "AltMode": -1, "Base": 0.0, "Snippet": null, "PopupInfo": null, "HasLabel": -1, "LabelID": 0 }, "geometry": { "type": "Point", "coordinates": [ 77.540013, 12.904465400000049, 0.0 ] } },
{ "type": "Feature", "properties": { "OID_": 0, "Name": "Placemark", "FolderPath": "BBMP dry waste collection centres", "SymbolID": 0, "AltMode": -1, "Base": 0.0, "Snippet": null, "PopupInfo": null, "HasLabel": -1, "LabelID": 0 }, "geometry": { "type": "Point", "coordinates": [ 77.546253600000057, 12.895620100000031, 0.0 ] } },
{ "type": "Feature", "properties": { "OID_": 0, "Name": "Placemark", "FolderPath": "BBMP dry waste collection centres", "SymbolID": 0, "AltMode": -1, "Base": 0.0, "Snippet": null, "PopupInfo": null, "HasLabel": -1, "LabelID": 0 }, "geometry": { "type": "Point", "coordinates": [ 77.55246690000007, 12.899346, 0.0 ] } },
{ "type": "Feature", "properties": { "OID_": 0, "Name": "Placemark", "FolderPath": "BBMP dry waste collection centres", "SymbolID": 0, "AltMode": -1, "Base": 0.0, "Snippet": null, "PopupInfo": null, "HasLabel": -1, "LabelID": 0 }, "geometry": { "type": "Point", "coordinates": [ 77.553180700000041, 12.924026500000025, 0.0 ] } },
{ "type": "Feature", "properties": { "OID_": 0, "Name": "Placemark", "FolderPath": "BBMP dry waste collection centres", "SymbolID": 0, "AltMode": -1, "Base": 0.0, "Snippet": null, "PopupInfo": null, "HasLabel": -1, "LabelID": 0 }, "geometry": { "type": "Point", "coordinates": [ 77.553673200000048, 12.926899400000025, 0.0 ] } },
{ "type": "Feature", "properties": { "OID_": 0, "Name": "Placemark", "FolderPath": "BBMP dry waste collection centres", "SymbolID": 0, "AltMode": -1, "Base": 0.0, "Snippet": null, "PopupInfo": null, "HasLabel": -1, "LabelID": 0 }, "geometry": { "type": "Point", "coordinates": [ 77.544554800000071, 12.926079700000059, 0.0 ] } },
{ "type": "Feature", "properties": { "OID_": 0, "Name": "Placemark", "FolderPath": "BBMP dry waste collection centres", "SymbolID": 0, "AltMode": -1, "Base": 0.0, "Snippet": null, "PopupInfo": null, "HasLabel": -1, "LabelID": 0 }, "geometry": { "type": "Point", "coordinates": [ 77.540939900000069, 12.935051, 0.0 ] } },
{ "type": "Feature", "properties": { "OID_": 0, "Name": "Placemark", "FolderPath": "BBMP dry waste collection centres", "SymbolID": 0, "AltMode": -1, "Base": 0.0, "Snippet": null, "PopupInfo": null, "HasLabel": -1, "LabelID": 0 }, "geometry": { "type": "Point", "coordinates": [ 77.54262140000003, 12.933368500000029, 0.0 ] } },
{ "type": "Feature", "properties": { "OID_": 0, "Name": "Placemark", "FolderPath": "BBMP dry waste collection centres", "SymbolID": 0, "AltMode": -1, "Base": 0.0, "Snippet": null, "PopupInfo": null, "HasLabel": -1, "LabelID": 0 }, "geometry": { "type": "Point", "coordinates": [ 77.541933800000038, 12.941705400000046, 0.0 ] } },
{ "type": "Feature", "properties": { "OID_": 0, "Name": "Placemark", "FolderPath": "BBMP dry waste collection centres", "SymbolID": 0, "AltMode": -1, "Base": 0.0, "Snippet": null, "PopupInfo": null, "HasLabel": -1, "LabelID": 0 }, "geometry": { "type": "Point", "coordinates": [ 77.529643, 13.03123, 0.0 ] } },
{ "type": "Feature", "properties": { "OID_": 0, "Name": "Placemark", "FolderPath": "BBMP dry waste collection centres", "SymbolID": 0, "AltMode": -1, "Base": 0.0, "Snippet": null, "PopupInfo": null, "HasLabel": -1, "LabelID": 0 }, "geometry": { "type": "Point", "coordinates": [ 77.549132200000031, 12.935879700000044, 0.0 ] } },
{ "type": "Feature", "properties": { "OID_": 0, "Name": "Placemark", "FolderPath": "BBMP dry waste collection centres", "SymbolID": 0, "AltMode": -1, "Base": 0.0, "Snippet": null, "PopupInfo": null, "HasLabel": -1, "LabelID": 0 }, "geometry": { "type": "Point", "coordinates": [ 77.553450700000042, 12.935383100000024, 0.0 ] } },
{ "type": "Feature", "properties": { "OID_": 0, "Name": "Placemark", "FolderPath": "BBMP dry waste collection centres", "SymbolID": 0, "AltMode": -1, "Base": 0.0, "Snippet": null, "PopupInfo": null, "HasLabel": -1, "LabelID": 0 }, "geometry": { "type": "Point", "coordinates": [ 77.538417400000071, 12.929925900000057, 0.0 ] } },
{ "type": "Feature", "properties": { "OID_": 0, "Name": "Placemark", "FolderPath": "BBMP dry waste collection centres", "SymbolID": 0, "AltMode": -1, "Base": 0.0, "Snippet": null, "PopupInfo": null, "HasLabel": -1, "LabelID": 0 }, "geometry": { "type": "Point", "coordinates": [ 77.527938400000039, 12.93199670000007, 0.0 ] } },
{ "type": "Feature", "properties": { "OID_": 0, "Name": "Placemark", "FolderPath": "BBMP dry waste collection centres", "SymbolID": 0, "AltMode": -1, "Base": 0.0, "Snippet": null, "PopupInfo": null, "HasLabel": -1, "LabelID": 0 }, "geometry": { "type": "Point", "coordinates": [ 77.516582800000037, 12.939073700000051, 0.0 ] } },
{ "type": "Feature", "properties": { "OID_": 0, "Name": "Placemark", "FolderPath": "BBMP dry waste collection centres", "SymbolID": 0, "AltMode": -1, "Base": 0.0, "Snippet": null, "PopupInfo": null, "HasLabel": -1, "LabelID": 0 }, "geometry": { "type": "Point", "coordinates": [ 77.513212900000042, 12.926383400000077, 0.0 ] } },
{ "type": "Feature", "properties": { "OID_": 0, "Name": "Placemark", "FolderPath": "BBMP dry waste collection centres", "SymbolID": 0, "AltMode": -1, "Base": 0.0, "Snippet": null, "PopupInfo": null, "HasLabel": -1, "LabelID": 0 }, "geometry": { "type": "Point", "coordinates": [ 77.503458300000034, 12.95464910000004, 0.0 ] } },
{ "type": "Feature", "properties": { "OID_": 0, "Name": "Placemark", "FolderPath": "BBMP dry waste collection centres", "SymbolID": 0, "AltMode": -1, "Base": 0.0, "Snippet": null, "PopupInfo": null, "HasLabel": -1, "LabelID": 0 }, "geometry": { "type": "Point", "coordinates": [ 77.483030500000041, 12.919099200000062, 0.0 ] } },
{ "type": "Feature", "properties": { "OID_": 0, "Name": "Placemark", "FolderPath": "BBMP dry waste collection centres", "SymbolID": 0, "AltMode": -1, "Base": 0.0, "Snippet": null, "PopupInfo": null, "HasLabel": -1, "LabelID": 0 }, "geometry": { "type": "Point", "coordinates": [ 77.584334900000044, 12.890551500000072, 0.0 ] } },
{ "type": "Feature", "properties": { "OID_": 0, "Name": "Placemark", "FolderPath": "BBMP dry waste collection centres", "SymbolID": 0, "AltMode": -1, "Base": 0.0, "Snippet": null, "PopupInfo": null, "HasLabel": -1, "LabelID": 0 }, "geometry": { "type": "Point", "coordinates": [ 77.589235700000074, 12.886716700000022, 0.0 ] } },
{ "type": "Feature", "properties": { "OID_": 0, "Name": "Placemark", "FolderPath": "BBMP dry waste collection centres", "SymbolID": 0, "AltMode": -1, "Base": 0.0, "Snippet": null, "PopupInfo": null, "HasLabel": -1, "LabelID": 0 }, "geometry": { "type": "Point", "coordinates": [ 77.584508, 13.09053, 0.0 ] } },
{ "type": "Feature", "properties": { "OID_": 0, "Name": "Placemark", "FolderPath": "BBMP dry waste collection centres", "SymbolID": 0, "AltMode": -1, "Base": 0.0, "Snippet": null, "PopupInfo": null, "HasLabel": -1, "LabelID": 0 }, "geometry": { "type": "Point", "coordinates": [ 77.496474, 13.04154, 0.0 ] } },
{ "type": "Feature", "properties": { "OID_": 0, "Name": "Placemark", "FolderPath": "BBMP dry waste collection centres", "SymbolID": 0, "AltMode": -1, "Base": 0.0, "Snippet": null, "PopupInfo": null, "HasLabel": -1, "LabelID": 0 }, "geometry": { "type": "Point", "coordinates": [ 77.514632500000062, 12.883051800000032, 0.0 ] } },
{ "type": "Feature", "properties": { "OID_": 0, "Name": "Placemark", "FolderPath": "BBMP dry waste collection centres", "SymbolID": 0, "AltMode": -1, "Base": 0.0, "Snippet": null, "PopupInfo": null, "HasLabel": -1, "LabelID": 0 }, "geometry": { "type": "Point", "coordinates": [ 77.605855800000029, 12.896547500000054, 0.0 ] } },
{ "type": "Feature", "properties": { "OID_": 0, "Name": "Placemark", "FolderPath": "BBMP dry waste collection centres", "SymbolID": 0, "AltMode": -1, "Base": 0.0, "Snippet": null, "PopupInfo": null, "HasLabel": -1, "LabelID": 0 }, "geometry": { "type": "Point", "coordinates": [ 77.563244400000031, 12.866071600000055, 0.0 ] } },
{ "type": "Feature", "properties": { "OID_": 0, "Name": "Placemark", "FolderPath": "BBMP dry waste collection centres", "SymbolID": 0, "AltMode": -1, "Base": 0.0, "Snippet": null, "PopupInfo": null, "HasLabel": -1, "LabelID": 0 }, "geometry": { "type": "Point", "coordinates": [ 77.583105300000057, 12.876024, 0.0 ] } },
{ "type": "Feature", "properties": { "OID_": 0, "Name": "Placemark", "FolderPath": "BBMP dry waste collection centres", "SymbolID": 0, "AltMode": -1, "Base": 0.0, "Snippet": null, "PopupInfo": null, "HasLabel": -1, "LabelID": 0 }, "geometry": { "type": "Point", "coordinates": [ 77.580213800000081, 12.864996400000052, 0.0 ] } },
{ "type": "Feature", "properties": { "OID_": 0, "Name": "Placemark", "FolderPath": "BBMP dry waste collection centres", "SymbolID": 0, "AltMode": -1, "Base": 0.0, "Snippet": null, "PopupInfo": null, "HasLabel": -1, "LabelID": 0 }, "geometry": { "type": "Point", "coordinates": [ 77.591721500000062, 12.858218900000054, 0.0 ] } },
{ "type": "Feature", "properties": { "OID_": 0, "Name": "Placemark", "FolderPath": "BBMP dry waste collection centres", "SymbolID": 0, "AltMode": -1, "Base": 0.0, "Snippet": null, "PopupInfo": null, "HasLabel": -1, "LabelID": 0 }, "geometry": { "type": "Point", "coordinates": [ 77.587825700000053, 12.854622500000062, 0.0 ] } },
{ "type": "Feature", "properties": { "OID_": 0, "Name": "Placemark", "FolderPath": "BBMP dry waste collection centres", "SymbolID": 0, "AltMode": -1, "Base": 0.0, "Snippet": null, "PopupInfo": null, "HasLabel": -1, "LabelID": 0 }, "geometry": { "type": "Point", "coordinates": [ 77.601426700000047, 12.871299100000044, 0.0 ] } },
{ "type": "Feature", "properties": { "OID_": 0, "Name": "Placemark", "FolderPath": "BBMP dry waste collection centres", "SymbolID": 0, "AltMode": -1, "Base": 0.0, "Snippet": null, "PopupInfo": null, "HasLabel": -1, "LabelID": 0 }, "geometry": { "type": "Point", "coordinates": [ 77.609380100000067, 12.879095500000062, 0.0 ] } },
{ "type": "Feature", "properties": { "OID_": 0, "Name": "Placemark", "FolderPath": "BBMP dry waste collection centres", "SymbolID": 0, "AltMode": -1, "Base": 0.0, "Snippet": null, "PopupInfo": null, "HasLabel": -1, "LabelID": 0 }, "geometry": { "type": "Point", "coordinates": [ 77.617050400000039, 12.889317600000027, 0.0 ] } },
{ "type": "Feature", "properties": { "OID_": 0, "Name": "Placemark", "FolderPath": "BBMP dry waste collection centres", "SymbolID": 0, "AltMode": -1, "Base": 0.0, "Snippet": null, "PopupInfo": null, "HasLabel": -1, "LabelID": 0 }, "geometry": { "type": "Point", "coordinates": [ 77.515071, 13.01462, 0.0 ] } },
{ "type": "Feature", "properties": { "OID_": 0, "Name": "Placemark", "FolderPath": "BBMP dry waste collection centres", "SymbolID": 0, "AltMode": -1, "Base": 0.0, "Snippet": null, "PopupInfo": null, "HasLabel": -1, "LabelID": 0 }, "geometry": { "type": "Point", "coordinates": [ 77.626641300000074, 12.891190300000062, 0.0 ] } },
{ "type": "Feature", "properties": { "OID_": 0, "Name": "Placemark", "FolderPath": "BBMP dry waste collection centres", "SymbolID": 0, "AltMode": -1, "Base": 0.0, "Snippet": null, "PopupInfo": null, "HasLabel": -1, "LabelID": 0 }, "geometry": { "type": "Point", "coordinates": [ 77.619928200000061, 12.883988, 0.0 ] } },
{ "type": "Feature", "properties": { "OID_": 0, "Name": "Placemark", "FolderPath": "BBMP dry waste collection centres", "SymbolID": 0, "AltMode": -1, "Base": 0.0, "Snippet": null, "PopupInfo": null, "HasLabel": -1, "LabelID": 0 }, "geometry": { "type": "Point", "coordinates": [ 77.626755800000069, 12.872560900000053, 0.0 ] } },
{ "type": "Feature", "properties": { "OID_": 0, "Name": "Placemark", "FolderPath": "BBMP dry waste collection centres", "SymbolID": 0, "AltMode": -1, "Base": 0.0, "Snippet": null, "PopupInfo": null, "HasLabel": -1, "LabelID": 0 }, "geometry": { "type": "Point", "coordinates": [ 77.643043300000045, 12.880120900000065, 0.0 ] } },
{ "type": "Feature", "properties": { "OID_": 0, "Name": "Placemark", "FolderPath": "BBMP dry waste collection centres", "SymbolID": 0, "AltMode": -1, "Base": 0.0, "Snippet": null, "PopupInfo": null, "HasLabel": -1, "LabelID": 0 }, "geometry": { "type": "Point", "coordinates": [ 77.614550700000052, 12.930991400000039, 0.0 ] } },
{ "type": "Feature", "properties": { "OID_": 0, "Name": "Placemark", "FolderPath": "BBMP dry waste collection centres", "SymbolID": 0, "AltMode": -1, "Base": 0.0, "Snippet": null, "PopupInfo": null, "HasLabel": -1, "LabelID": 0 }, "geometry": { "type": "Point", "coordinates": [ 77.646882, 12.922184300000026, 0.0 ] } },
{ "type": "Feature", "properties": { "OID_": 0, "Name": "Placemark", "FolderPath": "BBMP dry waste collection centres", "SymbolID": 0, "AltMode": -1, "Base": 0.0, "Snippet": null, "PopupInfo": null, "HasLabel": -1, "LabelID": 0 }, "geometry": { "type": "Point", "coordinates": [ 77.645449500000041, 12.918109800000025, 0.0 ] } },
{ "type": "Feature", "properties": { "OID_": 0, "Name": "Placemark", "FolderPath": "BBMP dry waste collection centres", "SymbolID": 0, "AltMode": -1, "Base": 0.0, "Snippet": null, "PopupInfo": null, "HasLabel": -1, "LabelID": 0 }, "geometry": { "type": "Point", "coordinates": [ 77.647548500000084, 12.912182100000052, 0.0 ] } },
{ "type": "Feature", "properties": { "OID_": 0, "Name": "Placemark", "FolderPath": "BBMP dry waste collection centres", "SymbolID": 0, "AltMode": -1, "Base": 0.0, "Snippet": null, "PopupInfo": null, "HasLabel": -1, "LabelID": 0 }, "geometry": { "type": "Point", "coordinates": [ 77.633119, 12.905361300000038, 0.0 ] } },
{ "type": "Feature", "properties": { "OID_": 0, "Name": "Placemark", "FolderPath": "BBMP dry waste collection centres", "SymbolID": 0, "AltMode": -1, "Base": 0.0, "Snippet": null, "PopupInfo": null, "HasLabel": -1, "LabelID": 0 }, "geometry": { "type": "Point", "coordinates": [ 77.640772200000072, 12.899074700000028, 0.0 ] } },
{ "type": "Feature", "properties": { "OID_": 0, "Name": "Placemark", "FolderPath": "BBMP dry waste collection centres", "SymbolID": 0, "AltMode": -1, "Base": 0.0, "Snippet": null, "PopupInfo": null, "HasLabel": -1, "LabelID": 0 }, "geometry": { "type": "Point", "coordinates": [ 77.536539, 13.01522, 0.0 ] } },
{ "type": "Feature", "properties": { "OID_": 0, "Name": "Placemark", "FolderPath": "BBMP dry waste collection centres", "SymbolID": 0, "AltMode": -1, "Base": 0.0, "Snippet": null, "PopupInfo": null, "HasLabel": -1, "LabelID": 0 }, "geometry": { "type": "Point", "coordinates": [ 77.676733900000045, 12.912793300000033, 0.0 ] } },
{ "type": "Feature", "properties": { "OID_": 0, "Name": "Placemark", "FolderPath": "BBMP dry waste collection centres", "SymbolID": 0, "AltMode": -1, "Base": 0.0, "Snippet": null, "PopupInfo": null, "HasLabel": -1, "LabelID": 0 }, "geometry": { "type": "Point", "coordinates": [ 77.687832100000037, 12.911164900000074, 0.0 ] } },
{ "type": "Feature", "properties": { "OID_": 0, "Name": "Placemark", "FolderPath": "BBMP dry waste collection centres", "SymbolID": 0, "AltMode": -1, "Base": 0.0, "Snippet": null, "PopupInfo": null, "HasLabel": -1, "LabelID": 0 }, "geometry": { "type": "Point", "coordinates": [ 77.695516300000065, 12.936679300000037, 0.0 ] } },
{ "type": "Feature", "properties": { "OID_": 0, "Name": "Placemark", "FolderPath": "BBMP dry waste collection centres", "SymbolID": 0, "AltMode": -1, "Base": 0.0, "Snippet": null, "PopupInfo": null, "HasLabel": -1, "LabelID": 0 }, "geometry": { "type": "Point", "coordinates": [ 77.69350460000004, 12.950632700000028, 0.0 ] } },
{ "type": "Feature", "properties": { "OID_": 0, "Name": "Placemark", "FolderPath": "BBMP dry waste collection centres", "SymbolID": 0, "AltMode": -1, "Base": 0.0, "Snippet": null, "PopupInfo": null, "HasLabel": -1, "LabelID": 0 }, "geometry": { "type": "Point", "coordinates": [ 77.756161900000052, 12.961940500000026, 0.0 ] } },
{ "type": "Feature", "properties": { "OID_": 0, "Name": "Placemark", "FolderPath": "BBMP dry waste collection centres", "SymbolID": 0, "AltMode": -1, "Base": 0.0, "Snippet": null, "PopupInfo": null, "HasLabel": -1, "LabelID": 0 }, "geometry": { "type": "Point", "coordinates": [ 77.759137400000043, 12.99371, 0.0 ] } },
{ "type": "Feature", "properties": { "OID_": 0, "Name": "Placemark", "FolderPath": "BBMP dry waste collection centres", "SymbolID": 0, "AltMode": -1, "Base": 0.0, "Snippet": null, "PopupInfo": null, "HasLabel": -1, "LabelID": 0 }, "geometry": { "type": "Point", "coordinates": [ 77.731428100000073, 13.029893400000049, 0.0 ] } },
{ "type": "Feature", "properties": { "OID_": 0, "Name": "Placemark", "FolderPath": "BBMP dry waste collection centres", "SymbolID": 0, "AltMode": -1, "Base": 0.0, "Snippet": null, "PopupInfo": null, "HasLabel": -1, "LabelID": 0 }, "geometry": { "type": "Point", "coordinates": [ 77.65852220000005, 12.957049900000072, 0.0 ] } },
{ "type": "Feature", "properties": { "OID_": 0, "Name": "Placemark", "FolderPath": "BBMP dry waste collection centres", "SymbolID": 0, "AltMode": -1, "Base": 0.0, "Snippet": null, "PopupInfo": null, "HasLabel": -1, "LabelID": 0 }, "geometry": { "type": "Point", "coordinates": [ 77.637548, 12.959534900000051, 0.0 ] } },
{ "type": "Feature", "properties": { "OID_": 0, "Name": "Placemark", "FolderPath": "BBMP dry waste collection centres", "SymbolID": 0, "AltMode": -1, "Base": 0.0, "Snippet": null, "PopupInfo": null, "HasLabel": -1, "LabelID": 0 }, "geometry": { "type": "Point", "coordinates": [ 77.633323400000052, 12.954277, 0.0 ] } },
{ "type": "Feature", "properties": { "OID_": 0, "Name": "Placemark", "FolderPath": "BBMP dry waste collection centres", "SymbolID": 0, "AltMode": -1, "Base": 0.0, "Snippet": null, "PopupInfo": null, "HasLabel": -1, "LabelID": 0 }, "geometry": { "type": "Point", "coordinates": [ 77.550344, 13.01559, 0.0 ] } },
{ "type": "Feature", "properties": { "OID_": 0, "Name": "Placemark", "FolderPath": "BBMP dry waste collection centres", "SymbolID": 0, "AltMode": -1, "Base": 0.0, "Snippet": null, "PopupInfo": null, "HasLabel": -1, "LabelID": 0 }, "geometry": { "type": "Point", "coordinates": [ 77.613640900000064, 12.962199300000066, 0.0 ] } },
{ "type": "Feature", "properties": { "OID_": 0, "Name": "Placemark", "FolderPath": "BBMP dry waste collection centres", "SymbolID": 0, "AltMode": -1, "Base": 0.0, "Snippet": null, "PopupInfo": null, "HasLabel": -1, "LabelID": 0 }, "geometry": { "type": "Point", "coordinates": [ 77.613676700000042, 12.950840200000073, 0.0 ] } },
{ "type": "Feature", "properties": { "OID_": 0, "Name": "Placemark", "FolderPath": "BBMP dry waste collection centres", "SymbolID": 0, "AltMode": -1, "Base": 0.0, "Snippet": null, "PopupInfo": null, "HasLabel": -1, "LabelID": 0 }, "geometry": { "type": "Point", "coordinates": [ 77.619265200000029, 12.953661600000032, 0.0 ] } },
{ "type": "Feature", "properties": { "OID_": 0, "Name": "Placemark", "FolderPath": "BBMP dry waste collection centres", "SymbolID": 0, "AltMode": -1, "Base": 0.0, "Snippet": null, "PopupInfo": null, "HasLabel": -1, "LabelID": 0 }, "geometry": { "type": "Point", "coordinates": [ 77.617189900000085, 12.947170100000051, 0.0 ] } },
{ "type": "Feature", "properties": { "OID_": 0, "Name": "Placemark", "FolderPath": "BBMP dry waste collection centres", "SymbolID": 0, "AltMode": -1, "Base": 0.0, "Snippet": null, "PopupInfo": null, "HasLabel": -1, "LabelID": 0 }, "geometry": { "type": "Point", "coordinates": [ 77.627041100000042, 12.944193400000074, 0.0 ] } },
{ "type": "Feature", "properties": { "OID_": 0, "Name": "Placemark", "FolderPath": "BBMP dry waste collection centres", "SymbolID": 0, "AltMode": -1, "Base": 0.0, "Snippet": null, "PopupInfo": null, "HasLabel": -1, "LabelID": 0 }, "geometry": { "type": "Point", "coordinates": [ 77.618721300000061, 12.975475800000027, 0.0 ] } },
{ "type": "Feature", "properties": { "OID_": 0, "Name": "Placemark", "FolderPath": "BBMP dry waste collection centres", "SymbolID": 0, "AltMode": -1, "Base": 0.0, "Snippet": null, "PopupInfo": null, "HasLabel": -1, "LabelID": 0 }, "geometry": { "type": "Point", "coordinates": [ 77.62903190000003, 12.972039900000027, 0.0 ] } },
{ "type": "Feature", "properties": { "OID_": 0, "Name": "Placemark", "FolderPath": "BBMP dry waste collection centres", "SymbolID": 0, "AltMode": -1, "Base": 0.0, "Snippet": null, "PopupInfo": null, "HasLabel": -1, "LabelID": 0 }, "geometry": { "type": "Point", "coordinates": [ 77.555484, 13.01577, 0.0 ] } },
{ "type": "Feature", "properties": { "OID_": 0, "Name": "Placemark", "FolderPath": "BBMP dry waste collection centres", "SymbolID": 0, "AltMode": -1, "Base": 0.0, "Snippet": null, "PopupInfo": null, "HasLabel": -1, "LabelID": 0 }, "geometry": { "type": "Point", "coordinates": [ 77.602798, 13.01371, 0.0 ] } },
{ "type": "Feature", "properties": { "OID_": 0, "Name": "Placemark", "FolderPath": "BBMP dry waste collection centres", "SymbolID": 0, "AltMode": -1, "Base": 0.0, "Snippet": null, "PopupInfo": null, "HasLabel": -1, "LabelID": 0 }, "geometry": { "type": "Point", "coordinates": [ 77.616189, 13.02785, 0.0 ] } },
{ "type": "Feature", "properties": { "OID_": 0, "Name": "Placemark", "FolderPath": "BBMP dry waste collection centres", "SymbolID": 0, "AltMode": -1, "Base": 0.0, "Snippet": null, "PopupInfo": null, "HasLabel": -1, "LabelID": 0 }, "geometry": { "type": "Point", "coordinates": [ 77.662536, 12.99996, 0.0 ] } },
{ "type": "Feature", "properties": { "OID_": 0, "Name": "Placemark", "FolderPath": "BBMP dry waste collection centres", "SymbolID": 0, "AltMode": -1, "Base": 0.0, "Snippet": null, "PopupInfo": null, "HasLabel": -1, "LabelID": 0 }, "geometry": { "type": "Point", "coordinates": [ 77.695358, 13.0074, 0.0 ] } },
{ "type": "Feature", "properties": { "OID_": 0, "Name": "Placemark", "FolderPath": "BBMP dry waste collection centres", "SymbolID": 0, "AltMode": -1, "Base": 0.0, "Snippet": null, "PopupInfo": null, "HasLabel": -1, "LabelID": 0 }, "geometry": { "type": "Point", "coordinates": [ 77.695318, 13.00739, 0.0 ] } },
{ "type": "Feature", "properties": { "OID_": 0, "Name": "Placemark", "FolderPath": "BBMP dry waste collection centres", "SymbolID": 0, "AltMode": -1, "Base": 0.0, "Snippet": null, "PopupInfo": null, "HasLabel": -1, "LabelID": 0 }, "geometry": { "type": "Point", "coordinates": [ 77.589344, 13.08916, 0.0 ] } },
{ "type": "Feature", "properties": { "OID_": 0, "Name": "Placemark", "FolderPath": "BBMP dry waste collection centres", "SymbolID": 0, "AltMode": -1, "Base": 0.0, "Snippet": null, "PopupInfo": null, "HasLabel": -1, "LabelID": 0 }, "geometry": { "type": "Point", "coordinates": [ 77.695304, 13.00731, 0.0 ] } },
{ "type": "Feature", "properties": { "OID_": 0, "Name": "Placemark", "FolderPath": "BBMP dry waste collection centres", "SymbolID": 0, "AltMode": -1, "Base": 0.0, "Snippet": null, "PopupInfo": null, "HasLabel": -1, "LabelID": 0 }, "geometry": { "type": "Point", "coordinates": [ 77.676121, 12.99535, 0.0 ] } },
{ "type": "Feature", "properties": { "OID_": 0, "Name": "Placemark", "FolderPath": "BBMP dry waste collection centres", "SymbolID": 0, "AltMode": -1, "Base": 0.0, "Snippet": null, "PopupInfo": null, "HasLabel": -1, "LabelID": 0 }, "geometry": { "type": "Point", "coordinates": [ 77.672857, 12.97678, 0.0 ] } },
{ "type": "Feature", "properties": { "OID_": 0, "Name": "Placemark", "FolderPath": "BBMP dry waste collection centres", "SymbolID": 0, "AltMode": -1, "Base": 0.0, "Snippet": null, "PopupInfo": null, "HasLabel": -1, "LabelID": 0 }, "geometry": { "type": "Point", "coordinates": [ 77.658657, 12.96736, 0.0 ] } },
{ "type": "Feature", "properties": { "OID_": 0, "Name": "Placemark", "FolderPath": "BBMP dry waste collection centres", "SymbolID": 0, "AltMode": -1, "Base": 0.0, "Snippet": null, "PopupInfo": null, "HasLabel": -1, "LabelID": 0 }, "geometry": { "type": "Point", "coordinates": [ 77.631889, 13.00651, 0.0 ] } },
{ "type": "Feature", "properties": { "OID_": 0, "Name": "Placemark", "FolderPath": "BBMP dry waste collection centres", "SymbolID": 0, "AltMode": -1, "Base": 0.0, "Snippet": null, "PopupInfo": null, "HasLabel": -1, "LabelID": 0 }, "geometry": { "type": "Point", "coordinates": [ 77.610533, 13.00114, 0.0 ] } },
{ "type": "Feature", "properties": { "OID_": 0, "Name": "Placemark", "FolderPath": "BBMP dry waste collection centres", "SymbolID": 0, "AltMode": -1, "Base": 0.0, "Snippet": null, "PopupInfo": null, "HasLabel": -1, "LabelID": 0 }, "geometry": { "type": "Point", "coordinates": [ 77.601453, 13.00162, 0.0 ] } },
{ "type": "Feature", "properties": { "OID_": 0, "Name": "Placemark", "FolderPath": "BBMP dry waste collection centres", "SymbolID": 0, "AltMode": -1, "Base": 0.0, "Snippet": null, "PopupInfo": null, "HasLabel": -1, "LabelID": 0 }, "geometry": { "type": "Point", "coordinates": [ 77.574108, 12.99925, 0.0 ] } },
{ "type": "Feature", "properties": { "OID_": 0, "Name": "Placemark", "FolderPath": "BBMP dry waste collection centres", "SymbolID": 0, "AltMode": -1, "Base": 0.0, "Snippet": null, "PopupInfo": null, "HasLabel": -1, "LabelID": 0 }, "geometry": { "type": "Point", "coordinates": [ 77.574318, 13.00721, 0.0 ] } },
{ "type": "Feature", "properties": { "OID_": 0, "Name": "Placemark", "FolderPath": "BBMP dry waste collection centres", "SymbolID": 0, "AltMode": -1, "Base": 0.0, "Snippet": null, "PopupInfo": null, "HasLabel": -1, "LabelID": 0 }, "geometry": { "type": "Point", "coordinates": [ 77.54288, 13.003727, 0.0 ] } },
{ "type": "Feature", "properties": { "OID_": 0, "Name": "Placemark", "FolderPath": "BBMP dry waste collection centres", "SymbolID": 0, "AltMode": -1, "Base": 0.0, "Snippet": null, "PopupInfo": null, "HasLabel": -1, "LabelID": 0 }, "geometry": { "type": "Point", "coordinates": [ 77.616378, 13.11799, 0.0 ] } },
{ "type": "Feature", "properties": { "OID_": 0, "Name": "Placemark", "FolderPath": "BBMP dry waste collection centres", "SymbolID": 0, "AltMode": -1, "Base": 0.0, "Snippet": null, "PopupInfo": null, "HasLabel": -1, "LabelID": 0 }, "geometry": { "type": "Point", "coordinates": [ 77.515324, 12.9995, 0.0 ] } },
{ "type": "Feature", "properties": { "OID_": 0, "Name": "Placemark", "FolderPath": "BBMP dry waste collection centres", "SymbolID": 0, "AltMode": -1, "Base": 0.0, "Snippet": null, "PopupInfo": null, "HasLabel": -1, "LabelID": 0 }, "geometry": { "type": "Point", "coordinates": [ 77.503097, 13.00588, 0.0 ] } },
{ "type": "Feature", "properties": { "OID_": 0, "Name": "Placemark", "FolderPath": "BBMP dry waste collection centres", "SymbolID": 0, "AltMode": -1, "Base": 0.0, "Snippet": null, "PopupInfo": null, "HasLabel": -1, "LabelID": 0 }, "geometry": { "type": "Point", "coordinates": [ 77.486795, 12.96389, 0.0 ] } },
{ "type": "Feature", "properties": { "OID_": 0, "Name": "Placemark", "FolderPath": "BBMP dry waste collection centres", "SymbolID": 0, "AltMode": -1, "Base": 0.0, "Snippet": null, "PopupInfo": null, "HasLabel": -1, "LabelID": 0 }, "geometry": { "type": "Point", "coordinates": [ 77.525576, 12.99485, 0.0 ] } },
{ "type": "Feature", "properties": { "OID_": 0, "Name": "Placemark", "FolderPath": "BBMP dry waste collection centres", "SymbolID": 0, "AltMode": -1, "Base": 0.0, "Snippet": null, "PopupInfo": null, "HasLabel": -1, "LabelID": 0 }, "geometry": { "type": "Point", "coordinates": [ 77.528548, 12.99883, 0.0 ] } },
{ "type": "Feature", "properties": { "OID_": 0, "Name": "Placemark", "FolderPath": "BBMP dry waste collection centres", "SymbolID": 0, "AltMode": -1, "Base": 0.0, "Snippet": null, "PopupInfo": null, "HasLabel": -1, "LabelID": 0 }, "geometry": { "type": "Point", "coordinates": [ 77.560711, 12.99639, 0.0 ] } },
{ "type": "Feature", "properties": { "OID_": 0, "Name": "Placemark", "FolderPath": "BBMP dry waste collection centres", "SymbolID": 0, "AltMode": -1, "Base": 0.0, "Snippet": null, "PopupInfo": null, "HasLabel": -1, "LabelID": 0 }, "geometry": { "type": "Point", "coordinates": [ 77.571786, 13.00237, 0.0 ] } },
{ "type": "Feature", "properties": { "OID_": 0, "Name": "Placemark", "FolderPath": "BBMP dry waste collection centres", "SymbolID": 0, "AltMode": -1, "Base": 0.0, "Snippet": null, "PopupInfo": null, "HasLabel": -1, "LabelID": 0 }, "geometry": { "type": "Point", "coordinates": [ 77.619658, 12.98892, 0.0 ] } },
{ "type": "Feature", "properties": { "OID_": 0, "Name": "Placemark", "FolderPath": "BBMP dry waste collection centres", "SymbolID": 0, "AltMode": -1, "Base": 0.0, "Snippet": null, "PopupInfo": null, "HasLabel": -1, "LabelID": 0 }, "geometry": { "type": "Point", "coordinates": [ 77.614996, 12.9931, 0.0 ] } },
{ "type": "Feature", "properties": { "OID_": 0, "Name": "Placemark", "FolderPath": "BBMP dry waste collection centres", "SymbolID": 0, "AltMode": -1, "Base": 0.0, "Snippet": null, "PopupInfo": null, "HasLabel": -1, "LabelID": 0 }, "geometry": { "type": "Point", "coordinates": [ 77.644484, 12.9752, 0.0 ] } },
{ "type": "Feature", "properties": { "OID_": 0, "Name": "Placemark", "FolderPath": "BBMP dry waste collection centres", "SymbolID": 0, "AltMode": -1, "Base": 0.0, "Snippet": null, "PopupInfo": null, "HasLabel": -1, "LabelID": 0 }, "geometry": { "type": "Point", "coordinates": [ 77.631953, 13.06906, 0.0 ] } },
{ "type": "Feature", "properties": { "OID_": 0, "Name": "Placemark", "FolderPath": "BBMP dry waste collection centres", "SymbolID": 0, "AltMode": -1, "Base": 0.0, "Snippet": null, "PopupInfo": null, "HasLabel": -1, "LabelID": 0 }, "geometry": { "type": "Point", "coordinates": [ 77.695889, 12.99473, 0.0 ] } },
{ "type": "Feature", "properties": { "OID_": 0, "Name": "Placemark", "FolderPath": "BBMP dry waste collection centres", "SymbolID": 0, "AltMode": -1, "Base": 0.0, "Snippet": null, "PopupInfo": null, "HasLabel": -1, "LabelID": 0 }, "geometry": { "type": "Point", "coordinates": [ 77.761751, 12.97467, 0.0 ] } },
{ "type": "Feature", "properties": { "OID_": 0, "Name": "Placemark", "FolderPath": "BBMP dry waste collection centres", "SymbolID": 0, "AltMode": -1, "Base": 0.0, "Snippet": null, "PopupInfo": null, "HasLabel": -1, "LabelID": 0 }, "geometry": { "type": "Point", "coordinates": [ 77.643148, 12.9607, 0.0 ] } },
{ "type": "Feature", "properties": { "OID_": 0, "Name": "Placemark", "FolderPath": "BBMP dry waste collection centres", "SymbolID": 0, "AltMode": -1, "Base": 0.0, "Snippet": null, "PopupInfo": null, "HasLabel": -1, "LabelID": 0 }, "geometry": { "type": "Point", "coordinates": [ 77.631229, 12.97146, 0.0 ] } },
{ "type": "Feature", "properties": { "OID_": 0, "Name": "Placemark", "FolderPath": "BBMP dry waste collection centres", "SymbolID": 0, "AltMode": -1, "Base": 0.0, "Snippet": null, "PopupInfo": null, "HasLabel": -1, "LabelID": 0 }, "geometry": { "type": "Point", "coordinates": [ 77.61975, 12.97666, 0.0 ] } },
{ "type": "Feature", "properties": { "OID_": 0, "Name": "Placemark", "FolderPath": "BBMP dry waste collection centres", "SymbolID": 0, "AltMode": -1, "Base": 0.0, "Snippet": null, "PopupInfo": null, "HasLabel": -1, "LabelID": 0 }, "geometry": { "type": "Point", "coordinates": [ 77.579749, 12.988, 0.0 ] } },
{ "type": "Feature", "properties": { "OID_": 0, "Name": "Placemark", "FolderPath": "BBMP dry waste collection centres", "SymbolID": 0, "AltMode": -1, "Base": 0.0, "Snippet": null, "PopupInfo": null, "HasLabel": -1, "LabelID": 0 }, "geometry": { "type": "Point", "coordinates": [ 77.580544, 12.97713, 0.0 ] } },
{ "type": "Feature", "properties": { "OID_": 0, "Name": "Placemark", "FolderPath": "BBMP dry waste collection centres", "SymbolID": 0, "AltMode": -1, "Base": 0.0, "Snippet": null, "PopupInfo": null, "HasLabel": -1, "LabelID": 0 }, "geometry": { "type": "Point", "coordinates": [ 77.58051, 12.977087, 0.0 ] } },
{ "type": "Feature", "properties": { "OID_": 0, "Name": "Placemark", "FolderPath": "BBMP dry waste collection centres", "SymbolID": 0, "AltMode": -1, "Base": 0.0, "Snippet": null, "PopupInfo": null, "HasLabel": -1, "LabelID": 0 }, "geometry": { "type": "Point", "coordinates": [ 77.566352, 12.98598, 0.0 ] } },
{ "type": "Feature", "properties": { "OID_": 0, "Name": "Placemark", "FolderPath": "BBMP dry waste collection centres", "SymbolID": 0, "AltMode": -1, "Base": 0.0, "Snippet": null, "PopupInfo": null, "HasLabel": -1, "LabelID": 0 }, "geometry": { "type": "Point", "coordinates": [ 77.55719, 12.996051, 0.0 ] } },
{ "type": "Feature", "properties": { "OID_": 0, "Name": "Placemark", "FolderPath": "BBMP dry waste collection centres", "SymbolID": 0, "AltMode": -1, "Base": 0.0, "Snippet": null, "PopupInfo": null, "HasLabel": -1, "LabelID": 0 }, "geometry": { "type": "Point", "coordinates": [ 77.591178, 13.05887, 0.0 ] } },
{ "type": "Feature", "properties": { "OID_": 0, "Name": "Placemark", "FolderPath": "BBMP dry waste collection centres", "SymbolID": 0, "AltMode": -1, "Base": 0.0, "Snippet": null, "PopupInfo": null, "HasLabel": -1, "LabelID": 0 }, "geometry": { "type": "Point", "coordinates": [ 77.551682, 12.99585, 0.0 ] } },
{ "type": "Feature", "properties": { "OID_": 0, "Name": "Placemark", "FolderPath": "BBMP dry waste collection centres", "SymbolID": 0, "AltMode": -1, "Base": 0.0, "Snippet": null, "PopupInfo": null, "HasLabel": -1, "LabelID": 0 }, "geometry": { "type": "Point", "coordinates": [ 77.529628, 12.98383, 0.0 ] } },
{ "type": "Feature", "properties": { "OID_": 0, "Name": "Placemark", "FolderPath": "BBMP dry waste collection centres", "SymbolID": 0, "AltMode": -1, "Base": 0.0, "Snippet": null, "PopupInfo": null, "HasLabel": -1, "LabelID": 0 }, "geometry": { "type": "Point", "coordinates": [ 77.529096, 12.99233, 0.0 ] } },
{ "type": "Feature", "properties": { "OID_": 0, "Name": "Placemark", "FolderPath": "BBMP dry waste collection centres", "SymbolID": 0, "AltMode": -1, "Base": 0.0, "Snippet": null, "PopupInfo": null, "HasLabel": -1, "LabelID": 0 }, "geometry": { "type": "Point", "coordinates": [ 77.52675, 12.978669, 0.0 ] } },
{ "type": "Feature", "properties": { "OID_": 0, "Name": "Placemark", "FolderPath": "BBMP dry waste collection centres", "SymbolID": 0, "AltMode": -1, "Base": 0.0, "Snippet": null, "PopupInfo": null, "HasLabel": -1, "LabelID": 0 }, "geometry": { "type": "Point", "coordinates": [ 77.539117, 12.97326, 0.0 ] } },
{ "type": "Feature", "properties": { "OID_": 0, "Name": "Placemark", "FolderPath": "BBMP dry waste collection centres", "SymbolID": 0, "AltMode": -1, "Base": 0.0, "Snippet": null, "PopupInfo": null, "HasLabel": -1, "LabelID": 0 }, "geometry": { "type": "Point", "coordinates": [ 77.546608, 12.97626, 0.0 ] } },
{ "type": "Feature", "properties": { "OID_": 0, "Name": "Placemark", "FolderPath": "BBMP dry waste collection centres", "SymbolID": 0, "AltMode": -1, "Base": 0.0, "Snippet": null, "PopupInfo": null, "HasLabel": -1, "LabelID": 0 }, "geometry": { "type": "Point", "coordinates": [ 77.548512, 12.98377, 0.0 ] } },
{ "type": "Feature", "properties": { "OID_": 0, "Name": "Placemark", "FolderPath": "BBMP dry waste collection centres", "SymbolID": 0, "AltMode": -1, "Base": 0.0, "Snippet": null, "PopupInfo": null, "HasLabel": -1, "LabelID": 0 }, "geometry": { "type": "Point", "coordinates": [ 77.557308, 12.99777, 0.0 ] } },
{ "type": "Feature", "properties": { "OID_": 0, "Name": "Placemark", "FolderPath": "BBMP dry waste collection centres", "SymbolID": 0, "AltMode": -1, "Base": 0.0, "Snippet": null, "PopupInfo": null, "HasLabel": -1, "LabelID": 0 }, "geometry": { "type": "Point", "coordinates": [ 77.580951, 12.97712, 0.0 ] } },
{ "type": "Feature", "properties": { "OID_": 0, "Name": "Placemark", "FolderPath": "BBMP dry waste collection centres", "SymbolID": 0, "AltMode": -1, "Base": 0.0, "Snippet": null, "PopupInfo": null, "HasLabel": -1, "LabelID": 0 }, "geometry": { "type": "Point", "coordinates": [ 77.601827, 12.98385, 0.0 ] } },
{ "type": "Feature", "properties": { "OID_": 0, "Name": "Placemark", "FolderPath": "BBMP dry waste collection centres", "SymbolID": 0, "AltMode": -1, "Base": 0.0, "Snippet": null, "PopupInfo": null, "HasLabel": -1, "LabelID": 0 }, "geometry": { "type": "Point", "coordinates": [ 77.583674, 13.06414, 0.0 ] } },
{ "type": "Feature", "properties": { "OID_": 0, "Name": "Placemark", "FolderPath": "BBMP dry waste collection centres", "SymbolID": 0, "AltMode": -1, "Base": 0.0, "Snippet": null, "PopupInfo": null, "HasLabel": -1, "LabelID": 0 }, "geometry": { "type": "Point", "coordinates": [ 77.614506, 12.96477, 0.0 ] } },
{ "type": "Feature", "properties": { "OID_": 0, "Name": "Placemark", "FolderPath": "BBMP dry waste collection centres", "SymbolID": 0, "AltMode": -1, "Base": 0.0, "Snippet": null, "PopupInfo": null, "HasLabel": -1, "LabelID": 0 }, "geometry": { "type": "Point", "coordinates": [ 77.6401, 12.96108, 0.0 ] } },
{ "type": "Feature", "properties": { "OID_": 0, "Name": "Placemark", "FolderPath": "BBMP dry waste collection centres", "SymbolID": 0, "AltMode": -1, "Base": 0.0, "Snippet": null, "PopupInfo": null, "HasLabel": -1, "LabelID": 0 }, "geometry": { "type": "Point", "coordinates": [ 77.617322, 12.95623, 0.0 ] } },
{ "type": "Feature", "properties": { "OID_": 0, "Name": "Placemark", "FolderPath": "BBMP dry waste collection centres", "SymbolID": 0, "AltMode": -1, "Base": 0.0, "Snippet": null, "PopupInfo": null, "HasLabel": -1, "LabelID": 0 }, "geometry": { "type": "Point", "coordinates": [ 77.618399, 12.95335, 0.0 ] } },
{ "type": "Feature", "properties": { "OID_": 0, "Name": "Placemark", "FolderPath": "BBMP dry waste collection centres", "SymbolID": 0, "AltMode": -1, "Base": 0.0, "Snippet": null, "PopupInfo": null, "HasLabel": -1, "LabelID": 0 }, "geometry": { "type": "Point", "coordinates": [ 77.617547, 12.95048, 0.0 ] } },
{ "type": "Feature", "properties": { "OID_": 0, "Name": "Placemark", "FolderPath": "BBMP dry waste collection centres", "SymbolID": 0, "AltMode": -1, "Base": 0.0, "Snippet": null, "PopupInfo": null, "HasLabel": -1, "LabelID": 0 }, "geometry": { "type": "Point", "coordinates": [ 77.564303, 12.96816, 0.0 ] } },
{ "type": "Feature", "properties": { "OID_": 0, "Name": "Placemark", "FolderPath": "BBMP dry waste collection centres", "SymbolID": 0, "AltMode": -1, "Base": 0.0, "Snippet": null, "PopupInfo": null, "HasLabel": -1, "LabelID": 0 }, "geometry": { "type": "Point", "coordinates": [ 77.563584, 12.96746, 0.0 ] } },
{ "type": "Feature", "properties": { "OID_": 0, "Name": "Placemark", "FolderPath": "BBMP dry waste collection centres", "SymbolID": 0, "AltMode": -1, "Base": 0.0, "Snippet": null, "PopupInfo": null, "HasLabel": -1, "LabelID": 0 }, "geometry": { "type": "Point", "coordinates": [ 77.545374, 12.97389, 0.0 ] } },
{ "type": "Feature", "properties": { "OID_": 0, "Name": "Placemark", "FolderPath": "BBMP dry waste collection centres", "SymbolID": 0, "AltMode": -1, "Base": 0.0, "Snippet": null, "PopupInfo": null, "HasLabel": -1, "LabelID": 0 }, "geometry": { "type": "Point", "coordinates": [ 77.536998, 12.97031, 0.0 ] } },
{ "type": "Feature", "properties": { "OID_": 0, "Name": "Placemark", "FolderPath": "BBMP dry waste collection centres", "SymbolID": 0, "AltMode": -1, "Base": 0.0, "Snippet": null, "PopupInfo": null, "HasLabel": -1, "LabelID": 0 }, "geometry": { "type": "Point", "coordinates": [ 77.526477, 12.96551, 0.0 ] } },
{ "type": "Feature", "properties": { "OID_": 0, "Name": "Placemark", "FolderPath": "BBMP dry waste collection centres", "SymbolID": 0, "AltMode": -1, "Base": 0.0, "Snippet": null, "PopupInfo": null, "HasLabel": -1, "LabelID": 0 }, "geometry": { "type": "Point", "coordinates": [ 77.563741, 13.06893, 0.0 ] } },
{ "type": "Feature", "properties": { "OID_": 0, "Name": "Placemark", "FolderPath": "BBMP dry waste collection centres", "SymbolID": 0, "AltMode": -1, "Base": 0.0, "Snippet": null, "PopupInfo": null, "HasLabel": -1, "LabelID": 0 }, "geometry": { "type": "Point", "coordinates": [ 77.518269, 12.96572, 0.0 ] } },
{ "type": "Feature", "properties": { "OID_": 0, "Name": "Placemark", "FolderPath": "BBMP dry waste collection centres", "SymbolID": 0, "AltMode": -1, "Base": 0.0, "Snippet": null, "PopupInfo": null, "HasLabel": -1, "LabelID": 0 }, "geometry": { "type": "Point", "coordinates": [ 77.524947, 12.95838, 0.0 ] } },
{ "type": "Feature", "properties": { "OID_": 0, "Name": "Placemark", "FolderPath": "BBMP dry waste collection centres", "SymbolID": 0, "AltMode": -1, "Base": 0.0, "Snippet": null, "PopupInfo": null, "HasLabel": -1, "LabelID": 0 }, "geometry": { "type": "Point", "coordinates": [ 77.491462, 12.93156, 0.0 ] } },
{ "type": "Feature", "properties": { "OID_": 0, "Name": "Placemark", "FolderPath": "BBMP dry waste collection centres", "SymbolID": 0, "AltMode": -1, "Base": 0.0, "Snippet": null, "PopupInfo": null, "HasLabel": -1, "LabelID": 0 }, "geometry": { "type": "Point", "coordinates": [ 77.529238, 12.95628, 0.0 ] } },
{ "type": "Feature", "properties": { "OID_": 0, "Name": "Placemark", "FolderPath": "BBMP dry waste collection centres", "SymbolID": 0, "AltMode": -1, "Base": 0.0, "Snippet": null, "PopupInfo": null, "HasLabel": -1, "LabelID": 0 }, "geometry": { "type": "Point", "coordinates": [ 77.537867, 12.95077, 0.0 ] } },
{ "type": "Feature", "properties": { "OID_": 0, "Name": "Placemark", "FolderPath": "BBMP dry waste collection centres", "SymbolID": 0, "AltMode": -1, "Base": 0.0, "Snippet": null, "PopupInfo": null, "HasLabel": -1, "LabelID": 0 }, "geometry": { "type": "Point", "coordinates": [ 77.550205, 12.96316, 0.0 ] } },
{ "type": "Feature", "properties": { "OID_": 0, "Name": "Placemark", "FolderPath": "BBMP dry waste collection centres", "SymbolID": 0, "AltMode": -1, "Base": 0.0, "Snippet": null, "PopupInfo": null, "HasLabel": -1, "LabelID": 0 }, "geometry": { "type": "Point", "coordinates": [ 77.552131, 12.9604, 0.0 ] } },
{ "type": "Feature", "properties": { "OID_": 0, "Name": "Placemark", "FolderPath": "BBMP dry waste collection centres", "SymbolID": 0, "AltMode": -1, "Base": 0.0, "Snippet": null, "PopupInfo": null, "HasLabel": -1, "LabelID": 0 }, "geometry": { "type": "Point", "coordinates": [ 77.554676, 12.9645, 0.0 ] } },
{ "type": "Feature", "properties": { "OID_": 0, "Name": "Placemark", "FolderPath": "BBMP dry waste collection centres", "SymbolID": 0, "AltMode": -1, "Base": 0.0, "Snippet": null, "PopupInfo": null, "HasLabel": -1, "LabelID": 0 }, "geometry": { "type": "Point", "coordinates": [ 77.567195, 12.96546, 0.0 ] } },
{ "type": "Feature", "properties": { "OID_": 0, "Name": "Placemark", "FolderPath": "BBMP dry waste collection centres", "SymbolID": 0, "AltMode": -1, "Base": 0.0, "Snippet": null, "PopupInfo": null, "HasLabel": -1, "LabelID": 0 }, "geometry": { "type": "Point", "coordinates": [ 77.576196, 12.9665, 0.0 ] } }
]
}
