{
"type": "FeatureCollection",
"name": "rooftops",
"crs": { "type": "name", "properties": { "name": "urn:ogc:def:crs:OGC:1.3:CRS84" } },
"features": [
{ "type": "Feature", "properties": { "area_sqm": 1522.1376235969544, "class": "LARGE FLAT", "waste_kg_day_estimate": 2.5 }, "geometry": { "type": "Point", "coordinates": [ 77.668075961677516, 12.930573880478534 ] } },
{ "type": "Feature", "properties": { "area_sqm": 923.26380447684119, "class": "LARGE FLAT", "waste_kg_day_estimate": 2.5 }, "geometry": { "type": "Point", "coordinates": [ 77.668889213030624, 12.930369195151865 ] } },
{ "type": "Feature", "properties": { "area_sqm": 1721.7622299703255, "class": "LARGE FLAT", "waste_kg_day_estimate": 2.5 }, "geometry": { "type": "Point", "coordinates": [ 77.666738483936854, 12.930247835096793 ] } },
{ "type": "Feature", "properties": { "area_sqm": 2719.8852618371811, "class": "LARGE FLAT", "waste_kg_day_estimate": 2.5 }, "geometry": { "type": "Point", "coordinates": [ 77.666514293438567, 12.929671631803417 ] } },
{ "type": "Feature", "properties": { "area_sqm": 773.54534969681299, "class": "LARGE FLAT", "waste_kg_day_estimate": 2.5 }, "geometry": { "type": "Point", "coordinates": [ 77.667232483714585, 12.929677933577844 ] } },
{ "type": "Feature", "properties": { "area_sqm": 1197.7476382402265, "class": "LARGE FLAT", "waste_kg_day_estimate": 2.5 }, "geometry": { "type": "Point", "coordinates": [ 77.668824164028138, 12.92927153366761 ] } },
{ "type": "Feature", "properties": { "area_sqm": 1572.0437751902973, "class": "LARGE FLAT", "waste_kg_day_estimate": 2.5 }, "geometry": { "type": "Point", "coordinates": [ 77.667223081025796, 12.929129252612091 ] } },
{ "type": "Feature", "properties": { "area_sqm": 524.01459173009903, "class": "LARGE FLAT", "waste_kg_day_estimate": 2.5 }, "geometry": { "type": "Point", "coordinates": [ 77.668608180398593, 12.928478824929719 ] } },
{ "type": "Feature", "properties": { "area_sqm": 474.10844013675631, "class": "MEDIUM", "waste_kg_day_estimate": 1.2 }, "geometry": { "type": "Point", "coordinates": [ 77.668333319947664, 12.928445414084624 ] } },
{ "type": "Feature", "properties": { "area_sqm": 623.82689491678457, "class": "LARGE FLAT", "waste_kg_day_estimate": 2.5 }, "geometry": { "type": "Point", "coordinates": [ 77.669169156713551, 12.928411509925036 ] } },
{ "type": "Feature", "properties": { "area_sqm": 1547.090699393626, "class": "LARGE FLAT", "waste_kg_day_estimate": 2.5 }, "geometry": { "type": "Point", "coordinates": [ 77.668184773752017, 12.927957813940029 ] } },
{ "type": "Feature", "properties": { "area_sqm": 748.59227390014155, "class": "LARGE FLAT", "waste_kg_day_estimate": 2.5 }, "geometry": { "type": "Point", "coordinates": [ 77.669175355346866, 12.927894079082085 ] } },
{ "type": "Feature", "properties": { "area_sqm": 2071.1052911237248, "class": "LARGE FLAT", "waste_kg_day_estimate": 2.5 }, "geometry": { "type": "Point", "coordinates": [ 77.663344383138423, 12.927319984342786 ] } },
{ "type": "Feature", "properties": { "area_sqm": 3019.3221713972375, "class": "LARGE FLAT", "waste_kg_day_estimate": 2.5 }, "geometry": { "type": "Point", "coordinates": [ 77.665129773770005, 12.927456776263066 ] } },
{ "type": "Feature", "properties": { "area_sqm": 1072.9822592568696, "class": "LARGE FLAT", "waste_kg_day_estimate": 2.5 }, "geometry": { "type": "Point", "coordinates": [ 77.666780664727767, 12.927431300809904 ] } },
{ "type": "Feature", "properties": { "area_sqm": 4441.6474918075064, "class": "LARGE FLAT", "waste_kg_day_estimate": 2.5 }, "geometry": { "type": "Point", "coordinates": [ 77.663830618595171, 12.926981207292483 ] } },
{ "type": "Feature", "properties": { "area_sqm": 898.31072868016986, "class": "LARGE FLAT", "waste_kg_day_estimate": 2.5 }, "geometry": { "type": "Point", "coordinates": [ 77.665759391837767, 12.927285190722221 ] } },
{ "type": "Feature", "properties": { "area_sqm": 4865.8497803509199, "class": "LARGE FLAT", "waste_kg_day_estimate": 2.5 }, "geometry": { "type": "Point", "coordinates": [ 77.66625865996339, 12.92664667043276 ] } },
{ "type": "Feature", "properties": { "area_sqm": 8159.6557855115425, "class": "LARGE FLAT", "waste_kg_day_estimate": 2.5 }, "geometry": { "type": "Point", "coordinates": [ 77.668535815619748, 12.926578237249618 ] } },
{ "type": "Feature", "properties": { "area_sqm": 1996.2460637337108, "class": "LARGE FLAT", "waste_kg_day_estimate": 2.5 }, "geometry": { "type": "Point", "coordinates": [ 77.665380823221895, 12.926709915485082 ] } },
{ "type": "Feature", "properties": { "area_sqm": 848.40457708682709, "class": "LARGE FLAT", "waste_kg_day_estimate": 2.5 }, "geometry": { "type": "Point", "coordinates": [ 77.664887177282409, 12.926626597190126 ] } },
{ "type": "Feature", "properties": { "area_sqm": 1147.8414866468838, "class": "LARGE FLAT", "waste_kg_day_estimate": 2.5 }, "geometry": { "type": "Point", "coordinates": [ 77.66307152069615, 12.926361106737565 ] } },
{ "type": "Feature", "properties": { "area_sqm": 873.35765288349853, "class": "LARGE FLAT", "waste_kg_day_estimate": 2.5 }, "geometry": { "type": "Point", "coordinates": [ 77.664896084562201, 12.926237405691536 ] } },
{ "type": "Feature", "properties": { "area_sqm": 973.16995607018407, "class": "LARGE FLAT", "waste_kg_day_estimate": 2.5 }, "geometry": { "type": "Point", "coordinates": [ 77.66532528883161, 12.926210794307018 ] } },
{ "type": "Feature", "properties": { "area_sqm": 2919.5098682105522, "class": "LARGE FLAT", "waste_kg_day_estimate": 2.5 }, "geometry": { "type": "Point", "coordinates": [ 77.667385142363827, 12.926013120660519 ] } },
{ "type": "Feature", "properties": { "area_sqm": 1023.0761076635267, "class": "LARGE FLAT", "waste_kg_day_estimate": 2.5 }, "geometry": { "type": "Point", "coordinates": [ 77.666798859808537, 12.926066322913352 ] } },
{ "type": "Feature", "properties": { "area_sqm": 848.40457708682709, "class": "LARGE FLAT", "waste_kg_day_estimate": 2.5 }, "geometry": { "type": "Point", "coordinates": [ 77.665341136016323, 12.925824004850236 ] } },
{ "type": "Feature", "properties": { "area_sqm": 823.45150129015565, "class": "LARGE FLAT", "waste_kg_day_estimate": 2.5 }, "geometry": { "type": "Point", "coordinates": [ 77.664938307720305, 12.925820695602138 ] } },
{ "type": "Feature", "properties": { "area_sqm": 1996.2460637337108, "class": "LARGE FLAT", "waste_kg_day_estimate": 2.5 }, "geometry": { "type": "Point", "coordinates": [ 77.666309455975338, 12.925519973661808 ] } },
{ "type": "Feature", "properties": { "area_sqm": 474.10844013675631, "class": "MEDIUM", "waste_kg_day_estimate": 1.2 }, "geometry": { "type": "Point", "coordinates": [ 77.668475236026183, 12.925615358541341 ] } },
{ "type": "Feature", "properties": { "area_sqm": 1971.2929879370395, "class": "LARGE FLAT", "waste_kg_day_estimate": 2.5 }, "geometry": { "type": "Point", "coordinates": [ 77.667061464459181, 12.925395827915887 ] } },
{ "type": "Feature", "properties": { "area_sqm": 1771.6683815636684, "class": "LARGE FLAT", "waste_kg_day_estimate": 2.5 }, "geometry": { "type": "Point", "coordinates": [ 77.667518836072077, 12.925480822962855 ] } },
{ "type": "Feature", "properties": { "area_sqm": 424.20228854341354, "class": "MEDIUM", "waste_kg_day_estimate": 1.2 }, "geometry": { "type": "Point", "coordinates": [ 77.667895337567415, 12.925485863487364 ] } },
{ "type": "Feature", "properties": { "area_sqm": 1048.0291834601981, "class": "LARGE FLAT", "waste_kg_day_estimate": 2.5 }, "geometry": { "type": "Point", "coordinates": [ 77.664936597058514, 12.925401719731511 ] } },
{ "type": "Feature", "properties": { "area_sqm": 698.68612230679878, "class": "LARGE FLAT", "waste_kg_day_estimate": 2.5 }, "geometry": { "type": "Point", "coordinates": [ 77.665350023762613, 12.925361245519836 ] } },
{ "type": "Feature", "properties": { "area_sqm": 798.49842549348432, "class": "LARGE FLAT", "waste_kg_day_estimate": 2.5 }, "geometry": { "type": "Point", "coordinates": [ 77.664354852554695, 12.925274771834035 ] } },
{ "type": "Feature", "properties": { "area_sqm": 374.29613695007077, "class": "MEDIUM", "waste_kg_day_estimate": 1.2 }, "geometry": { "type": "Point", "coordinates": [ 77.66584978857361, 12.925038516937262 ] } },
{ "type": "Feature", "properties": { "area_sqm": 973.16995607018407, "class": "LARGE FLAT", "waste_kg_day_estimate": 2.5 }, "geometry": { "type": "Point", "coordinates": [ 77.666195481585376, 12.924970841433527 ] } },
{ "type": "Feature", "properties": { "area_sqm": 1222.7007140368978, "class": "LARGE FLAT", "waste_kg_day_estimate": 2.5 }, "geometry": { "type": "Point", "coordinates": [ 77.667980726903892, 12.924958177148671 ] } },
{ "type": "Feature", "properties": { "area_sqm": 973.16995607018407, "class": "LARGE FLAT", "waste_kg_day_estimate": 2.5 }, "geometry": { "type": "Point", "coordinates": [ 77.664914033352076, 12.92494331241506 ] } },
{ "type": "Feature", "properties": { "area_sqm": 998.1230318668554, "class": "LARGE FLAT", "waste_kg_day_estimate": 2.5 }, "geometry": { "type": "Point", "coordinates": [ 77.667507148156091, 12.924964704756494 ] } },
{ "type": "Feature", "properties": { "area_sqm": 474.10844013675631, "class": "MEDIUM", "waste_kg_day_estimate": 1.2 }, "geometry": { "type": "Point", "coordinates": [ 77.665328614009397, 12.924901958516703 ] } },
{ "type": "Feature", "properties": { "area_sqm": 998.1230318668554, "class": "LARGE FLAT", "waste_kg_day_estimate": 2.5 }, "geometry": { "type": "Point", "coordinates": [ 77.667027141488788, 12.924717545787562 ] } },
{ "type": "Feature", "properties": { "area_sqm": 1996.2460637337108, "class": "LARGE FLAT", "waste_kg_day_estimate": 2.5 }, "geometry": { "type": "Point", "coordinates": [ 77.666075844982302, 12.924304309411905 ] } },
{ "type": "Feature", "properties": { "area_sqm": 449.15536434008493, "class": "MEDIUM", "waste_kg_day_estimate": 1.2 }, "geometry": { "type": "Point", "coordinates": [ 77.66531515645022, 12.924496730559914 ] } },
{ "type": "Feature", "properties": { "area_sqm": 11403.555639078822, "class": "LARGE FLAT", "waste_kg_day_estimate": 2.5 }, "geometry": { "type": "Point", "coordinates": [ 77.662977698622242, 12.924002278298445 ] } },
{ "type": "Feature", "properties": { "area_sqm": 873.35765288349853, "class": "LARGE FLAT", "waste_kg_day_estimate": 2.5 }, "geometry": { "type": "Point", "coordinates": [ 77.666656053664028, 12.924430125629121 ] } },
{ "type": "Feature", "properties": { "area_sqm": 449.15536434008493, "class": "MEDIUM", "waste_kg_day_estimate": 1.2 }, "geometry": { "type": "Point", "coordinates": [ 77.667536333387943, 12.924387379181001 ] } },
{ "type": "Feature", "properties": { "area_sqm": 1547.090699393626, "class": "LARGE FLAT", "waste_kg_day_estimate": 2.5 }, "geometry": { "type": "Point", "coordinates": [ 77.666878561747907, 12.924158975897623 ] } },
{ "type": "Feature", "properties": { "area_sqm": 5040.5213109276201, "class": "LARGE FLAT", "waste_kg_day_estimate": 2.5 }, "geometry": { "type": "Point", "coordinates": [ 77.650872033964248, 12.923806320796285 ] } },
{ "type": "Feature", "properties": { "area_sqm": 2395.495276480453, "class": "LARGE FLAT", "waste_kg_day_estimate": 2.5 }, "geometry": { "type": "Point", "coordinates": [ 77.664337903166725, 12.924000766138221 ] } },
{ "type": "Feature", "properties": { "area_sqm": 499.0615159334277, "class": "MEDIUM", "waste_kg_day_estimate": 1.2 }, "geometry": { "type": "Point", "coordinates": [ 77.665222176950508, 12.924063301458038 ] } },
{ "type": "Feature", "properties": { "area_sqm": 399.24921274674216, "class": "MEDIUM", "waste_kg_day_estimate": 1.2 }, "geometry": { "type": "Point", "coordinates": [ 77.648241795814414, 12.923900579150438 ] } },
{ "type": "Feature", "properties": { "area_sqm": 798.49842549348432, "class": "LARGE FLAT", "waste_kg_day_estimate": 2.5 }, "geometry": { "type": "Point", "coordinates": [ 77.66588175027664, 12.923426671398921 ] } },
{ "type": "Feature", "properties": { "area_sqm": 1921.3868363436966, "class": "LARGE FLAT", "waste_kg_day_estimate": 2.5 }, "geometry": { "type": "Point", "coordinates": [ 77.649220948435641, 12.923283407940039 ] } },
{ "type": "Feature", "properties": { "area_sqm": 748.59227390014155, "class": "LARGE FLAT", "waste_kg_day_estimate": 2.5 }, "geometry": { "type": "Point", "coordinates": [ 77.647229094096645, 12.923275971529856 ] } },
{ "type": "Feature", "properties": { "area_sqm": 1746.7153057669971, "class": "LARGE FLAT", "waste_kg_day_estimate": 2.5 }, "geometry": { "type": "Point", "coordinates": [ 77.650271737535064, 12.923019066796797 ] } },
{ "type": "Feature", "properties": { "area_sqm": 374.29613695007077, "class": "MEDIUM", "waste_kg_day_estimate": 1.2 }, "geometry": { "type": "Point", "coordinates": [ 77.651292298234353, 12.923180537599167 ] } },
{ "type": "Feature", "properties": { "area_sqm": 3218.9467777706086, "class": "LARGE FLAT", "waste_kg_day_estimate": 2.5 }, "geometry": { "type": "Point", "coordinates": [ 77.646359411427184, 12.922630821512948 ] } },
{ "type": "Feature", "properties": { "area_sqm": 399.24921274674216, "class": "MEDIUM", "waste_kg_day_estimate": 1.2 }, "geometry": { "type": "Point", "coordinates": [ 77.66445509607783, 12.923003090134292 ] } },
{ "type": "Feature", "properties": { "area_sqm": 623.82689491678457, "class": "LARGE FLAT", "waste_kg_day_estimate": 2.5 }, "geometry": { "type": "Point", "coordinates": [ 77.649126495754246, 12.922905568586371 ] } },
{ "type": "Feature", "properties": { "area_sqm": 973.16995607018407, "class": "LARGE FLAT", "waste_kg_day_estimate": 2.5 }, "geometry": { "type": "Point", "coordinates": [ 77.651159027618093, 12.922844224756885 ] } },
{ "type": "Feature", "properties": { "area_sqm": 1746.7153057669971, "class": "LARGE FLAT", "waste_kg_day_estimate": 2.5 }, "geometry": { "type": "Point", "coordinates": [ 77.664997033733329, 12.922706563278226 ] } },
{ "type": "Feature", "properties": { "area_sqm": 623.82689491678457, "class": "LARGE FLAT", "waste_kg_day_estimate": 2.5 }, "geometry": { "type": "Point", "coordinates": [ 77.663309588641297, 12.922630003111507 ] } },
{ "type": "Feature", "properties": { "area_sqm": 499.0615159334277, "class": "MEDIUM", "waste_kg_day_estimate": 1.2 }, "geometry": { "type": "Point", "coordinates": [ 77.662639671345829, 12.922627319032207 ] } },
{ "type": "Feature", "properties": { "area_sqm": 1272.6068656302407, "class": "LARGE FLAT", "waste_kg_day_estimate": 2.5 }, "geometry": { "type": "Point", "coordinates": [ 77.649101628295881, 12.922424609644503 ] } },
{ "type": "Feature", "properties": { "area_sqm": 598.87381912011324, "class": "LARGE FLAT", "waste_kg_day_estimate": 2.5 }, "geometry": { "type": "Point", "coordinates": [ 77.647137664255254, 12.922458818498335 ] } },
{ "type": "Feature", "properties": { "area_sqm": 673.73304651012745, "class": "LARGE FLAT", "waste_kg_day_estimate": 2.5 }, "geometry": { "type": "Point", "coordinates": [ 77.646608197659646, 12.92230473246441 ] } },
{ "type": "Feature", "properties": { "area_sqm": 673.73304651012745, "class": "LARGE FLAT", "waste_kg_day_estimate": 2.5 }, "geometry": { "type": "Point", "coordinates": [ 77.665364228963966, 12.922210292637166 ] } },
{ "type": "Feature", "properties": { "area_sqm": 374.29613695007077, "class": "MEDIUM", "waste_kg_day_estimate": 1.2 }, "geometry": { "type": "Point", "coordinates": [ 77.64571972688455, 12.922086029706582 ] } },
{ "type": "Feature", "properties": { "area_sqm": 499.0615159334277, "class": "MEDIUM", "waste_kg_day_estimate": 1.2 }, "geometry": { "type": "Point", "coordinates": [ 77.662367706309155, 12.922023401189568 ] } },
{ "type": "Feature", "properties": { "area_sqm": 399.24921274674216, "class": "MEDIUM", "waste_kg_day_estimate": 1.2 }, "geometry": { "type": "Point", "coordinates": [ 77.647207398880056, 12.921929458414047 ] } },
{ "type": "Feature", "properties": { "area_sqm": 1197.7476382402265, "class": "LARGE FLAT", "waste_kg_day_estimate": 2.5 }, "geometry": { "type": "Point", "coordinates": [ 77.647763338805447, 12.921636819212521 ] } },
{ "type": "Feature", "properties": { "area_sqm": 848.40457708682709, "class": "LARGE FLAT", "waste_kg_day_estimate": 2.5 }, "geometry": { "type": "Point", "coordinates": [ 77.64559256374524, 12.921663681934279 ] } },
{ "type": "Feature", "properties": { "area_sqm": 573.92074332344191, "class": "LARGE FLAT", "waste_kg_day_estimate": 2.5 }, "geometry": { "type": "Point", "coordinates": [ 77.646518137806055, 12.921677582856487 ] } },
{ "type": "Feature", "properties": { "area_sqm": 374.29613695007077, "class": "MEDIUM", "waste_kg_day_estimate": 1.2 }, "geometry": { "type": "Point", "coordinates": [ 77.650973068618654, 12.921638683156479 ] } },
{ "type": "Feature", "properties": { "area_sqm": 848.40457708682709, "class": "LARGE FLAT", "waste_kg_day_estimate": 2.5 }, "geometry": { "type": "Point", "coordinates": [ 77.647281235541584, 12.921538688045279 ] } },
{ "type": "Feature", "properties": { "area_sqm": 449.15536434008493, "class": "MEDIUM", "waste_kg_day_estimate": 1.2 }, "geometry": { "type": "Point", "coordinates": [ 77.649537051900779, 12.921571581173964 ] } },
{ "type": "Feature", "properties": { "area_sqm": 1696.8091541736542, "class": "LARGE FLAT", "waste_kg_day_estimate": 2.5 }, "geometry": { "type": "Point", "coordinates": [ 77.664438004258031, 12.921392642553922 ] } },
{ "type": "Feature", "properties": { "area_sqm": 424.20228854341354, "class": "MEDIUM", "waste_kg_day_estimate": 1.2 }, "geometry": { "type": "Point", "coordinates": [ 77.665190728002074, 12.921588685600879 ] } },
{ "type": "Feature", "properties": { "area_sqm": 573.92074332344191, "class": "LARGE FLAT", "waste_kg_day_estimate": 2.5 }, "geometry": { "type": "Point", "coordinates": [ 77.664958398152393, 12.921339155466411 ] } },
{ "type": "Feature", "properties": { "area_sqm": 524.01459173009903, "class": "LARGE FLAT", "waste_kg_day_estimate": 2.5 }, "geometry": { "type": "Point", "coordinates": [ 77.665364966896504, 12.921368145004751 ] } },
{ "type": "Feature", "properties": { "area_sqm": 6412.9404797445459, "class": "LARGE FLAT", "waste_kg_day_estimate": 2.5 }, "geometry": { "type": "Point", "coordinates": [ 77.663403378545993, 12.920981936645376 ] } },
{ "type": "Feature", "properties": { "area_sqm": 499.0615159334277, "class": "MEDIUM", "waste_kg_day_estimate": 1.2 }, "geometry": { "type": "Point", "coordinates": [ 77.663966953704303, 12.921280805916396 ] } },
{ "type": "Feature", "properties": { "area_sqm": 499.0615159334277, "class": "MEDIUM", "waste_kg_day_estimate": 1.2 }, "geometry": { "type": "Point", "coordinates": [ 77.650229232620902, 12.921258438588891 ] } },
{ "type": "Feature", "properties": { "area_sqm": 3443.524459940651, "class": "LARGE FLAT", "waste_kg_day_estimate": 2.5 }, "geometry": { "type": "Point", "coordinates": [ 77.643940988629069, 12.920682398864592 ] } },
{ "type": "Feature", "properties": { "area_sqm": 848.40457708682709, "class": "LARGE FLAT", "waste_kg_day_estimate": 2.5 }, "geometry": { "type": "Point", "coordinates": [ 77.64736737831339, 12.920808460588495 ] } },
{ "type": "Feature", "properties": { "area_sqm": 548.96766752677047, "class": "LARGE FLAT", "waste_kg_day_estimate": 2.5 }, "geometry": { "type": "Point", "coordinates": [ 77.650759638403386, 12.920843626333342 ] } },
{ "type": "Feature", "properties": { "area_sqm": 1172.7945624435552, "class": "LARGE FLAT", "waste_kg_day_estimate": 2.5 }, "geometry": { "type": "Point", "coordinates": [ 77.644706843823798, 12.920721146828184 ] } },
{ "type": "Feature", "properties": { "area_sqm": 723.63919810347011, "class": "LARGE FLAT", "waste_kg_day_estimate": 2.5 }, "geometry": { "type": "Point", "coordinates": [ 77.652164168071934, 12.920717766292992 ] } },
{ "type": "Feature", "properties": { "area_sqm": 499.0615159334277, "class": "MEDIUM", "waste_kg_day_estimate": 1.2 }, "geometry": { "type": "Point", "coordinates": [ 77.647751328953404, 12.920667941142757 ] } },
{ "type": "Feature", "properties": { "area_sqm": 474.10844013675631, "class": "MEDIUM", "waste_kg_day_estimate": 1.2 }, "geometry": { "type": "Point", "coordinates": [ 77.652766594231636, 12.920661584112834 ] } },
{ "type": "Feature", "properties": { "area_sqm": 399.24921274674216, "class": "MEDIUM", "waste_kg_day_estimate": 1.2 }, "geometry": { "type": "Point", "coordinates": [ 77.650269911152023, 12.920537092276851 ] } },
{ "type": "Feature", "properties": { "area_sqm": 449.15536434008493, "class": "MEDIUM", "waste_kg_day_estimate": 1.2 }, "geometry": { "type": "Point", "coordinates": [ 77.653635898180028, 12.920547654625951 ] } },
{ "type": "Feature", "properties": { "area_sqm": 499.0615159334277, "class": "MEDIUM", "waste_kg_day_estimate": 1.2 }, "geometry": { "type": "Point", "coordinates": [ 77.654111126734151, 12.920565051436233 ] } },
{ "type": "Feature", "properties": { "area_sqm": 548.96766752677047, "class": "LARGE FLAT", "waste_kg_day_estimate": 2.5 }, "geometry": { "type": "Point", "coordinates": [ 77.648807068909292, 12.920367812275504 ] } },
{ "type": "Feature", "properties": { "area_sqm": 399.24921274674216, "class": "MEDIUM", "waste_kg_day_estimate": 1.2 }, "geometry": { "type": "Point", "coordinates": [ 77.652100445052739, 12.920377725068377 ] } },
{ "type": "Feature", "properties": { "area_sqm": 1497.1845478002831, "class": "LARGE FLAT", "waste_kg_day_estimate": 2.5 }, "geometry": { "type": "Point", "coordinates": [ 77.650028551867337, 12.920186298023811 ] } },
{ "type": "Feature", "properties": { "area_sqm": 449.15536434008493, "class": "MEDIUM", "waste_kg_day_estimate": 1.2 }, "geometry": { "type": "Point", "coordinates": [ 77.653669474110487, 12.920291672988947 ] } },
{ "type": "Feature", "properties": { "area_sqm": 1297.559941426912, "class": "LARGE FLAT", "waste_kg_day_estimate": 2.5 }, "geometry": { "type": "Point", "coordinates": [ 77.645418437544123, 12.919968015848211 ] } },
{ "type": "Feature", "properties": { "area_sqm": 648.77997071345601, "class": "LARGE FLAT", "waste_kg_day_estimate": 2.5 }, "geometry": { "type": "Point", "coordinates": [ 77.652129948163221, 12.920028235576108 ] } },
{ "type": "Feature", "properties": { "area_sqm": 399.24921274674216, "class": "MEDIUM", "waste_kg_day_estimate": 1.2 }, "geometry": { "type": "Point", "coordinates": [ 77.643819458359062, 12.91992199077046 ] } },
{ "type": "Feature", "properties": { "area_sqm": 773.54534969681299, "class": "LARGE FLAT", "waste_kg_day_estimate": 2.5 }, "geometry": { "type": "Point", "coordinates": [ 77.646577537752918, 12.919771372073146 ] } },
{ "type": "Feature", "properties": { "area_sqm": 598.87381912011324, "class": "LARGE FLAT", "waste_kg_day_estimate": 2.5 }, "geometry": { "type": "Point", "coordinates": [ 77.646949768182907, 12.919832521460439 ] } },
{ "type": "Feature", "properties": { "area_sqm": 424.20228854341354, "class": "MEDIUM", "waste_kg_day_estimate": 1.2 }, "geometry": { "type": "Point", "coordinates": [ 77.648325887567836, 12.919704567189857 ] } },
{ "type": "Feature", "properties": { "area_sqm": 374.29613695007077, "class": "MEDIUM", "waste_kg_day_estimate": 1.2 }, "geometry": { "type": "Point", "coordinates": [ 77.649727143322423, 12.919721057611705 ] } },
{ "type": "Feature", "properties": { "area_sqm": 573.92074332344191, "class": "LARGE FLAT", "waste_kg_day_estimate": 2.5 }, "geometry": { "type": "Point", "coordinates": [ 77.654407246227819, 12.919530319415994 ] } },
{ "type": "Feature", "properties": { "area_sqm": 648.77997071345601, "class": "LARGE FLAT", "waste_kg_day_estimate": 2.5 }, "geometry": { "type": "Point", "coordinates": [ 77.647938718406678, 12.919530992680032 ] } },
{ "type": "Feature", "properties": { "area_sqm": 1422.3253204102689, "class": "LARGE FLAT", "waste_kg_day_estimate": 2.5 }, "geometry": { "type": "Point", "coordinates": [ 77.653381563905214, 12.919468659979225 ] } },
{ "type": "Feature", "properties": { "area_sqm": 499.0615159334277, "class": "MEDIUM", "waste_kg_day_estimate": 1.2 }, "geometry": { "type": "Point", "coordinates": [ 77.653920518759719, 12.919502603379739 ] } },
{ "type": "Feature", "properties": { "area_sqm": 499.0615159334277, "class": "MEDIUM", "waste_kg_day_estimate": 1.2 }, "geometry": { "type": "Point", "coordinates": [ 77.652855903487946, 12.919460105457478 ] } },
{ "type": "Feature", "properties": { "area_sqm": 1547.090699393626, "class": "LARGE FLAT", "waste_kg_day_estimate": 2.5 }, "geometry": { "type": "Point", "coordinates": [ 77.650255476834531, 12.919325468576432 ] } },
{ "type": "Feature", "properties": { "area_sqm": 424.20228854341354, "class": "MEDIUM", "waste_kg_day_estimate": 1.2 }, "geometry": { "type": "Point", "coordinates": [ 77.652575597643207, 12.919388793154491 ] } },
{ "type": "Feature", "properties": { "area_sqm": 374.29613695007077, "class": "MEDIUM", "waste_kg_day_estimate": 1.2 }, "geometry": { "type": "Point", "coordinates": [ 77.650966869985339, 12.919333357268282 ] } },
{ "type": "Feature", "properties": { "area_sqm": 1921.3868363436966, "class": "LARGE FLAT", "waste_kg_day_estimate": 2.5 }, "geometry": { "type": "Point", "coordinates": [ 77.646268547438083, 12.919196868156373 ] } },
{ "type": "Feature", "properties": { "area_sqm": 548.96766752677047, "class": "LARGE FLAT", "waste_kg_day_estimate": 2.5 }, "geometry": { "type": "Point", "coordinates": [ 77.645785235168447, 12.919263679654115 ] } },
{ "type": "Feature", "properties": { "area_sqm": 698.68612230679878, "class": "LARGE FLAT", "waste_kg_day_estimate": 2.5 }, "geometry": { "type": "Point", "coordinates": [ 77.649150006284884, 12.919231000117176 ] } },
{ "type": "Feature", "properties": { "area_sqm": 399.24921274674216, "class": "MEDIUM", "waste_kg_day_estimate": 1.2 }, "geometry": { "type": "Point", "coordinates": [ 77.647474714941737, 12.919111175148398 ] } },
{ "type": "Feature", "properties": { "area_sqm": 424.20228854341354, "class": "MEDIUM", "waste_kg_day_estimate": 1.2 }, "geometry": { "type": "Point", "coordinates": [ 77.650554660869915, 12.919133542475903 ] } },
{ "type": "Feature", "properties": { "area_sqm": 399.24921274674216, "class": "MEDIUM", "waste_kg_day_estimate": 1.2 }, "geometry": { "type": "Point", "coordinates": [ 77.653251066361747, 12.919111175148398 ] } },
{ "type": "Feature", "properties": { "area_sqm": 623.82689491678457, "class": "LARGE FLAT", "waste_kg_day_estimate": 2.5 }, "geometry": { "type": "Point", "coordinates": [ 77.639196285184312, 12.918979655262667 ] } },
{ "type": "Feature", "properties": { "area_sqm": 598.87381912011324, "class": "LARGE FLAT", "waste_kg_day_estimate": 2.5 }, "geometry": { "type": "Point", "coordinates": [ 77.644842232855964, 12.918988154847121 ] } },
{ "type": "Feature", "properties": { "area_sqm": 623.82689491678457, "class": "LARGE FLAT", "waste_kg_day_estimate": 2.5 }, "geometry": { "type": "Point", "coordinates": [ 77.643265068091992, 12.918818610504632 ] } },
{ "type": "Feature", "properties": { "area_sqm": 374.29613695007077, "class": "MEDIUM", "waste_kg_day_estimate": 1.2 }, "geometry": { "type": "Point", "coordinates": [ 77.654404012158267, 12.918918816131853 ] } },
{ "type": "Feature", "properties": { "area_sqm": 2320.636049090439, "class": "LARGE FLAT", "waste_kg_day_estimate": 2.5 }, "geometry": { "type": "Point", "coordinates": [ 77.643865135788019, 12.918678499641068 ] } },
{ "type": "Feature", "properties": { "area_sqm": 598.87381912011324, "class": "LARGE FLAT", "waste_kg_day_estimate": 2.5 }, "geometry": { "type": "Point", "coordinates": [ 77.649289752259165, 12.918736522412686 ] } },
{ "type": "Feature", "properties": { "area_sqm": 923.26380447684119, "class": "LARGE FLAT", "waste_kg_day_estimate": 2.5 }, "geometry": { "type": "Point", "coordinates": [ 77.646946051097061, 12.91870191350729 ] } },
{ "type": "Feature", "properties": { "area_sqm": 2270.7298974970959, "class": "LARGE FLAT", "waste_kg_day_estimate": 2.5 }, "geometry": { "type": "Point", "coordinates": [ 77.653744572937185, 12.918520530225377 ] } },
{ "type": "Feature", "properties": { "area_sqm": 548.96766752677047, "class": "LARGE FLAT", "waste_kg_day_estimate": 2.5 }, "geometry": { "type": "Point", "coordinates": [ 77.652145878217368, 12.918661795204885 ] } },
{ "type": "Feature", "properties": { "area_sqm": 474.10844013675631, "class": "MEDIUM", "waste_kg_day_estimate": 1.2 }, "geometry": { "type": "Point", "coordinates": [ 77.649008264979855, 12.91860378998236 ] } },
{ "type": "Feature", "properties": { "area_sqm": 499.0615159334277, "class": "MEDIUM", "waste_kg_day_estimate": 1.2 }, "geometry": { "type": "Point", "coordinates": [ 77.652528150751436, 12.918565412357273 ] } },
{ "type": "Feature", "properties": { "area_sqm": 499.0615159334277, "class": "MEDIUM", "waste_kg_day_estimate": 1.2 }, "geometry": { "type": "Point", "coordinates": [ 77.653227821486823, 12.91855199196077 ] } },
{ "type": "Feature", "properties": { "area_sqm": 673.73304651012745, "class": "LARGE FLAT", "waste_kg_day_estimate": 2.5 }, "geometry": { "type": "Point", "coordinates": [ 77.649674799307761, 12.918507257305759 ] } },
{ "type": "Feature", "properties": { "area_sqm": 1522.1376235969544, "class": "LARGE FLAT", "waste_kg_day_estimate": 2.5 }, "geometry": { "type": "Point", "coordinates": [ 77.650368701870477, 12.918505790595759 ] } },
{ "type": "Feature", "properties": { "area_sqm": 2046.1522153270535, "class": "LARGE FLAT", "waste_kg_day_estimate": 2.5 }, "geometry": { "type": "Point", "coordinates": [ 77.651612019205132, 12.918184294918367 ] } },
{ "type": "Feature", "properties": { "area_sqm": 673.73304651012745, "class": "LARGE FLAT", "waste_kg_day_estimate": 2.5 }, "geometry": { "type": "Point", "coordinates": [ 77.652145643420653, 12.918402876444068 ] } },
{ "type": "Feature", "properties": { "area_sqm": 449.15536434008493, "class": "MEDIUM", "waste_kg_day_estimate": 1.2 }, "geometry": { "type": "Point", "coordinates": [ 77.648751891680931, 12.918313407134049 ] } },
{ "type": "Feature", "properties": { "area_sqm": 4242.0228854341358, "class": "LARGE FLAT", "waste_kg_day_estimate": 2.5 }, "geometry": { "type": "Point", "coordinates": [ 77.642291518036117, 12.917831764015103 ] } },
{ "type": "Feature", "properties": { "area_sqm": 2395.495276480453, "class": "LARGE FLAT", "waste_kg_day_estimate": 2.5 }, "geometry": { "type": "Point", "coordinates": [ 77.643033975293733, 12.917888893897439 ] } },
{ "type": "Feature", "properties": { "area_sqm": 548.96766752677047, "class": "LARGE FLAT", "waste_kg_day_estimate": 2.5 }, "geometry": { "type": "Point", "coordinates": [ 77.644589180694794, 12.918249016342745 ] } },
{ "type": "Feature", "properties": { "area_sqm": 573.92074332344191, "class": "LARGE FLAT", "waste_kg_day_estimate": 2.5 }, "geometry": { "type": "Point", "coordinates": [ 77.64352864476075, 12.918184389795686 ] } },
{ "type": "Feature", "properties": { "area_sqm": 973.16995607018407, "class": "LARGE FLAT", "waste_kg_day_estimate": 2.5 }, "geometry": { "type": "Point", "coordinates": [ 77.643848216441498, 12.918081704561944 ] } },
{ "type": "Feature", "properties": { "area_sqm": 474.10844013675631, "class": "MEDIUM", "waste_kg_day_estimate": 1.2 }, "geometry": { "type": "Point", "coordinates": [ 77.645514193253604, 12.918191760265159 ] } },
{ "type": "Feature", "properties": { "area_sqm": 1996.2460637337108, "class": "LARGE FLAT", "waste_kg_day_estimate": 2.5 }, "geometry": { "type": "Point", "coordinates": [ 77.647506676644767, 12.91801685365021 ] } },
{ "type": "Feature", "properties": { "area_sqm": 1097.9353350535409, "class": "LARGE FLAT", "waste_kg_day_estimate": 2.5 }, "geometry": { "type": "Point", "coordinates": [ 77.65057684915962, 12.918168697303068 ] } },
{ "type": "Feature", "properties": { "area_sqm": 499.0615159334277, "class": "MEDIUM", "waste_kg_day_estimate": 1.2 }, "geometry": { "type": "Point", "coordinates": [ 77.645996340896218, 12.918091225014164 ] } },
{ "type": "Feature", "properties": { "area_sqm": 598.87381912011324, "class": "LARGE FLAT", "waste_kg_day_estimate": 2.5 }, "geometry": { "type": "Point", "coordinates": [ 77.651131908597335, 12.918171747393181 ] } },
{ "type": "Feature", "properties": { "area_sqm": 499.0615159334277, "class": "MEDIUM", "waste_kg_day_estimate": 1.2 }, "geometry": { "type": "Point", "coordinates": [ 77.644338981313737, 12.918059910755657 ] } },
{ "type": "Feature", "properties": { "area_sqm": 449.15536434008493, "class": "MEDIUM", "waste_kg_day_estimate": 1.2 }, "geometry": { "type": "Point", "coordinates": [ 77.64484158716499, 12.918012690842035 ] } },
{ "type": "Feature", "properties": { "area_sqm": 2320.636049090439, "class": "LARGE FLAT", "waste_kg_day_estimate": 2.5 }, "geometry": { "type": "Point", "coordinates": [ 77.645336811310443, 12.917601981814046 ] } },
{ "type": "Feature", "properties": { "area_sqm": 424.20228854341354, "class": "MEDIUM", "waste_kg_day_estimate": 1.2 }, "geometry": { "type": "Point", "coordinates": [ 77.649780743269318, 12.917946758392983 ] } },
{ "type": "Feature", "properties": { "area_sqm": 399.24921274674216, "class": "MEDIUM", "waste_kg_day_estimate": 1.2 }, "geometry": { "type": "Point", "coordinates": [ 77.65012463068372, 12.917959257781883 ] } },
{ "type": "Feature", "properties": { "area_sqm": 424.20228854341354, "class": "MEDIUM", "waste_kg_day_estimate": 1.2 }, "geometry": { "type": "Point", "coordinates": [ 77.646324093632728, 12.917880972135615 ] } },
{ "type": "Feature", "properties": { "area_sqm": 474.10844013675631, "class": "MEDIUM", "waste_kg_day_estimate": 1.2 }, "geometry": { "type": "Point", "coordinates": [ 77.648350067995011, 12.917890389957723 ] } },
{ "type": "Feature", "properties": { "area_sqm": 1222.7007140368978, "class": "LARGE FLAT", "waste_kg_day_estimate": 2.5 }, "geometry": { "type": "Point", "coordinates": [ 77.653417101182683, 12.917938488120628 ] } },
{ "type": "Feature", "properties": { "area_sqm": 823.45150129015565, "class": "LARGE FLAT", "waste_kg_day_estimate": 2.5 }, "geometry": { "type": "Point", "coordinates": [ 77.647014395979113, 12.917760324126649 ] } },
{ "type": "Feature", "properties": { "area_sqm": 923.26380447684119, "class": "LARGE FLAT", "waste_kg_day_estimate": 2.5 }, "geometry": { "type": "Point", "coordinates": [ 77.643453037458983, 12.917703242560304 ] } },
{ "type": "Feature", "properties": { "area_sqm": 1172.7945624435552, "class": "LARGE FLAT", "waste_kg_day_estimate": 2.5 }, "geometry": { "type": "Point", "coordinates": [ 77.645915577320125, 12.917697274509722 ] } },
{ "type": "Feature", "properties": { "area_sqm": 673.73304651012745, "class": "LARGE FLAT", "waste_kg_day_estimate": 2.5 }, "geometry": { "type": "Point", "coordinates": [ 77.64809070412737, 12.917657298860563 ] } },
{ "type": "Feature", "properties": { "area_sqm": 2096.0583669203961, "class": "LARGE FLAT", "waste_kg_day_estimate": 2.5 }, "geometry": { "type": "Point", "coordinates": [ 77.652177374519766, 12.917484750905524 ] } },
{ "type": "Feature", "properties": { "area_sqm": 748.59227390014155, "class": "LARGE FLAT", "waste_kg_day_estimate": 2.5 }, "geometry": { "type": "Point", "coordinates": [ 77.644253750105662, 12.917628966912391 ] } },
{ "type": "Feature", "properties": { "area_sqm": 399.24921274674216, "class": "MEDIUM", "waste_kg_day_estimate": 1.2 }, "geometry": { "type": "Point", "coordinates": [ 77.644566199966178, 12.917646115196812 ] } },
{ "type": "Feature", "properties": { "area_sqm": 873.35765288349853, "class": "LARGE FLAT", "waste_kg_day_estimate": 2.5 }, "geometry": { "type": "Point", "coordinates": [ 77.649664714229758, 12.917581889013546 ] } },
{ "type": "Feature", "properties": { "area_sqm": 424.20228854341354, "class": "MEDIUM", "waste_kg_day_estimate": 1.2 }, "geometry": { "type": "Point", "coordinates": [ 77.652862740215866, 12.917578355351722 ] } },
{ "type": "Feature", "properties": { "area_sqm": 474.10844013675631, "class": "MEDIUM", "waste_kg_day_estimate": 1.2 }, "geometry": { "type": "Point", "coordinates": [ 77.648389217258057, 12.917520740440006 ] } },
{ "type": "Feature", "properties": { "area_sqm": 499.0615159334277, "class": "MEDIUM", "waste_kg_day_estimate": 1.2 }, "geometry": { "type": "Point", "coordinates": [ 77.649206458123999, 12.917500727568028 ] } },
{ "type": "Feature", "properties": { "area_sqm": 873.35765288349853, "class": "LARGE FLAT", "waste_kg_day_estimate": 2.5 }, "geometry": { "type": "Point", "coordinates": [ 77.625543175445642, 12.917547379422539 ] } },
{ "type": "Feature", "properties": { "area_sqm": 573.92074332344191, "class": "LARGE FLAT", "waste_kg_day_estimate": 2.5 }, "geometry": { "type": "Point", "coordinates": [ 77.651658287105704, 12.917474470270522 ] } },
{ "type": "Feature", "properties": { "area_sqm": 424.20228854341354, "class": "MEDIUM", "waste_kg_day_estimate": 1.2 }, "geometry": { "type": "Point", "coordinates": [ 77.624184033935052, 12.917446782836986 ] } },
{ "type": "Feature", "properties": { "area_sqm": 499.0615159334277, "class": "MEDIUM", "waste_kg_day_estimate": 1.2 }, "geometry": { "type": "Point", "coordinates": [ 77.654069285959281, 12.917348629740992 ] } },
{ "type": "Feature", "properties": { "area_sqm": 399.24921274674216, "class": "MEDIUM", "waste_kg_day_estimate": 1.2 }, "geometry": { "type": "Point", "coordinates": [ 77.646649521881741, 12.917349748107368 ] } },
{ "type": "Feature", "properties": { "area_sqm": 449.15536434008493, "class": "MEDIUM", "waste_kg_day_estimate": 1.2 }, "geometry": { "type": "Point", "coordinates": [ 77.652582130516549, 12.91726711325853 ] } },
{ "type": "Feature", "properties": { "area_sqm": 449.15536434008493, "class": "MEDIUM", "waste_kg_day_estimate": 1.2 }, "geometry": { "type": "Point", "coordinates": [ 77.648460039362362, 12.917033498949031 ] } },
{ "type": "Feature", "properties": { "area_sqm": 573.92074332344191, "class": "LARGE FLAT", "waste_kg_day_estimate": 2.5 }, "geometry": { "type": "Point", "coordinates": [ 77.649665291742167, 12.917067968405428 ] } },
{ "type": "Feature", "properties": { "area_sqm": 1846.5276089536824, "class": "LARGE FLAT", "waste_kg_day_estimate": 2.5 }, "geometry": { "type": "Point", "coordinates": [ 77.62506194371062, 12.916853888637474 ] } },
{ "type": "Feature", "properties": { "area_sqm": 4441.6474918075064, "class": "LARGE FLAT", "waste_kg_day_estimate": 2.5 }, "geometry": { "type": "Point", "coordinates": [ 77.642317356258616, 12.916480626642821 ] } },
{ "type": "Feature", "properties": { "area_sqm": 474.10844013675631, "class": "MEDIUM", "waste_kg_day_estimate": 1.2 }, "geometry": { "type": "Point", "coordinates": [ 77.640645003663082, 12.916943898835926 ] } },
{ "type": "Feature", "properties": { "area_sqm": 374.29613695007077, "class": "MEDIUM", "waste_kg_day_estimate": 1.2 }, "geometry": { "type": "Point", "coordinates": [ 77.64795743351111, 12.916974349794073 ] } },
{ "type": "Feature", "properties": { "area_sqm": 598.87381912011324, "class": "LARGE FLAT", "waste_kg_day_estimate": 2.5 }, "geometry": { "type": "Point", "coordinates": [ 77.638310423000732, 12.91685021112642 ] } },
{ "type": "Feature", "properties": { "area_sqm": 4117.2575064507782, "class": "LARGE FLAT", "waste_kg_day_estimate": 2.5 }, "geometry": { "type": "Point", "coordinates": [ 77.641581857391017, 12.916383581228816 ] } },
{ "type": "Feature", "properties": { "area_sqm": 723.63919810347011, "class": "LARGE FLAT", "waste_kg_day_estimate": 2.5 }, "geometry": { "type": "Point", "coordinates": [ 77.645355824359797, 12.916879841407971 ] } },
{ "type": "Feature", "properties": { "area_sqm": 948.21688027351263, "class": "LARGE FLAT", "waste_kg_day_estimate": 2.5 }, "geometry": { "type": "Point", "coordinates": [ 77.646956598913704, 12.916681377044682 ] } },
{ "type": "Feature", "properties": { "area_sqm": 399.24921274674216, "class": "MEDIUM", "waste_kg_day_estimate": 1.2 }, "geometry": { "type": "Point", "coordinates": [ 77.644179753920469, 12.916852075070379 ] } },
{ "type": "Feature", "properties": { "area_sqm": 1372.4191688169262, "class": "LARGE FLAT", "waste_kg_day_estimate": 2.5 }, "geometry": { "type": "Point", "coordinates": [ 77.644737525260254, 12.916563333206222 ] } },
{ "type": "Feature", "properties": { "area_sqm": 1122.8884108502123, "class": "LARGE FLAT", "waste_kg_day_estimate": 2.5 }, "geometry": { "type": "Point", "coordinates": [ 77.652173537270571, 12.916721847519126 ] } },
{ "type": "Feature", "properties": { "area_sqm": 449.15536434008493, "class": "MEDIUM", "waste_kg_day_estimate": 1.2 }, "geometry": { "type": "Point", "coordinates": [ 77.651115120632113, 12.916814796191204 ] } },
{ "type": "Feature", "properties": { "area_sqm": 474.10844013675631, "class": "MEDIUM", "waste_kg_day_estimate": 1.2 }, "geometry": { "type": "Point", "coordinates": [ 77.649556354662408, 12.916781441404574 ] } },
{ "type": "Feature", "properties": { "area_sqm": 399.24921274674216, "class": "MEDIUM", "waste_kg_day_estimate": 1.2 }, "geometry": { "type": "Point", "coordinates": [ 77.650577905744839, 12.916796156751616 ] } },
{ "type": "Feature", "properties": { "area_sqm": 1072.9822592568696, "class": "LARGE FLAT", "waste_kg_day_estimate": 2.5 }, "geometry": { "type": "Point", "coordinates": [ 77.651702849575742, 12.9166117563423 ] } },
{ "type": "Feature", "properties": { "area_sqm": 2046.1522153270535, "class": "LARGE FLAT", "waste_kg_day_estimate": 2.5 }, "geometry": { "type": "Point", "coordinates": [ 77.643203043962302, 12.916550934465919 ] } },
{ "type": "Feature", "properties": { "area_sqm": 424.20228854341354, "class": "MEDIUM", "waste_kg_day_estimate": 1.2 }, "geometry": { "type": "Point", "coordinates": [ 77.642744382893568, 12.916538932485306 ] } },
{ "type": "Feature", "properties": { "area_sqm": 1023.0761076635267, "class": "LARGE FLAT", "waste_kg_day_estimate": 2.5 }, "geometry": { "type": "Point", "coordinates": [ 77.645248026007934, 12.916432005748941 ] } },
{ "type": "Feature", "properties": { "area_sqm": 898.31072868016986, "class": "LARGE FLAT", "waste_kg_day_estimate": 2.5 }, "geometry": { "type": "Point", "coordinates": [ 77.653727586297805, 12.916542660373224 ] } },
{ "type": "Feature", "properties": { "area_sqm": 573.92074332344191, "class": "LARGE FLAT", "waste_kg_day_estimate": 2.5 }, "geometry": { "type": "Point", "coordinates": [ 77.641105113887662, 12.91642223338528 ] } },
{ "type": "Feature", "properties": { "area_sqm": 598.87381912011324, "class": "LARGE FLAT", "waste_kg_day_estimate": 2.5 }, "geometry": { "type": "Point", "coordinates": [ 77.652793917154796, 12.916484878110502 ] } },
{ "type": "Feature", "properties": { "area_sqm": 873.35765288349853, "class": "LARGE FLAT", "waste_kg_day_estimate": 2.5 }, "geometry": { "type": "Point", "coordinates": [ 77.650733978476509, 12.916446906909286 ] } },
{ "type": "Feature", "properties": { "area_sqm": 374.29613695007077, "class": "MEDIUM", "waste_kg_day_estimate": 1.2 }, "geometry": { "type": "Point", "coordinates": [ 77.62725709755712, 12.916380870037603 ] } },
{ "type": "Feature", "properties": { "area_sqm": 598.87381912011324, "class": "LARGE FLAT", "waste_kg_day_estimate": 2.5 }, "geometry": { "type": "Point", "coordinates": [ 77.644133264170605, 12.916389816968605 ] } },
{ "type": "Feature", "properties": { "area_sqm": 374.29613695007077, "class": "MEDIUM", "waste_kg_day_estimate": 1.2 }, "geometry": { "type": "Point", "coordinates": [ 77.64585299750081, 12.91639279927894 ] } },
{ "type": "Feature", "properties": { "area_sqm": 449.15536434008493, "class": "MEDIUM", "waste_kg_day_estimate": 1.2 }, "geometry": { "type": "Point", "coordinates": [ 77.632981535423127, 12.916399758003053 ] } },
{ "type": "Feature", "properties": { "area_sqm": 399.24921274674216, "class": "MEDIUM", "waste_kg_day_estimate": 1.2 }, "geometry": { "type": "Point", "coordinates": [ 77.624590135573527, 12.916292891882749 ] } },
{ "type": "Feature", "properties": { "area_sqm": 399.24921274674216, "class": "MEDIUM", "waste_kg_day_estimate": 1.2 }, "geometry": { "type": "Point", "coordinates": [ 77.628030377063112, 12.916315259210256 ] } },
{ "type": "Feature", "properties": { "area_sqm": 648.77997071345601, "class": "LARGE FLAT", "waste_kg_day_estimate": 2.5 }, "geometry": { "type": "Point", "coordinates": [ 77.643747488650135, 12.916292891882749 ] } },
{ "type": "Feature", "properties": { "area_sqm": 1222.7007140368978, "class": "LARGE FLAT", "waste_kg_day_estimate": 2.5 }, "geometry": { "type": "Point", "coordinates": [ 77.624214896878243, 12.916186532958083 ] } },
{ "type": "Feature", "properties": { "area_sqm": 1347.4660930202549, "class": "LARGE FLAT", "waste_kg_day_estimate": 2.5 }, "geometry": { "type": "Point", "coordinates": [ 77.650939492688195, 12.916130521653454 ] } },
{ "type": "Feature", "properties": { "area_sqm": 773.54534969681299, "class": "LARGE FLAT", "waste_kg_day_estimate": 2.5 }, "geometry": { "type": "Point", "coordinates": [ 77.651653918503683, 12.916129105323277 ] } },
{ "type": "Feature", "properties": { "area_sqm": 973.16995607018407, "class": "LARGE FLAT", "waste_kg_day_estimate": 2.5 }, "geometry": { "type": "Point", "coordinates": [ 77.652200874832886, 12.916105350444438 ] } },
{ "type": "Feature", "properties": { "area_sqm": 573.92074332344191, "class": "LARGE FLAT", "waste_kg_day_estimate": 2.5 }, "geometry": { "type": "Point", "coordinates": [ 77.653344045861473, 12.916159660410219 ] } },
{ "type": "Feature", "properties": { "area_sqm": 4391.7413402141638, "class": "LARGE FLAT", "waste_kg_day_estimate": 2.5 }, "geometry": { "type": "Point", "coordinates": [ 77.631089455433113, 12.915996016444954 ] } },
{ "type": "Feature", "properties": { "area_sqm": 623.82689491678457, "class": "LARGE FLAT", "waste_kg_day_estimate": 2.5 }, "geometry": { "type": "Point", "coordinates": [ 77.62761289910938, 12.916039693735392 ] } },
{ "type": "Feature", "properties": { "area_sqm": 673.73304651012745, "class": "LARGE FLAT", "waste_kg_day_estimate": 2.5 }, "geometry": { "type": "Point", "coordinates": [ 77.644204505407657, 12.915985548234438 ] } },
{ "type": "Feature", "properties": { "area_sqm": 848.40457708682709, "class": "LARGE FLAT", "waste_kg_day_estimate": 2.5 }, "geometry": { "type": "Point", "coordinates": [ 77.647583418915673, 12.916006063800625 ] } },
{ "type": "Feature", "properties": { "area_sqm": 1671.8560783769829, "class": "LARGE FLAT", "waste_kg_day_estimate": 2.5 }, "geometry": { "type": "Point", "coordinates": [ 77.629409457329459, 12.915909976589491 ] } },
{ "type": "Feature", "properties": { "area_sqm": 1696.8091541736542, "class": "LARGE FLAT", "waste_kg_day_estimate": 2.5 }, "geometry": { "type": "Point", "coordinates": [ 77.629940558844098, 12.915823178005143 ] } },
{ "type": "Feature", "properties": { "area_sqm": 3842.7736726873932, "class": "LARGE FLAT", "waste_kg_day_estimate": 2.5 }, "geometry": { "type": "Point", "coordinates": [ 77.632320113072851, 12.915532983717121 ] } },
{ "type": "Feature", "properties": { "area_sqm": 474.10844013675631, "class": "MEDIUM", "waste_kg_day_estimate": 1.2 }, "geometry": { "type": "Point", "coordinates": [ 77.643015980905901, 12.916039787913613 ] } },
{ "type": "Feature", "properties": { "area_sqm": 823.45150129015565, "class": "LARGE FLAT", "waste_kg_day_estimate": 2.5 }, "geometry": { "type": "Point", "coordinates": [ 77.643300851111576, 12.915880113020609 ] } },
{ "type": "Feature", "properties": { "area_sqm": 424.20228854341354, "class": "MEDIUM", "waste_kg_day_estimate": 1.2 }, "geometry": { "type": "Point", "coordinates": [ 77.652939311568574, 12.916083691584319 ] } },
{ "type": "Feature", "properties": { "area_sqm": 748.59227390014155, "class": "LARGE FLAT", "waste_kg_day_estimate": 2.5 }, "geometry": { "type": "Point", "coordinates": [ 77.626325752901607, 12.915945452728836 ] } },
{ "type": "Feature", "properties": { "area_sqm": 648.77997071345601, "class": "LARGE FLAT", "waste_kg_day_estimate": 2.5 }, "geometry": { "type": "Point", "coordinates": [ 77.631915847310964, 12.915957381970173 ] } },
{ "type": "Feature", "properties": { "area_sqm": 2220.8237459037532, "class": "LARGE FLAT", "waste_kg_day_estimate": 2.5 }, "geometry": { "type": "Point", "coordinates": [ 77.632871840507718, 12.915851325653238 ] } },
{ "type": "Feature", "properties": { "area_sqm": 424.20228854341354, "class": "MEDIUM", "waste_kg_day_estimate": 1.2 }, "geometry": { "type": "Point", "coordinates": [ 77.628682600906728, 12.915894227163099 ] } },
{ "type": "Feature", "properties": { "area_sqm": 698.68612230679878, "class": "LARGE FLAT", "waste_kg_day_estimate": 2.5 }, "geometry": { "type": "Point", "coordinates": [ 77.645354450278518, 12.915890279987657 ] } },
{ "type": "Feature", "properties": { "area_sqm": 1097.9353350535409, "class": "LARGE FLAT", "waste_kg_day_estimate": 2.5 }, "geometry": { "type": "Point", "coordinates": [ 77.645908855639661, 12.915869946053562 ] } },
{ "type": "Feature", "properties": { "area_sqm": 848.40457708682709, "class": "LARGE FLAT", "waste_kg_day_estimate": 2.5 }, "geometry": { "type": "Point", "coordinates": [ 77.646378787456086, 12.915894227163099 ] } },
{ "type": "Feature", "properties": { "area_sqm": 6338.0812523545319, "class": "LARGE FLAT", "waste_kg_day_estimate": 2.5 }, "geometry": { "type": "Point", "coordinates": [ 77.624942286277189, 12.915550014816477 ] } },
{ "type": "Feature", "properties": { "area_sqm": 973.16995607018407, "class": "LARGE FLAT", "waste_kg_day_estimate": 2.5 }, "geometry": { "type": "Point", "coordinates": [ 77.628061966252119, 12.915831207302196 ] } },
{ "type": "Feature", "properties": { "area_sqm": 2420.4483522771243, "class": "LARGE FLAT", "waste_kg_day_estimate": 2.5 }, "geometry": { "type": "Point", "coordinates": [ 77.634867964860703, 12.915674216215777 ] } },
{ "type": "Feature", "properties": { "area_sqm": 374.29613695007077, "class": "MEDIUM", "waste_kg_day_estimate": 1.2 }, "geometry": { "type": "Point", "coordinates": [ 77.627746789588969, 12.915644239385101 ] } },
{ "type": "Feature", "properties": { "area_sqm": 499.0615159334277, "class": "MEDIUM", "waste_kg_day_estimate": 1.2 }, "geometry": { "type": "Point", "coordinates": [ 77.635782542852141, 12.915612925126593 ] } },
{ "type": "Feature", "properties": { "area_sqm": 798.49842549348432, "class": "LARGE FLAT", "waste_kg_day_estimate": 2.5 }, "geometry": { "type": "Point", "coordinates": [ 77.650814712908186, 12.915571545570709 ] } },
{ "type": "Feature", "properties": { "area_sqm": 424.20228854341354, "class": "MEDIUM", "waste_kg_day_estimate": 1.2 }, "geometry": { "type": "Point", "coordinates": [ 77.628597825480512, 12.915602136180386 ] } },
{ "type": "Feature", "properties": { "area_sqm": 848.40457708682709, "class": "LARGE FLAT", "waste_kg_day_estimate": 2.5 }, "geometry": { "type": "Point", "coordinates": [ 77.650078824606652, 12.915604767630679 ] } },
{ "type": "Feature", "properties": { "area_sqm": 848.40457708682709, "class": "LARGE FLAT", "waste_kg_day_estimate": 2.5 }, "geometry": { "type": "Point", "coordinates": [ 77.630517578680582, 12.915506088244628 ] } },
{ "type": "Feature", "properties": { "area_sqm": 1172.7945624435552, "class": "LARGE FLAT", "waste_kg_day_estimate": 2.5 }, "geometry": { "type": "Point", "coordinates": [ 77.635391089266889, 12.915460541759208 ] } },
{ "type": "Feature", "properties": { "area_sqm": 1172.7945624435552, "class": "LARGE FLAT", "waste_kg_day_estimate": 2.5 }, "geometry": { "type": "Point", "coordinates": [ 77.645356711178209, 12.915451023747503 ] } },
{ "type": "Feature", "properties": { "area_sqm": 449.15536434008493, "class": "MEDIUM", "waste_kg_day_estimate": 1.2 }, "geometry": { "type": "Point", "coordinates": [ 77.646615945951282, 12.915452874472001 ] } },
{ "type": "Feature", "properties": { "area_sqm": 1147.8414866468838, "class": "LARGE FLAT", "waste_kg_day_estimate": 2.5 }, "geometry": { "type": "Point", "coordinates": [ 77.63601953951175, 12.915355409112534 ] } },
{ "type": "Feature", "properties": { "area_sqm": 1821.574533157011, "class": "LARGE FLAT", "waste_kg_day_estimate": 2.5 }, "geometry": { "type": "Point", "coordinates": [ 77.646017770760366, 12.915398505184291 ] } },
{ "type": "Feature", "properties": { "area_sqm": 1422.3253204102689, "class": "LARGE FLAT", "waste_kg_day_estimate": 2.5 }, "geometry": { "type": "Point", "coordinates": [ 77.646988815494751, 12.91542762947663 ] } },
{ "type": "Feature", "properties": { "area_sqm": 449.15536434008493, "class": "MEDIUM", "waste_kg_day_estimate": 1.2 }, "geometry": { "type": "Point", "coordinates": [ 77.626687339844963, 12.915350978868922 ] } },
{ "type": "Feature", "properties": { "area_sqm": 3094.181398787252, "class": "LARGE FLAT", "waste_kg_day_estimate": 2.5 }, "geometry": { "type": "Point", "coordinates": [ 77.637569398883016, 12.91524487436013 ] } },
{ "type": "Feature", "properties": { "area_sqm": 573.92074332344191, "class": "LARGE FLAT", "waste_kg_day_estimate": 2.5 }, "geometry": { "type": "Point", "coordinates": [ 77.641248625724174, 12.91529608707002 ] } },
{ "type": "Feature", "properties": { "area_sqm": 1322.5130172235833, "class": "LARGE FLAT", "waste_kg_day_estimate": 2.5 }, "geometry": { "type": "Point", "coordinates": [ 77.651738833743693, 12.915136121228192 ] } },
{ "type": "Feature", "properties": { "area_sqm": 2270.7298974970959, "class": "LARGE FLAT", "waste_kg_day_estimate": 2.5 }, "geometry": { "type": "Point", "coordinates": [ 77.631057064129493, 12.91503073554496 ] } },
{ "type": "Feature", "properties": { "area_sqm": 524.01459173009903, "class": "LARGE FLAT", "waste_kg_day_estimate": 2.5 }, "geometry": { "type": "Point", "coordinates": [ 77.633853771682382, 12.91529275281002 ] } },
{ "type": "Feature", "properties": { "area_sqm": 449.15536434008493, "class": "MEDIUM", "waste_kg_day_estimate": 1.2 }, "geometry": { "type": "Point", "coordinates": [ 77.642232995645116, 12.915291332662242 ] } },
{ "type": "Feature", "properties": { "area_sqm": 623.82689491678457, "class": "LARGE FLAT", "waste_kg_day_estimate": 2.5 }, "geometry": { "type": "Point", "coordinates": [ 77.629193550604597, 12.915246995648609 ] } },
{ "type": "Feature", "properties": { "area_sqm": 1322.5130172235833, "class": "LARGE FLAT", "waste_kg_day_estimate": 2.5 }, "geometry": { "type": "Point", "coordinates": [ 77.632865749631023, 12.915147093879421 ] } },
{ "type": "Feature", "properties": { "area_sqm": 748.59227390014155, "class": "LARGE FLAT", "waste_kg_day_estimate": 2.5 }, "geometry": { "type": "Point", "coordinates": [ 77.642671548952123, 12.915152158179987 ] } },
{ "type": "Feature", "properties": { "area_sqm": 973.16995607018407, "class": "LARGE FLAT", "waste_kg_day_estimate": 2.5 }, "geometry": { "type": "Point", "coordinates": [ 77.626149926283546, 12.915106276482542 ] } },
{ "type": "Feature", "properties": { "area_sqm": 1122.8884108502123, "class": "LARGE FLAT", "waste_kg_day_estimate": 2.5 }, "geometry": { "type": "Point", "coordinates": [ 77.629839861438185, 12.914975207766837 ] } },
{ "type": "Feature", "properties": { "area_sqm": 673.73304651012745, "class": "LARGE FLAT", "waste_kg_day_estimate": 2.5 }, "geometry": { "type": "Point", "coordinates": [ 77.6512933313399, 12.915099139329605 ] } },
{ "type": "Feature", "properties": { "area_sqm": 773.54534969681299, "class": "LARGE FLAT", "waste_kg_day_estimate": 2.5 }, "geometry": { "type": "Point", "coordinates": [ 77.643302259891868, 12.914991979253983 ] } },
{ "type": "Feature", "properties": { "area_sqm": 1097.9353350535409, "class": "LARGE FLAT", "waste_kg_day_estimate": 2.5 }, "geometry": { "type": "Point", "coordinates": [ 77.636781015888886, 12.915019987608366 ] } },
{ "type": "Feature", "properties": { "area_sqm": 1172.7945624435552, "class": "LARGE FLAT", "waste_kg_day_estimate": 2.5 }, "geometry": { "type": "Point", "coordinates": [ 77.648567471349338, 12.914954183536539 ] } },
{ "type": "Feature", "properties": { "area_sqm": 1197.7476382402265, "class": "LARGE FLAT", "waste_kg_day_estimate": 2.5 }, "geometry": { "type": "Point", "coordinates": [ 77.648969166692424, 12.914957376036297 ] } },
{ "type": "Feature", "properties": { "area_sqm": 723.63919810347011, "class": "LARGE FLAT", "waste_kg_day_estimate": 2.5 }, "geometry": { "type": "Point", "coordinates": [ 77.649410051166484, 12.914950080945285 ] } },
{ "type": "Feature", "properties": { "area_sqm": 748.59227390014155, "class": "LARGE FLAT", "waste_kg_day_estimate": 2.5 }, "geometry": { "type": "Point", "coordinates": [ 77.639665211794551, 12.914944887611773 ] } },
{ "type": "Feature", "properties": { "area_sqm": 773.54534969681299, "class": "LARGE FLAT", "waste_kg_day_estimate": 2.5 }, "geometry": { "type": "Point", "coordinates": [ 77.640221939046356, 12.914882307196539 ] } },
{ "type": "Feature", "properties": { "area_sqm": 673.73304651012745, "class": "LARGE FLAT", "waste_kg_day_estimate": 2.5 }, "geometry": { "type": "Point", "coordinates": [ 77.640574861233461, 12.914877122893628 ] } },
{ "type": "Feature", "properties": { "area_sqm": 923.26380447684119, "class": "LARGE FLAT", "waste_kg_day_estimate": 2.5 }, "geometry": { "type": "Point", "coordinates": [ 77.631590612366523, 12.914853524131676 ] } },
{ "type": "Feature", "properties": { "area_sqm": 873.35765288349853, "class": "LARGE FLAT", "waste_kg_day_estimate": 2.5 }, "geometry": { "type": "Point", "coordinates": [ 77.638612108270365, 12.91481473106791 ] } },
{ "type": "Feature", "properties": { "area_sqm": 548.96766752677047, "class": "LARGE FLAT", "waste_kg_day_estimate": 2.5 }, "geometry": { "type": "Point", "coordinates": [ 77.641060186046388, 12.914887817036744 ] } },
{ "type": "Feature", "properties": { "area_sqm": 449.15536434008493, "class": "MEDIUM", "waste_kg_day_estimate": 1.2 }, "geometry": { "type": "Point", "coordinates": [ 77.643707753821204, 12.914911088094655 ] } },
{ "type": "Feature", "properties": { "area_sqm": 2295.6829732937676, "class": "LARGE FLAT", "waste_kg_day_estimate": 2.5 }, "geometry": { "type": "Point", "coordinates": [ 77.63770580359089, 12.9147670511499 ] } },
{ "type": "Feature", "properties": { "area_sqm": 9207.6849689717419, "class": "LARGE FLAT", "waste_kg_day_estimate": 2.5 }, "geometry": { "type": "Point", "coordinates": [ 77.625609067421735, 12.914474470587827 ] } },
{ "type": "Feature", "properties": { "area_sqm": 2719.8852618371811, "class": "LARGE FLAT", "waste_kg_day_estimate": 2.5 }, "geometry": { "type": "Point", "coordinates": [ 77.629384764225293, 12.914672799674923 ] } },
{ "type": "Feature", "properties": { "area_sqm": 698.68612230679878, "class": "LARGE FLAT", "waste_kg_day_estimate": 2.5 }, "geometry": { "type": "Point", "coordinates": [ 77.632971573333862, 12.914805464603658 ] } },
{ "type": "Feature", "properties": { "area_sqm": 424.20228854341354, "class": "MEDIUM", "waste_kg_day_estimate": 1.2 }, "geometry": { "type": "Point", "coordinates": [ 77.653125270568012, 12.914760072086073 ] } },
{ "type": "Feature", "properties": { "area_sqm": 449.15536434008493, "class": "MEDIUM", "waste_kg_day_estimate": 1.2 }, "geometry": { "type": "Point", "coordinates": [ 77.626377408179223, 12.914704811629885 ] } },
{ "type": "Feature", "properties": { "area_sqm": 2694.9321860405098, "class": "LARGE FLAT", "waste_kg_day_estimate": 2.5 }, "geometry": { "type": "Point", "coordinates": [ 77.632318626026986, 12.914297643427338 ] } },
{ "type": "Feature", "properties": { "area_sqm": 1422.3253204102689, "class": "LARGE FLAT", "waste_kg_day_estimate": 2.5 }, "geometry": { "type": "Point", "coordinates": [ 77.639613257460056, 12.914659292156365 ] } },
{ "type": "Feature", "properties": { "area_sqm": 1796.6214573603397, "class": "LARGE FLAT", "waste_kg_day_estimate": 2.5 }, "geometry": { "type": "Point", "coordinates": [ 77.642058659083133, 12.914451936566147 ] } },
{ "type": "Feature", "properties": { "area_sqm": 773.54534969681299, "class": "LARGE FLAT", "waste_kg_day_estimate": 2.5 }, "geometry": { "type": "Point", "coordinates": [ 77.627321783295102, 12.914647089494387 ] } },
{ "type": "Feature", "properties": { "area_sqm": 1322.5130172235833, "class": "LARGE FLAT", "waste_kg_day_estimate": 2.5 }, "geometry": { "type": "Point", "coordinates": [ 77.642922447407173, 12.914629691171472 ] } },
{ "type": "Feature", "properties": { "area_sqm": 374.29613695007077, "class": "MEDIUM", "waste_kg_day_estimate": 1.2 }, "geometry": { "type": "Point", "coordinates": [ 77.645214538269414, 12.914639200802537 ] } },
{ "type": "Feature", "properties": { "area_sqm": 524.01459173009903, "class": "LARGE FLAT", "waste_kg_day_estimate": 2.5 }, "geometry": { "type": "Point", "coordinates": [ 77.646226686537787, 12.914615342319864 ] } },
{ "type": "Feature", "properties": { "area_sqm": 499.0615159334277, "class": "MEDIUM", "waste_kg_day_estimate": 1.2 }, "geometry": { "type": "Point", "coordinates": [ 77.643555629028612, 12.914584028061357 ] } },
{ "type": "Feature", "properties": { "area_sqm": 948.21688027351263, "class": "LARGE FLAT", "waste_kg_day_estimate": 2.5 }, "geometry": { "type": "Point", "coordinates": [ 77.644617430447099, 12.914611810636574 ] } },
{ "type": "Feature", "properties": { "area_sqm": 1122.8884108502123, "class": "LARGE FLAT", "waste_kg_day_estimate": 2.5 }, "geometry": { "type": "Point", "coordinates": [ 77.636677987089712, 12.914491079389281 ] } },
{ "type": "Feature", "properties": { "area_sqm": 698.68612230679878, "class": "LARGE FLAT", "waste_kg_day_estimate": 2.5 }, "geometry": { "type": "Point", "coordinates": [ 77.651743470187739, 12.9145530333361 ] } },
{ "type": "Feature", "properties": { "area_sqm": 1372.4191688169262, "class": "LARGE FLAT", "waste_kg_day_estimate": 2.5 }, "geometry": { "type": "Point", "coordinates": [ 77.628603046254554, 12.914361574822351 ] } },
{ "type": "Feature", "properties": { "area_sqm": 499.0615159334277, "class": "MEDIUM", "waste_kg_day_estimate": 1.2 }, "geometry": { "type": "Point", "coordinates": [ 77.649810824872162, 12.914414036372317 ] } },
{ "type": "Feature", "properties": { "area_sqm": 474.10844013675631, "class": "MEDIUM", "waste_kg_day_estimate": 1.2 }, "geometry": { "type": "Point", "coordinates": [ 77.641095220188035, 12.914462302710618 ] } },
{ "type": "Feature", "properties": { "area_sqm": 399.24921274674216, "class": "MEDIUM", "waste_kg_day_estimate": 1.2 }, "geometry": { "type": "Point", "coordinates": [ 77.647835010503144, 12.914436403699822 ] } },
{ "type": "Feature", "properties": { "area_sqm": 399.24921274674216, "class": "MEDIUM", "waste_kg_day_estimate": 1.2 }, "geometry": { "type": "Point", "coordinates": [ 77.64532456401075, 12.914414036372317 ] } },
{ "type": "Feature", "properties": { "area_sqm": 623.82689491678457, "class": "LARGE FLAT", "waste_kg_day_estimate": 2.5 }, "geometry": { "type": "Point", "coordinates": [ 77.646930319970892, 12.914307567893394 ] } },
{ "type": "Feature", "properties": { "area_sqm": 1596.9968509869686, "class": "LARGE FLAT", "waste_kg_day_estimate": 2.5 }, "geometry": { "type": "Point", "coordinates": [ 77.629657518308193, 12.914251174268921 ] } },
{ "type": "Feature", "properties": { "area_sqm": 2495.3075796671383, "class": "LARGE FLAT", "waste_kg_day_estimate": 2.5 }, "geometry": { "type": "Point", "coordinates": [ 77.630977362306695, 12.91420825695927 ] } },
{ "type": "Feature", "properties": { "area_sqm": 1023.0761076635267, "class": "LARGE FLAT", "waste_kg_day_estimate": 2.5 }, "geometry": { "type": "Point", "coordinates": [ 77.631430365232703, 12.914243280920877 ] } },
{ "type": "Feature", "properties": { "area_sqm": 923.26380447684119, "class": "LARGE FLAT", "waste_kg_day_estimate": 2.5 }, "geometry": { "type": "Point", "coordinates": [ 77.632842066173538, 12.914315499226822 ] } },
{ "type": "Feature", "properties": { "area_sqm": 723.63919810347011, "class": "LARGE FLAT", "waste_kg_day_estimate": 2.5 }, "geometry": { "type": "Point", "coordinates": [ 77.631812879297357, 12.914167995769761 ] } },
{ "type": "Feature", "properties": { "area_sqm": 1147.8414866468838, "class": "LARGE FLAT", "waste_kg_day_estimate": 2.5 }, "geometry": { "type": "Point", "coordinates": [ 77.635250437345604, 12.91420689546977 ] } },
{ "type": "Feature", "properties": { "area_sqm": 873.35765288349853, "class": "LARGE FLAT", "waste_kg_day_estimate": 2.5 }, "geometry": { "type": "Point", "coordinates": [ 77.635809440493134, 12.914262577611783 ] } },
{ "type": "Feature", "properties": { "area_sqm": 823.45150129015565, "class": "LARGE FLAT", "waste_kg_day_estimate": 2.5 }, "geometry": { "type": "Point", "coordinates": [ 77.63770235820428, 12.914300844139186 ] } },
{ "type": "Feature", "properties": { "area_sqm": 399.24921274674216, "class": "MEDIUM", "waste_kg_day_estimate": 1.2 }, "geometry": { "type": "Point", "coordinates": [ 77.633382509515656, 12.914240689584153 ] } },
{ "type": "Feature", "properties": { "area_sqm": 399.24921274674216, "class": "MEDIUM", "waste_kg_day_estimate": 1.2 }, "geometry": { "type": "Point", "coordinates": [ 77.639222784341726, 12.91426026099572 ] } },
{ "type": "Feature", "properties": { "area_sqm": 1172.7945624435552, "class": "LARGE FLAT", "waste_kg_day_estimate": 2.5 }, "geometry": { "type": "Point", "coordinates": [ 77.639606819349865, 12.914178465582635 ] } },
{ "type": "Feature", "properties": { "area_sqm": 598.87381912011324, "class": "LARGE FLAT", "waste_kg_day_estimate": 2.5 }, "geometry": { "type": "Point", "coordinates": [ 77.640249432984447, 12.914212730424772 ] } },
{ "type": "Feature", "properties": { "area_sqm": 1522.1376235969544, "class": "LARGE FLAT", "waste_kg_day_estimate": 2.5 }, "geometry": { "type": "Point", "coordinates": [ 77.642684936983912, 12.914165062349761 ] } },
{ "type": "Feature", "properties": { "area_sqm": 1322.5130172235833, "class": "LARGE FLAT", "waste_kg_day_estimate": 2.5 }, "geometry": { "type": "Point", "coordinates": [ 77.650370456200662, 12.914223703076001 ] } },
{ "type": "Feature", "properties": { "area_sqm": 573.92074332344191, "class": "LARGE FLAT", "waste_kg_day_estimate": 2.5 }, "geometry": { "type": "Point", "coordinates": [ 77.629274483195218, 12.914177720694763 ] } },
{ "type": "Feature", "properties": { "area_sqm": 998.1230318668554, "class": "LARGE FLAT", "waste_kg_day_estimate": 2.5 }, "geometry": { "type": "Point", "coordinates": [ 77.63029675236875, 12.914142273343131 ] } },
{ "type": "Feature", "properties": { "area_sqm": 2694.9321860405098, "class": "LARGE FLAT", "waste_kg_day_estimate": 2.5 }, "geometry": { "type": "Point", "coordinates": [ 77.638632622794901, 12.913924440425816 ] } },
{ "type": "Feature", "properties": { "area_sqm": 374.29613695007077, "class": "MEDIUM", "waste_kg_day_estimate": 1.2 }, "geometry": { "type": "Point", "coordinates": [ 77.652439045397543, 12.914230624286775 ] } },
{ "type": "Feature", "properties": { "area_sqm": 1272.6068656302407, "class": "LARGE FLAT", "waste_kg_day_estimate": 2.5 }, "geometry": { "type": "Point", "coordinates": [ 77.645263945023189, 12.913996074350505 ] } },
{ "type": "Feature", "properties": { "area_sqm": 1996.2460637337108, "class": "LARGE FLAT", "waste_kg_day_estimate": 2.5 }, "geometry": { "type": "Point", "coordinates": [ 77.632924004357676, 12.91384311033775 ] } },
{ "type": "Feature", "properties": { "area_sqm": 374.29613695007077, "class": "MEDIUM", "waste_kg_day_estimate": 1.2 }, "geometry": { "type": "Point", "coordinates": [ 77.653182881395296, 12.914051685666735 ] } },
{ "type": "Feature", "properties": { "area_sqm": 524.01459173009903, "class": "LARGE FLAT", "waste_kg_day_estimate": 2.5 }, "geometry": { "type": "Point", "coordinates": [ 77.643725095235837, 12.91398905714972 ] } },
{ "type": "Feature", "properties": { "area_sqm": 424.20228854341354, "class": "MEDIUM", "waste_kg_day_estimate": 1.2 }, "geometry": { "type": "Point", "coordinates": [ 77.62726056149927, 12.913957479746184 ] } },
{ "type": "Feature", "properties": { "area_sqm": 3792.8675210940505, "class": "LARGE FLAT", "waste_kg_day_estimate": 2.5 }, "geometry": { "type": "Point", "coordinates": [ 77.635774896511705, 12.913335695741017 ] } },
{ "type": "Feature", "properties": { "area_sqm": 1197.7476382402265, "class": "LARGE FLAT", "waste_kg_day_estimate": 2.5 }, "geometry": { "type": "Point", "coordinates": [ 77.636217415720623, 12.913801730781865 ] } },
{ "type": "Feature", "properties": { "area_sqm": 573.92074332344191, "class": "LARGE FLAT", "waste_kg_day_estimate": 2.5 }, "geometry": { "type": "Point", "coordinates": [ 77.63751529668113, 12.913889862914697 ] } },
{ "type": "Feature", "properties": { "area_sqm": 973.16995607018407, "class": "LARGE FLAT", "waste_kg_day_estimate": 2.5 }, "geometry": { "type": "Point", "coordinates": [ 77.64756382029563, 12.913930557985475 ] } },
{ "type": "Feature", "properties": { "area_sqm": 823.45150129015565, "class": "LARGE FLAT", "waste_kg_day_estimate": 2.5 }, "geometry": { "type": "Point", "coordinates": [ 77.651697181692214, 12.913922632965008 ] } },
{ "type": "Feature", "properties": { "area_sqm": 424.20228854341354, "class": "MEDIUM", "waste_kg_day_estimate": 1.2 }, "geometry": { "type": "Point", "coordinates": [ 77.652324006055736, 12.913920639442058 ] } },
{ "type": "Feature", "properties": { "area_sqm": 1547.090699393626, "class": "LARGE FLAT", "waste_kg_day_estimate": 2.5 }, "geometry": { "type": "Point", "coordinates": [ 77.650149750145331, 12.913847637917753 ] } },
{ "type": "Feature", "properties": { "area_sqm": 598.87381912011324, "class": "LARGE FLAT", "waste_kg_day_estimate": 2.5 }, "geometry": { "type": "Point", "coordinates": [ 77.625519930570718, 12.913787751202173 ] } },
{ "type": "Feature", "properties": { "area_sqm": 1671.8560783769829, "class": "LARGE FLAT", "waste_kg_day_estimate": 2.5 }, "geometry": { "type": "Point", "coordinates": [ 77.629510763351547, 12.913736005892273 ] } },
{ "type": "Feature", "properties": { "area_sqm": 723.63919810347011, "class": "LARGE FLAT", "waste_kg_day_estimate": 2.5 }, "geometry": { "type": "Point", "coordinates": [ 77.630038253328578, 12.913754585854495 ] } },
{ "type": "Feature", "properties": { "area_sqm": 723.63919810347011, "class": "LARGE FLAT", "waste_kg_day_estimate": 2.5 }, "geometry": { "type": "Point", "coordinates": [ 77.634624707616425, 12.913797777935194 ] } },
{ "type": "Feature", "properties": { "area_sqm": 923.26380447684119, "class": "LARGE FLAT", "waste_kg_day_estimate": 2.5 }, "geometry": { "type": "Point", "coordinates": [ 77.635211786936637, 12.913787146679809 ] } },
{ "type": "Feature", "properties": { "area_sqm": 1572.0437751902973, "class": "LARGE FLAT", "waste_kg_day_estimate": 2.5 }, "geometry": { "type": "Point", "coordinates": [ 77.639752804386745, 12.913614138136301 ] } },
{ "type": "Feature", "properties": { "area_sqm": 923.26380447684119, "class": "LARGE FLAT", "waste_kg_day_estimate": 2.5 }, "geometry": { "type": "Point", "coordinates": [ 77.628318739160207, 12.913661406027888 ] } },
{ "type": "Feature", "properties": { "area_sqm": 873.35765288349853, "class": "LARGE FLAT", "waste_kg_day_estimate": 2.5 }, "geometry": { "type": "Point", "coordinates": [ 77.642090869838398, 12.913681027096649 ] } },
{ "type": "Feature", "properties": { "area_sqm": 598.87381912011324, "class": "LARGE FLAT", "waste_kg_day_estimate": 2.5 }, "geometry": { "type": "Point", "coordinates": [ 77.625926715881988, 12.91368896217236 ] } },
{ "type": "Feature", "properties": { "area_sqm": 4391.7413402141638, "class": "LARGE FLAT", "waste_kg_day_estimate": 2.5 }, "geometry": { "type": "Point", "coordinates": [ 77.63161404999687, 12.913567890539765 ] } },
{ "type": "Feature", "properties": { "area_sqm": 424.20228854341354, "class": "MEDIUM", "waste_kg_day_estimate": 1.2 }, "geometry": { "type": "Point", "coordinates": [ 77.648509111876109, 12.913675914564648 ] } },
{ "type": "Feature", "properties": { "area_sqm": 573.92074332344191, "class": "LARGE FLAT", "waste_kg_day_estimate": 2.5 }, "geometry": { "type": "Point", "coordinates": [ 77.652478932255391, 12.91359617017963 ] } },
{ "type": "Feature", "properties": { "area_sqm": 474.10844013675631, "class": "MEDIUM", "waste_kg_day_estimate": 1.2 }, "geometry": { "type": "Point", "coordinates": [ 77.626443608495549, 12.91357702743252 ] } },
{ "type": "Feature", "properties": { "area_sqm": 2794.7444892271951, "class": "LARGE FLAT", "waste_kg_day_estimate": 2.5 }, "geometry": { "type": "Point", "coordinates": [ 77.637681566116484, 12.913409903133962 ] } },
{ "type": "Feature", "properties": { "area_sqm": 698.68612230679878, "class": "LARGE FLAT", "waste_kg_day_estimate": 2.5 }, "geometry": { "type": "Point", "coordinates": [ 77.651828147946418, 12.913544905932119 ] } },
{ "type": "Feature", "properties": { "area_sqm": 1397.3722446135976, "class": "LARGE FLAT", "waste_kg_day_estimate": 2.5 }, "geometry": { "type": "Point", "coordinates": [ 77.652972127862597, 12.913425080963341 ] } },
{ "type": "Feature", "properties": { "area_sqm": 848.40457708682709, "class": "LARGE FLAT", "waste_kg_day_estimate": 2.5 }, "geometry": { "type": "Point", "coordinates": [ 77.627834846644589, 12.91350487029549 ] } },
{ "type": "Feature", "properties": { "area_sqm": 449.15536434008493, "class": "MEDIUM", "waste_kg_day_estimate": 1.2 }, "geometry": { "type": "Point", "coordinates": [ 77.632454651591388, 12.913494490685995 ] } },
{ "type": "Feature", "properties": { "area_sqm": 1172.7945624435552, "class": "LARGE FLAT", "waste_kg_day_estimate": 2.5 }, "geometry": { "type": "Point", "coordinates": [ 77.649942380972831, 12.913486506131733 ] } },
{ "type": "Feature", "properties": { "area_sqm": 1197.7476382402265, "class": "LARGE FLAT", "waste_kg_day_estimate": 2.5 }, "geometry": { "type": "Point", "coordinates": [ 77.650658294270642, 12.913500703832524 ] } },
{ "type": "Feature", "properties": { "area_sqm": 1097.9353350535409, "class": "LARGE FLAT", "waste_kg_day_estimate": 2.5 }, "geometry": { "type": "Point", "coordinates": [ 77.643613952532974, 12.91336988885651 ] } },
{ "type": "Feature", "properties": { "area_sqm": 923.26380447684119, "class": "LARGE FLAT", "waste_kg_day_estimate": 2.5 }, "geometry": { "type": "Point", "coordinates": [ 77.651352525495881, 12.913349472487546 ] } },
{ "type": "Feature", "properties": { "area_sqm": 748.59227390014155, "class": "LARGE FLAT", "waste_kg_day_estimate": 2.5 }, "geometry": { "type": "Point", "coordinates": [ 77.626982808032949, 12.913431365117258 ] } },
{ "type": "Feature", "properties": { "area_sqm": 4067.3513548574356, "class": "LARGE FLAT", "waste_kg_day_estimate": 2.5 }, "geometry": { "type": "Point", "coordinates": [ 77.636780575104865, 12.91299199578989 ] } },
{ "type": "Feature", "properties": { "area_sqm": 1821.574533157011, "class": "LARGE FLAT", "waste_kg_day_estimate": 2.5 }, "geometry": { "type": "Point", "coordinates": [ 77.642010099584141, 12.913185671770014 ] } },
{ "type": "Feature", "properties": { "area_sqm": 623.82689491678457, "class": "LARGE FLAT", "waste_kg_day_estimate": 2.5 }, "geometry": { "type": "Point", "coordinates": [ 77.647198100930083, 12.913414664179388 ] } },
{ "type": "Feature", "properties": { "area_sqm": 524.01459173009903, "class": "LARGE FLAT", "waste_kg_day_estimate": 2.5 }, "geometry": { "type": "Point", "coordinates": [ 77.644590690102262, 12.913358511536241 ] } },
{ "type": "Feature", "properties": { "area_sqm": 2046.1522153270535, "class": "LARGE FLAT", "waste_kg_day_estimate": 2.5 }, "geometry": { "type": "Point", "coordinates": [ 77.629882596731292, 12.913304398710233 ] } },
{ "type": "Feature", "properties": { "area_sqm": 4366.7882644174924, "class": "LARGE FLAT", "waste_kg_day_estimate": 2.5 }, "geometry": { "type": "Point", "coordinates": [ 77.634906476723003, 12.913122227348921 ] } },
{ "type": "Feature", "properties": { "area_sqm": 623.82689491678457, "class": "LARGE FLAT", "waste_kg_day_estimate": 2.5 }, "geometry": { "type": "Point", "coordinates": [ 77.644166969239251, 12.913319826710767 ] } },
{ "type": "Feature", "properties": { "area_sqm": 1072.9822592568696, "class": "LARGE FLAT", "waste_kg_day_estimate": 2.5 }, "geometry": { "type": "Point", "coordinates": [ 77.648943736979447, 12.913208801539076 ] } },
{ "type": "Feature", "properties": { "area_sqm": 399.24921274674216, "class": "MEDIUM", "waste_kg_day_estimate": 1.2 }, "geometry": { "type": "Point", "coordinates": [ 77.632842066173538, 12.913312445492689 ] } },
{ "type": "Feature", "properties": { "area_sqm": 2145.9645185137392, "class": "LARGE FLAT", "waste_kg_day_estimate": 2.5 }, "geometry": { "type": "Point", "coordinates": [ 77.633314531770949, 12.913163546713658 ] } },
{ "type": "Feature", "properties": { "area_sqm": 1322.5130172235833, "class": "LARGE FLAT", "waste_kg_day_estimate": 2.5 }, "geometry": { "type": "Point", "coordinates": [ 77.628152741593397, 12.913130658203579 ] } },
{ "type": "Feature", "properties": { "area_sqm": 648.77997071345601, "class": "LARGE FLAT", "waste_kg_day_estimate": 2.5 }, "geometry": { "type": "Point", "coordinates": [ 77.630483605401835, 12.913259538160322 ] } },
{ "type": "Feature", "properties": { "area_sqm": 673.73304651012745, "class": "LARGE FLAT", "waste_kg_day_estimate": 2.5 }, "geometry": { "type": "Point", "coordinates": [ 77.634009475447783, 12.913233538531768 ] } },
{ "type": "Feature", "properties": { "area_sqm": 548.96766752677047, "class": "LARGE FLAT", "waste_kg_day_estimate": 2.5 }, "geometry": { "type": "Point", "coordinates": [ 77.638746264405668, 12.913267202489328 ] } },
{ "type": "Feature", "properties": { "area_sqm": 4466.6005676041777, "class": "LARGE FLAT", "waste_kg_day_estimate": 2.5 }, "geometry": { "type": "Point", "coordinates": [ 77.626244677201896, 12.913060625622551 ] } },
{ "type": "Feature", "properties": { "area_sqm": 1996.2460637337108, "class": "LARGE FLAT", "waste_kg_day_estimate": 2.5 }, "geometry": { "type": "Point", "coordinates": [ 77.631579869464872, 12.913123441575271 ] } },
{ "type": "Feature", "properties": { "area_sqm": 598.87381912011324, "class": "LARGE FLAT", "waste_kg_day_estimate": 2.5 }, "geometry": { "type": "Point", "coordinates": [ 77.636220321329986, 12.913222976182668 ] } },
{ "type": "Feature", "properties": { "area_sqm": 1646.9030025803113, "class": "LARGE FLAT", "waste_kg_day_estimate": 2.5 }, "geometry": { "type": "Point", "coordinates": [ 77.630875408876463, 12.913003539143887 ] } },
{ "type": "Feature", "properties": { "area_sqm": 1946.3399121403681, "class": "LARGE FLAT", "waste_kg_day_estimate": 2.5 }, "geometry": { "type": "Point", "coordinates": [ 77.627222766664914, 12.912991703751478 ] } },
{ "type": "Feature", "properties": { "area_sqm": 673.73304651012745, "class": "LARGE FLAT", "waste_kg_day_estimate": 2.5 }, "geometry": { "type": "Point", "coordinates": [ 77.639144010043353, 12.913071168302473 ] } },
{ "type": "Feature", "properties": { "area_sqm": 823.45150129015565, "class": "LARGE FLAT", "waste_kg_day_estimate": 2.5 }, "geometry": { "type": "Point", "coordinates": [ 77.63984652181901, 12.913049629394504 ] } },
{ "type": "Feature", "properties": { "area_sqm": 399.24921274674216, "class": "MEDIUM", "waste_kg_day_estimate": 1.2 }, "geometry": { "type": "Point", "coordinates": [ 77.646515863850894, 12.913094364049515 ] } },
{ "type": "Feature", "properties": { "area_sqm": 524.01459173009903, "class": "LARGE FLAT", "waste_kg_day_estimate": 2.5 }, "geometry": { "type": "Point", "coordinates": [ 77.647258316225134, 12.913100754714517 ] } },
{ "type": "Feature", "properties": { "area_sqm": 923.26380447684119, "class": "LARGE FLAT", "waste_kg_day_estimate": 2.5 }, "geometry": { "type": "Point", "coordinates": [ 77.651789780440495, 12.913050838439235 ] } },
{ "type": "Feature", "properties": { "area_sqm": 1596.9968509869686, "class": "LARGE FLAT", "waste_kg_day_estimate": 2.5 }, "geometry": { "type": "Point", "coordinates": [ 77.642956492377294, 12.912967848853313 ] } },
{ "type": "Feature", "properties": { "area_sqm": 1097.9353350535409, "class": "LARGE FLAT", "waste_kg_day_estimate": 2.5 }, "geometry": { "type": "Point", "coordinates": [ 77.64838020847877, 12.913013028313133 ] } },
{ "type": "Feature", "properties": { "area_sqm": 374.29613695007077, "class": "MEDIUM", "waste_kg_day_estimate": 1.2 }, "geometry": { "type": "Point", "coordinates": [ 77.640903388799131, 12.913004894739494 ] } },
{ "type": "Feature", "properties": { "area_sqm": 399.24921274674216, "class": "MEDIUM", "waste_kg_day_estimate": 1.2 }, "geometry": { "type": "Point", "coordinates": [ 77.645278074260887, 12.913016078403247 ] } },
{ "type": "Feature", "properties": { "area_sqm": 1097.9353350535409, "class": "LARGE FLAT", "waste_kg_day_estimate": 2.5 }, "geometry": { "type": "Point", "coordinates": [ 77.632339131606884, 12.912759870833643 ] } },
{ "type": "Feature", "properties": { "area_sqm": 1097.9353350535409, "class": "LARGE FLAT", "waste_kg_day_estimate": 2.5 }, "geometry": { "type": "Point", "coordinates": [ 77.653489854622393, 12.912921525609702 ] } },
{ "type": "Feature", "properties": { "area_sqm": 1023.0761076635267, "class": "LARGE FLAT", "waste_kg_day_estimate": 2.5 }, "geometry": { "type": "Point", "coordinates": [ 77.629268024916072, 12.912843413545799 ] } },
{ "type": "Feature", "properties": { "area_sqm": 2195.8706701070819, "class": "LARGE FLAT", "waste_kg_day_estimate": 2.5 }, "geometry": { "type": "Point", "coordinates": [ 77.633808313360959, 12.912701410773117 ] } },
{ "type": "Feature", "properties": { "area_sqm": 3069.2283229905802, "class": "LARGE FLAT", "waste_kg_day_estimate": 2.5 }, "geometry": { "type": "Point", "coordinates": [ 77.644457700260332, 12.912543000334104 ] } },
{ "type": "Feature", "properties": { "area_sqm": 499.0615159334277, "class": "MEDIUM", "waste_kg_day_estimate": 1.2 }, "geometry": { "type": "Point", "coordinates": [ 77.63013868721923, 12.912817009188451 ] } },
{ "type": "Feature", "properties": { "area_sqm": 1746.7153057669971, "class": "LARGE FLAT", "waste_kg_day_estimate": 2.5 }, "geometry": { "type": "Point", "coordinates": [ 77.632978214726705, 12.912691113087922 ] } },
{ "type": "Feature", "properties": { "area_sqm": 823.45150129015565, "class": "LARGE FLAT", "waste_kg_day_estimate": 2.5 }, "geometry": { "type": "Point", "coordinates": [ 77.637292403137337, 12.912840867671123 ] } },
{ "type": "Feature", "properties": { "area_sqm": 848.40457708682709, "class": "LARGE FLAT", "waste_kg_day_estimate": 2.5 }, "geometry": { "type": "Point", "coordinates": [ 77.652310332599896, 12.912794378715915 ] } },
{ "type": "Feature", "properties": { "area_sqm": 1072.9822592568696, "class": "LARGE FLAT", "waste_kg_day_estimate": 2.5 }, "geometry": { "type": "Point", "coordinates": [ 77.652750490683033, 12.912814512370497 ] } },
{ "type": "Feature", "properties": { "area_sqm": 449.15536434008493, "class": "MEDIUM", "waste_kg_day_estimate": 1.2 }, "geometry": { "type": "Point", "coordinates": [ 77.630481419986253, 12.912818500343617 ] } },
{ "type": "Feature", "properties": { "area_sqm": 2245.7768217004245, "class": "LARGE FLAT", "waste_kg_day_estimate": 2.5 }, "geometry": { "type": "Point", "coordinates": [ 77.637799423166868, 12.912730522188765 ] } },
{ "type": "Feature", "properties": { "area_sqm": 1197.7476382402265, "class": "LARGE FLAT", "waste_kg_day_estimate": 2.5 }, "geometry": { "type": "Point", "coordinates": [ 77.627689452230811, 12.912699207930258 ] } },
{ "type": "Feature", "properties": { "area_sqm": 374.29613695007077, "class": "MEDIUM", "waste_kg_day_estimate": 1.2 }, "geometry": { "type": "Point", "coordinates": [ 77.629609478899994, 12.91278718608511 ] } },
{ "type": "Feature", "properties": { "area_sqm": 848.40457708682709, "class": "LARGE FLAT", "waste_kg_day_estimate": 2.5 }, "geometry": { "type": "Point", "coordinates": [ 77.646921623652972, 12.912710172306484 ] } },
{ "type": "Feature", "properties": { "area_sqm": 3967.5390516707503, "class": "LARGE FLAT", "waste_kg_day_estimate": 2.5 }, "geometry": { "type": "Point", "coordinates": [ 77.640919002337768, 12.912468922929465 ] } },
{ "type": "Feature", "properties": { "area_sqm": 948.21688027351263, "class": "LARGE FLAT", "waste_kg_day_estimate": 2.5 }, "geometry": { "type": "Point", "coordinates": [ 77.626109616345246, 12.912529294723068 ] } },
{ "type": "Feature", "properties": { "area_sqm": 723.63919810347011, "class": "LARGE FLAT", "waste_kg_day_estimate": 2.5 }, "geometry": { "type": "Point", "coordinates": [ 77.628116142636131, 12.912566803635256 ] } },
{ "type": "Feature", "properties": { "area_sqm": 1172.7945624435552, "class": "LARGE FLAT", "waste_kg_day_estimate": 2.5 }, "geometry": { "type": "Point", "coordinates": [ 77.628672825840425, 12.91255469278588 ] } },
{ "type": "Feature", "properties": { "area_sqm": 548.96766752677047, "class": "LARGE FLAT", "waste_kg_day_estimate": 2.5 }, "geometry": { "type": "Point", "coordinates": [ 77.631876347278748, 12.91256364836962 ] } },
{ "type": "Feature", "properties": { "area_sqm": 1871.4806847503539, "class": "LARGE FLAT", "waste_kg_day_estimate": 2.5 }, "geometry": { "type": "Point", "coordinates": [ 77.638849781582024, 12.912505059527513 ] } },
{ "type": "Feature", "properties": { "area_sqm": 1247.6537898335691, "class": "LARGE FLAT", "waste_kg_day_estimate": 2.5 }, "geometry": { "type": "Point", "coordinates": [ 77.645829442694222, 12.912507445375779 ] } },
{ "type": "Feature", "properties": { "area_sqm": 898.31072868016986, "class": "LARGE FLAT", "waste_kg_day_estimate": 2.5 }, "geometry": { "type": "Point", "coordinates": [ 77.634373645155023, 12.912445711551864 ] } },
{ "type": "Feature", "properties": { "area_sqm": 399.24921274674216, "class": "MEDIUM", "waste_kg_day_estimate": 1.2 }, "geometry": { "type": "Point", "coordinates": [ 77.635166553666508, 12.912579915516897 ] } },
{ "type": "Feature", "properties": { "area_sqm": 1097.9353350535409, "class": "LARGE FLAT", "waste_kg_day_estimate": 2.5 }, "geometry": { "type": "Point", "coordinates": [ 77.642675704854, 12.912454861822209 ] } },
{ "type": "Feature", "properties": { "area_sqm": 399.24921274674216, "class": "MEDIUM", "waste_kg_day_estimate": 1.2 }, "geometry": { "type": "Point", "coordinates": [ 77.626914623066497, 12.912512813534381 ] } },
{ "type": "Feature", "properties": { "area_sqm": 1247.6537898335691, "class": "LARGE FLAT", "waste_kg_day_estimate": 2.5 }, "geometry": { "type": "Point", "coordinates": [ 77.643716948460622, 12.912418870758859 ] } },
{ "type": "Feature", "properties": { "area_sqm": 823.45150129015565, "class": "LARGE FLAT", "waste_kg_day_estimate": 2.5 }, "geometry": { "type": "Point", "coordinates": [ 77.639453472115648, 12.91247214566619 ] } },
{ "type": "Feature", "properties": { "area_sqm": 573.92074332344191, "class": "LARGE FLAT", "waste_kg_day_estimate": 2.5 }, "geometry": { "type": "Point", "coordinates": [ 77.631475671786376, 12.912400004404354 ] } },
{ "type": "Feature", "properties": { "area_sqm": 623.82689491678457, "class": "LARGE FLAT", "waste_kg_day_estimate": 2.5 }, "geometry": { "type": "Point", "coordinates": [ 77.642028440745733, 12.912385767114152 ] } },
{ "type": "Feature", "properties": { "area_sqm": 898.31072868016986, "class": "LARGE FLAT", "waste_kg_day_estimate": 2.5 }, "geometry": { "type": "Point", "coordinates": [ 77.643126631947965, 12.912412160560608 ] } },
{ "type": "Feature", "properties": { "area_sqm": 998.1230318668554, "class": "LARGE FLAT", "waste_kg_day_estimate": 2.5 }, "geometry": { "type": "Point", "coordinates": [ 77.645464033260325, 12.91237860956935 ] } },
{ "type": "Feature", "properties": { "area_sqm": 823.45150129015565, "class": "LARGE FLAT", "waste_kg_day_estimate": 2.5 }, "geometry": { "type": "Point", "coordinates": [ 77.646601623351586, 12.91235963123086 ] } },
{ "type": "Feature", "properties": { "area_sqm": 2744.8383376338525, "class": "LARGE FLAT", "waste_kg_day_estimate": 2.5 }, "geometry": { "type": "Point", "coordinates": [ 77.651428245533182, 12.912229765171769 ] } },
{ "type": "Feature", "properties": { "area_sqm": 1147.8414866468838, "class": "LARGE FLAT", "waste_kg_day_estimate": 2.5 }, "geometry": { "type": "Point", "coordinates": [ 77.653287449644253, 12.912258020499323 ] } },
{ "type": "Feature", "properties": { "area_sqm": 1397.3722446135976, "class": "LARGE FLAT", "waste_kg_day_estimate": 2.5 }, "geometry": { "type": "Point", "coordinates": [ 77.647700522298194, 12.912146149129921 ] } },
{ "type": "Feature", "properties": { "area_sqm": 1946.3399121403681, "class": "LARGE FLAT", "waste_kg_day_estimate": 2.5 }, "geometry": { "type": "Point", "coordinates": [ 77.648789242420136, 12.912175583058149 ] } },
{ "type": "Feature", "properties": { "area_sqm": 4316.8821128241498, "class": "LARGE FLAT", "waste_kg_day_estimate": 2.5 }, "geometry": { "type": "Point", "coordinates": [ 77.626700850835206, 12.911835329163704 ] } },
{ "type": "Feature", "properties": { "area_sqm": 2969.4160198038949, "class": "LARGE FLAT", "waste_kg_day_estimate": 2.5 }, "geometry": { "type": "Point", "coordinates": [ 77.633791394679079, 12.912138019828118 ] } },
{ "type": "Feature", "properties": { "area_sqm": 548.96766752677047, "class": "LARGE FLAT", "waste_kg_day_estimate": 2.5 }, "geometry": { "type": "Point", "coordinates": [ 77.650620169153811, 12.912209837916356 ] } },
{ "type": "Feature", "properties": { "area_sqm": 3543.3367631273368, "class": "LARGE FLAT", "waste_kg_day_estimate": 2.5 }, "geometry": { "type": "Point", "coordinates": [ 77.627664024738522, 12.91182289174232 ] } },
{ "type": "Feature", "properties": { "area_sqm": 548.96766752677047, "class": "LARGE FLAT", "waste_kg_day_estimate": 2.5 }, "geometry": { "type": "Point", "coordinates": [ 77.647264454482155, 12.912211871309767 ] } },
{ "type": "Feature", "properties": { "area_sqm": 1247.6537898335691, "class": "LARGE FLAT", "waste_kg_day_estimate": 2.5 }, "geometry": { "type": "Point", "coordinates": [ 77.635850882784439, 12.912066361677377 ] } },
{ "type": "Feature", "properties": { "area_sqm": 948.21688027351263, "class": "LARGE FLAT", "waste_kg_day_estimate": 2.5 }, "geometry": { "type": "Point", "coordinates": [ 77.649515981984905, 12.912153759066536 ] } },
{ "type": "Feature", "properties": { "area_sqm": 1746.7153057669971, "class": "LARGE FLAT", "waste_kg_day_estimate": 2.5 }, "geometry": { "type": "Point", "coordinates": [ 77.632956298130338, 12.911820704514721 ] } },
{ "type": "Feature", "properties": { "area_sqm": 6013.6912669978037, "class": "LARGE FLAT", "waste_kg_day_estimate": 2.5 }, "geometry": { "type": "Point", "coordinates": [ 77.637174679376187, 12.912017391151714 ] } },
{ "type": "Feature", "properties": { "area_sqm": 898.31072868016986, "class": "LARGE FLAT", "waste_kg_day_estimate": 2.5 }, "geometry": { "type": "Point", "coordinates": [ 77.648195306064565, 12.912099017975535 ] } },
{ "type": "Feature", "properties": { "area_sqm": 424.20228854341354, "class": "MEDIUM", "waste_kg_day_estimate": 1.2 }, "geometry": { "type": "Point", "coordinates": [ 77.631832965132489, 12.912073361335162 ] } },
{ "type": "Feature", "properties": { "area_sqm": 1272.6068656302407, "class": "LARGE FLAT", "waste_kg_day_estimate": 2.5 }, "geometry": { "type": "Point", "coordinates": [ 77.634638758271052, 12.911958454672293 ] } },
{ "type": "Feature", "properties": { "area_sqm": 1097.9353350535409, "class": "LARGE FLAT", "waste_kg_day_estimate": 2.5 }, "geometry": { "type": "Point", "coordinates": [ 77.632279962834332, 12.911955663740162 ] } },
{ "type": "Feature", "properties": { "area_sqm": 24204.483522771243, "class": "LARGE FLAT", "waste_kg_day_estimate": 2.5 }, "geometry": { "type": "Point", "coordinates": [ 77.645875108089754, 12.911333801724753 ] } },
{ "type": "Feature", "properties": { "area_sqm": 524.01459173009903, "class": "LARGE FLAT", "waste_kg_day_estimate": 2.5 }, "geometry": { "type": "Point", "coordinates": [ 77.629638701028483, 12.911818361270887 ] } },
{ "type": "Feature", "properties": { "area_sqm": 3468.4775357373223, "class": "LARGE FLAT", "waste_kg_day_estimate": 2.5 }, "geometry": { "type": "Point", "coordinates": [ 77.631052378033274, 12.911701796767288 ] } },
{ "type": "Feature", "properties": { "area_sqm": 524.01459173009903, "class": "LARGE FLAT", "waste_kg_day_estimate": 2.5 }, "geometry": { "type": "Point", "coordinates": [ 77.638507174263538, 12.911771496394211 ] } },
{ "type": "Feature", "properties": { "area_sqm": 1222.7007140368978, "class": "LARGE FLAT", "waste_kg_day_estimate": 2.5 }, "geometry": { "type": "Point", "coordinates": [ 77.638843038987005, 12.911718545169913 ] } },
{ "type": "Feature", "properties": { "area_sqm": 374.29613695007077, "class": "MEDIUM", "waste_kg_day_estimate": 1.2 }, "geometry": { "type": "Point", "coordinates": [ 77.639235956437517, 12.911835829088558 ] } },
{ "type": "Feature", "properties": { "area_sqm": 1197.7476382402265, "class": "LARGE FLAT", "waste_kg_day_estimate": 2.5 }, "geometry": { "type": "Point", "coordinates": [ 77.639432956752543, 12.911679630584814 ] } },
{ "type": "Feature", "properties": { "area_sqm": 748.59227390014155, "class": "LARGE FLAT", "waste_kg_day_estimate": 2.5 }, "geometry": { "type": "Point", "coordinates": [ 77.639987540726906, 12.911813461761053 ] } },
{ "type": "Feature", "properties": { "area_sqm": 2295.6829732937676, "class": "LARGE FLAT", "waste_kg_day_estimate": 2.5 }, "geometry": { "type": "Point", "coordinates": [ 77.640965644638072, 12.911800949024217 ] } },
{ "type": "Feature", "properties": { "area_sqm": 1147.8414866468838, "class": "LARGE FLAT", "waste_kg_day_estimate": 2.5 }, "geometry": { "type": "Point", "coordinates": [ 77.642188527188722, 12.91168813989419 ] } },
{ "type": "Feature", "properties": { "area_sqm": 1297.559941426912, "class": "LARGE FLAT", "waste_kg_day_estimate": 2.5 }, "geometry": { "type": "Point", "coordinates": [ 77.643374676617611, 12.911629304097927 ] } },
{ "type": "Feature", "properties": { "area_sqm": 1422.3253204102689, "class": "LARGE FLAT", "waste_kg_day_estimate": 2.5 }, "geometry": { "type": "Point", "coordinates": [ 77.644281807077505, 12.911628323074792 ] } },
{ "type": "Feature", "properties": { "area_sqm": 2769.7914134305238, "class": "LARGE FLAT", "waste_kg_day_estimate": 2.5 }, "geometry": { "type": "Point", "coordinates": [ 77.64983260385408, 12.911580640047545 ] } },
{ "type": "Feature", "properties": { "area_sqm": 1721.7622299703255, "class": "LARGE FLAT", "waste_kg_day_estimate": 2.5 }, "geometry": { "type": "Point", "coordinates": [ 77.65088345794139, 12.91156495751083 ] } },
{ "type": "Feature", "properties": { "area_sqm": 1971.2929879370395, "class": "LARGE FLAT", "waste_kg_day_estimate": 2.5 }, "geometry": { "type": "Point", "coordinates": [ 77.651689246157616, 12.911550735320931 ] } },
{ "type": "Feature", "properties": { "area_sqm": 1197.7476382402265, "class": "LARGE FLAT", "waste_kg_day_estimate": 2.5 }, "geometry": { "type": "Point", "coordinates": [ 77.642600070961706, 12.91155008647968 ] } },
{ "type": "Feature", "properties": { "area_sqm": 573.92074332344191, "class": "LARGE FLAT", "waste_kg_day_estimate": 2.5 }, "geometry": { "type": "Point", "coordinates": [ 77.647492401259626, 12.911608395509173 ] } },
{ "type": "Feature", "properties": { "area_sqm": 723.63919810347011, "class": "LARGE FLAT", "waste_kg_day_estimate": 2.5 }, "geometry": { "type": "Point", "coordinates": [ 77.647863064662545, 12.911618120434175 ] } },
{ "type": "Feature", "properties": { "area_sqm": 524.01459173009903, "class": "LARGE FLAT", "waste_kg_day_estimate": 2.5 }, "geometry": { "type": "Point", "coordinates": [ 77.653213431802342, 12.911639422650847 ] } },
{ "type": "Feature", "properties": { "area_sqm": 1272.6068656302407, "class": "LARGE FLAT", "waste_kg_day_estimate": 2.5 }, "geometry": { "type": "Point", "coordinates": [ 77.638077176633189, 12.911310240749692 ] } },
{ "type": "Feature", "properties": { "area_sqm": 573.92074332344191, "class": "LARGE FLAT", "waste_kg_day_estimate": 2.5 }, "geometry": { "type": "Point", "coordinates": [ 77.646867821576734, 12.911563660854162 ] } },
{ "type": "Feature", "properties": { "area_sqm": 4441.6474918075064, "class": "LARGE FLAT", "waste_kg_day_estimate": 2.5 }, "geometry": { "type": "Point", "coordinates": [ 77.64867130364388, 12.911353733596698 ] } },
{ "type": "Feature", "properties": { "area_sqm": 1048.0291834601981, "class": "LARGE FLAT", "waste_kg_day_estimate": 2.5 }, "geometry": { "type": "Point", "coordinates": [ 77.631789405408881, 12.911494567577479 ] } },
{ "type": "Feature", "properties": { "area_sqm": 623.82689491678457, "class": "LARGE FLAT", "waste_kg_day_estimate": 2.5 }, "geometry": { "type": "Point", "coordinates": [ 77.633658426181071, 12.911519704193152 ] } },
{ "type": "Feature", "properties": { "area_sqm": 548.96766752677047, "class": "LARGE FLAT", "waste_kg_day_estimate": 2.5 }, "geometry": { "type": "Point", "coordinates": [ 77.634513583998029, 12.911514417370288 ] } },
{ "type": "Feature", "properties": { "area_sqm": 2395.495276480453, "class": "LARGE FLAT", "waste_kg_day_estimate": 2.5 }, "geometry": { "type": "Point", "coordinates": [ 77.63514137171866, 12.911188947337671 ] } },
{ "type": "Feature", "properties": { "area_sqm": 499.0615159334277, "class": "MEDIUM", "waste_kg_day_estimate": 1.2 }, "geometry": { "type": "Point", "coordinates": [ 77.637319029084992, 12.911521940925903 ] } },
{ "type": "Feature", "properties": { "area_sqm": 698.68612230679878, "class": "LARGE FLAT", "waste_kg_day_estimate": 2.5 }, "geometry": { "type": "Point", "coordinates": [ 77.627949020000855, 12.911413619154128 ] } },
{ "type": "Feature", "properties": { "area_sqm": 1122.8884108502123, "class": "LARGE FLAT", "waste_kg_day_estimate": 2.5 }, "geometry": { "type": "Point", "coordinates": [ 77.632349274825032, 12.911346730193779 ] } },
{ "type": "Feature", "properties": { "area_sqm": 474.10844013675631, "class": "MEDIUM", "waste_kg_day_estimate": 1.2 }, "geometry": { "type": "Point", "coordinates": [ 77.631337266375468, 12.91138973824807 ] } },
{ "type": "Feature", "properties": { "area_sqm": 1746.7153057669971, "class": "LARGE FLAT", "waste_kg_day_estimate": 2.5 }, "geometry": { "type": "Point", "coordinates": [ 77.627275914836829, 12.911233402401086 ] } },
{ "type": "Feature", "properties": { "area_sqm": 374.29613695007077, "class": "MEDIUM", "waste_kg_day_estimate": 1.2 }, "geometry": { "type": "Point", "coordinates": [ 77.629845026965953, 12.91126620781476 ] } },
{ "type": "Feature", "properties": { "area_sqm": 698.68612230679878, "class": "LARGE FLAT", "waste_kg_day_estimate": 2.5 }, "geometry": { "type": "Point", "coordinates": [ 77.630803158572576, 12.911218703871583 ] } },
{ "type": "Feature", "properties": { "area_sqm": 499.0615159334277, "class": "MEDIUM", "waste_kg_day_estimate": 1.2 }, "geometry": { "type": "Point", "coordinates": [ 77.632967588498161, 12.911253532995842 ] } },
{ "type": "Feature", "properties": { "area_sqm": 873.35765288349853, "class": "LARGE FLAT", "waste_kg_day_estimate": 2.5 }, "geometry": { "type": "Point", "coordinates": [ 77.63933867664673, 12.91125001813009 ] } },
{ "type": "Feature", "properties": { "area_sqm": 1247.6537898335691, "class": "LARGE FLAT", "waste_kg_day_estimate": 2.5 }, "geometry": { "type": "Point", "coordinates": [ 77.635581242235247, 12.911012413205336 ] } },
{ "type": "Feature", "properties": { "area_sqm": 399.24921274674216, "class": "MEDIUM", "waste_kg_day_estimate": 1.2 }, "geometry": { "type": "Point", "coordinates": [ 77.637601454315387, 12.91123228403471 ] } },
{ "type": "Feature", "properties": { "area_sqm": 1796.6214573603397, "class": "LARGE FLAT", "waste_kg_day_estimate": 2.5 }, "geometry": { "type": "Point", "coordinates": [ 77.642072218593512, 12.910868814962752 ] } },
{ "type": "Feature", "properties": { "area_sqm": 723.63919810347011, "class": "LARGE FLAT", "waste_kg_day_estimate": 2.5 }, "geometry": { "type": "Point", "coordinates": [ 77.642378877273984, 12.911124496654752 ] } },
{ "type": "Feature", "properties": { "area_sqm": 399.24921274674216, "class": "MEDIUM", "waste_kg_day_estimate": 1.2 }, "geometry": { "type": "Point", "coordinates": [ 77.647904745127946, 12.911221100370959 ] } },
{ "type": "Feature", "properties": { "area_sqm": 2620.0729586504954, "class": "LARGE FLAT", "waste_kg_day_estimate": 2.5 }, "geometry": { "type": "Point", "coordinates": [ 77.631465526818189, 12.911091955682387 ] } },
{ "type": "Feature", "properties": { "area_sqm": 923.26380447684119, "class": "LARGE FLAT", "waste_kg_day_estimate": 2.5 }, "geometry": { "type": "Point", "coordinates": [ 77.643030860271068, 12.911129666363252 ] } },
{ "type": "Feature", "properties": { "area_sqm": 1097.9353350535409, "class": "LARGE FLAT", "waste_kg_day_estimate": 2.5 }, "geometry": { "type": "Point", "coordinates": [ 77.64364036716357, 12.911169757187368 ] } },
{ "type": "Feature", "properties": { "area_sqm": 1097.9353350535409, "class": "LARGE FLAT", "waste_kg_day_estimate": 2.5 }, "geometry": { "type": "Point", "coordinates": [ 77.628248033619272, 12.911043686795974 ] } },
{ "type": "Feature", "properties": { "area_sqm": 773.54534969681299, "class": "LARGE FLAT", "waste_kg_day_estimate": 2.5 }, "geometry": { "type": "Point", "coordinates": [ 77.642690394796958, 12.911048114346141 ] } },
{ "type": "Feature", "properties": { "area_sqm": 524.01459173009903, "class": "LARGE FLAT", "waste_kg_day_estimate": 2.5 }, "geometry": { "type": "Point", "coordinates": [ 77.651761180568641, 12.91111964856406 ] } },
{ "type": "Feature", "properties": { "area_sqm": 399.24921274674216, "class": "MEDIUM", "waste_kg_day_estimate": 1.2 }, "geometry": { "type": "Point", "coordinates": [ 77.630003285822767, 12.911095284153742 ] } },
{ "type": "Feature", "properties": { "area_sqm": 1547.090699393626, "class": "LARGE FLAT", "waste_kg_day_estimate": 2.5 }, "geometry": { "type": "Point", "coordinates": [ 77.650939326058264, 12.911005544271212 ] } },
{ "type": "Feature", "properties": { "area_sqm": 1297.559941426912, "class": "LARGE FLAT", "waste_kg_day_estimate": 2.5 }, "geometry": { "type": "Point", "coordinates": [ 77.627310679973945, 12.910751816634264 ] } },
{ "type": "Feature", "properties": { "area_sqm": 1197.7476382402265, "class": "LARGE FLAT", "waste_kg_day_estimate": 2.5 }, "geometry": { "type": "Point", "coordinates": [ 77.632982503959582, 12.910763502129083 ] } },
{ "type": "Feature", "properties": { "area_sqm": 3867.7267484840645, "class": "LARGE FLAT", "waste_kg_day_estimate": 2.5 }, "geometry": { "type": "Point", "coordinates": [ 77.629903913982446, 12.910681578785734 ] } },
{ "type": "Feature", "properties": { "area_sqm": 374.29613695007077, "class": "MEDIUM", "waste_kg_day_estimate": 1.2 }, "geometry": { "type": "Point", "coordinates": [ 77.630694239730047, 12.910923242126348 ] } },
{ "type": "Feature", "properties": { "area_sqm": 1048.0291834601981, "class": "LARGE FLAT", "waste_kg_day_estimate": 2.5 }, "geometry": { "type": "Point", "coordinates": [ 77.632433620514064, 12.910804375757321 ] } },
{ "type": "Feature", "properties": { "area_sqm": 399.24921274674216, "class": "MEDIUM", "waste_kg_day_estimate": 1.2 }, "geometry": { "type": "Point", "coordinates": [ 77.63670652663059, 12.910840855803372 ] } },
{ "type": "Feature", "properties": { "area_sqm": 673.73304651012745, "class": "LARGE FLAT", "waste_kg_day_estimate": 2.5 }, "geometry": { "type": "Point", "coordinates": [ 77.634350400280084, 12.910696917908778 ] } },
{ "type": "Feature", "properties": { "area_sqm": 4815.9436287575772, "class": "LARGE FLAT", "waste_kg_day_estimate": 2.5 }, "geometry": { "type": "Point", "coordinates": [ 77.638060962134432, 12.910193796832941 ] } },
{ "type": "Feature", "properties": { "area_sqm": 673.73304651012745, "class": "LARGE FLAT", "waste_kg_day_estimate": 2.5 }, "geometry": { "type": "Point", "coordinates": [ 77.638448385638057, 12.910655496931916 ] } },
{ "type": "Feature", "properties": { "area_sqm": 1172.7945624435552, "class": "LARGE FLAT", "waste_kg_day_estimate": 2.5 }, "geometry": { "type": "Point", "coordinates": [ 77.628057578512497, 12.910514031076474 ] } },
{ "type": "Feature", "properties": { "area_sqm": 748.59227390014155, "class": "LARGE FLAT", "waste_kg_day_estimate": 2.5 }, "geometry": { "type": "Point", "coordinates": [ 77.63071593494665, 12.910572820662102 ] } },
{ "type": "Feature", "properties": { "area_sqm": 1147.8414866468838, "class": "LARGE FLAT", "waste_kg_day_estimate": 2.5 }, "geometry": { "type": "Point", "coordinates": [ 77.650262583963197, 12.910628123068948 ] } },
{ "type": "Feature", "properties": { "area_sqm": 1048.0291834601981, "class": "LARGE FLAT", "waste_kg_day_estimate": 2.5 }, "geometry": { "type": "Point", "coordinates": [ 77.650728443982487, 12.910554074711431 ] } },
{ "type": "Feature", "properties": { "area_sqm": 2545.2137312604814, "class": "LARGE FLAT", "waste_kg_day_estimate": 2.5 }, "geometry": { "type": "Point", "coordinates": [ 77.652350897185556, 12.910327832639663 ] } },
{ "type": "Feature", "properties": { "area_sqm": 673.73304651012745, "class": "LARGE FLAT", "waste_kg_day_estimate": 2.5 }, "geometry": { "type": "Point", "coordinates": [ 77.633821794605765, 12.910539518196705 ] } },
{ "type": "Feature", "properties": { "area_sqm": 474.10844013675631, "class": "MEDIUM", "waste_kg_day_estimate": 1.2 }, "geometry": { "type": "Point", "coordinates": [ 77.651846586550221, 12.910542134258401 ] } },
{ "type": "Feature", "properties": { "area_sqm": 10505.244910398653, "class": "LARGE FLAT", "waste_kg_day_estimate": 2.5 }, "geometry": { "type": "Point", "coordinates": [ 77.629040507673182, 12.909796219258864 ] } },
{ "type": "Feature", "properties": { "area_sqm": 399.24921274674216, "class": "MEDIUM", "waste_kg_day_estimate": 1.2 }, "geometry": { "type": "Point", "coordinates": [ 77.631052210803958, 12.910499754058918 ] } },
{ "type": "Feature", "properties": { "area_sqm": 499.0615159334277, "class": "MEDIUM", "waste_kg_day_estimate": 1.2 }, "geometry": { "type": "Point", "coordinates": [ 77.64303726831767, 12.910506464257169 ] } },
{ "type": "Feature", "properties": { "area_sqm": 1048.0291834601981, "class": "LARGE FLAT", "waste_kg_day_estimate": 2.5 }, "geometry": { "type": "Point", "coordinates": [ 77.63253324140662, 12.910282471448868 ] } },
{ "type": "Feature", "properties": { "area_sqm": 598.87381912011324, "class": "LARGE FLAT", "waste_kg_day_estimate": 2.5 }, "geometry": { "type": "Point", "coordinates": [ 77.632962164694021, 12.910324543326794 ] } },
{ "type": "Feature", "properties": { "area_sqm": 424.20228854341354, "class": "MEDIUM", "waste_kg_day_estimate": 1.2 }, "geometry": { "type": "Point", "coordinates": [ 77.645938502178012, 12.91029976383652 ] } },
{ "type": "Feature", "properties": { "area_sqm": 973.16995607018407, "class": "LARGE FLAT", "waste_kg_day_estimate": 2.5 }, "geometry": { "type": "Point", "coordinates": [ 77.631704855369293, 12.910246257680527 ] } },
{ "type": "Feature", "properties": { "area_sqm": 499.0615159334277, "class": "MEDIUM", "waste_kg_day_estimate": 1.2 }, "geometry": { "type": "Point", "coordinates": [ 77.637560775784252, 12.910320815438876 ] } },
{ "type": "Feature", "properties": { "area_sqm": 823.45150129015565, "class": "LARGE FLAT", "waste_kg_day_estimate": 2.5 }, "geometry": { "type": "Point", "coordinates": [ 77.642042810304773, 12.910192033856271 ] } },
{ "type": "Feature", "properties": { "area_sqm": 474.10844013675631, "class": "MEDIUM", "waste_kg_day_estimate": 1.2 }, "geometry": { "type": "Point", "coordinates": [ 77.629795764143296, 12.910233700584383 ] } },
{ "type": "Feature", "properties": { "area_sqm": 2096.0583669203961, "class": "LARGE FLAT", "waste_kg_day_estimate": 2.5 }, "geometry": { "type": "Point", "coordinates": [ 77.635582747617633, 12.91000341241047 ] } },
{ "type": "Feature", "properties": { "area_sqm": 474.10844013675631, "class": "MEDIUM", "waste_kg_day_estimate": 1.2 }, "geometry": { "type": "Point", "coordinates": [ 77.638846584392212, 12.910240763950963 ] } },
{ "type": "Feature", "properties": { "area_sqm": 499.0615159334277, "class": "MEDIUM", "waste_kg_day_estimate": 1.2 }, "geometry": { "type": "Point", "coordinates": [ 77.645092115261448, 12.910311868507875 ] } },
{ "type": "Feature", "properties": { "area_sqm": 474.10844013675631, "class": "MEDIUM", "waste_kg_day_estimate": 1.2 }, "geometry": { "type": "Point", "coordinates": [ 77.633634838750098, 12.910266662961758 ] } },
{ "type": "Feature", "properties": { "area_sqm": 474.10844013675631, "class": "MEDIUM", "waste_kg_day_estimate": 1.2 }, "geometry": { "type": "Point", "coordinates": [ 77.63602539062444, 12.910228991673328 ] } },
{ "type": "Feature", "properties": { "area_sqm": 399.24921274674216, "class": "MEDIUM", "waste_kg_day_estimate": 1.2 }, "geometry": { "type": "Point", "coordinates": [ 77.630145660681706, 12.91020897880135 ] } },
{ "type": "Feature", "properties": { "area_sqm": 2121.0114427170679, "class": "LARGE FLAT", "waste_kg_day_estimate": 2.5 }, "geometry": { "type": "Point", "coordinates": [ 77.640229560895293, 12.909990831571918 ] } },
{ "type": "Feature", "properties": { "area_sqm": 474.10844013675631, "class": "MEDIUM", "waste_kg_day_estimate": 1.2 }, "geometry": { "type": "Point", "coordinates": [ 77.649140393742613, 12.910179548107266 ] } },
{ "type": "Feature", "properties": { "area_sqm": 573.92074332344191, "class": "LARGE FLAT", "waste_kg_day_estimate": 2.5 }, "geometry": { "type": "Point", "coordinates": [ 77.651154985031141, 12.91012048198383 ] } },
{ "type": "Feature", "properties": { "area_sqm": 2894.5567924138804, "class": "LARGE FLAT", "waste_kg_day_estimate": 2.5 }, "geometry": { "type": "Point", "coordinates": [ 77.630782490100046, 12.910001116912984 ] } },
{ "type": "Feature", "properties": { "area_sqm": 673.73304651012745, "class": "LARGE FLAT", "waste_kg_day_estimate": 2.5 }, "geometry": { "type": "Point", "coordinates": [ 77.634575961659039, 12.910103769520124 ] } },
{ "type": "Feature", "properties": { "area_sqm": 1297.559941426912, "class": "LARGE FLAT", "waste_kg_day_estimate": 2.5 }, "geometry": { "type": "Point", "coordinates": [ 77.641128864085957, 12.91003004018131 ] } },
{ "type": "Feature", "properties": { "area_sqm": 748.59227390014155, "class": "LARGE FLAT", "waste_kg_day_estimate": 2.5 }, "geometry": { "type": "Point", "coordinates": [ 77.64169061523009, 12.910018110939975 ] } },
{ "type": "Feature", "properties": { "area_sqm": 1397.3722446135976, "class": "LARGE FLAT", "waste_kg_day_estimate": 2.5 }, "geometry": { "type": "Point", "coordinates": [ 77.645060568645476, 12.909866279390647 ] } },
{ "type": "Feature", "properties": { "area_sqm": 1122.8884108502123, "class": "LARGE FLAT", "waste_kg_day_estimate": 2.5 }, "geometry": { "type": "Point", "coordinates": [ 77.639099586504599, 12.909959955888461 ] } },
{ "type": "Feature", "properties": { "area_sqm": 449.15536434008493, "class": "MEDIUM", "waste_kg_day_estimate": 1.2 }, "geometry": { "type": "Point", "coordinates": [ 77.631444790913889, 12.909878439405997 ] } },
{ "type": "Feature", "properties": { "area_sqm": 948.21688027351263, "class": "LARGE FLAT", "waste_kg_day_estimate": 2.5 }, "geometry": { "type": "Point", "coordinates": [ 77.632510520852179, 12.909767518390066 ] } },
{ "type": "Feature", "properties": { "area_sqm": 1172.7945624435552, "class": "LARGE FLAT", "waste_kg_day_estimate": 2.5 }, "geometry": { "type": "Point", "coordinates": [ 77.633685805676308, 12.909798276596309 ] } },
{ "type": "Feature", "properties": { "area_sqm": 723.63919810347011, "class": "LARGE FLAT", "waste_kg_day_estimate": 2.5 }, "geometry": { "type": "Point", "coordinates": [ 77.650727795110768, 12.909780914430131 ] } },
{ "type": "Feature", "properties": { "area_sqm": 973.16995607018407, "class": "LARGE FLAT", "waste_kg_day_estimate": 2.5 }, "geometry": { "type": "Point", "coordinates": [ 77.63011466751513, 12.909759911687594 ] } },
{ "type": "Feature", "properties": { "area_sqm": 499.0615159334277, "class": "MEDIUM", "waste_kg_day_estimate": 1.2 }, "geometry": { "type": "Point", "coordinates": [ 77.634334387144023, 12.909716897596239 ] } },
{ "type": "Feature", "properties": { "area_sqm": 499.0615159334277, "class": "MEDIUM", "waste_kg_day_estimate": 1.2 }, "geometry": { "type": "Point", "coordinates": [ 77.64553144339763, 12.909770579182251 ] } },
{ "type": "Feature", "properties": { "area_sqm": 1272.6068656302407, "class": "LARGE FLAT", "waste_kg_day_estimate": 2.5 }, "geometry": { "type": "Point", "coordinates": [ 77.647748867731352, 12.909692775968535 ] } },
{ "type": "Feature", "properties": { "area_sqm": 623.82689491678457, "class": "LARGE FLAT", "waste_kg_day_estimate": 2.5 }, "geometry": { "type": "Point", "coordinates": [ 77.65029059909071, 12.90976789510295 ] } },
{ "type": "Feature", "properties": { "area_sqm": 399.24921274674216, "class": "MEDIUM", "waste_kg_day_estimate": 1.2 }, "geometry": { "type": "Point", "coordinates": [ 77.634608676668194, 12.909744856755619 ] } },
{ "type": "Feature", "properties": { "area_sqm": 374.29613695007077, "class": "MEDIUM", "waste_kg_day_estimate": 1.2 }, "geometry": { "type": "Point", "coordinates": [ 77.649804626238847, 12.909715406441071 ] } },
{ "type": "Feature", "properties": { "area_sqm": 2295.6829732937676, "class": "LARGE FLAT", "waste_kg_day_estimate": 2.5 }, "geometry": { "type": "Point", "coordinates": [ 77.643603432619216, 12.909488361858685 ] } },
{ "type": "Feature", "properties": { "area_sqm": 598.87381912011324, "class": "LARGE FLAT", "waste_kg_day_estimate": 2.5 }, "geometry": { "type": "Point", "coordinates": [ 77.65375857946438, 12.909674026885186 ] } },
{ "type": "Feature", "properties": { "area_sqm": 1122.8884108502123, "class": "LARGE FLAT", "waste_kg_day_estimate": 2.5 }, "geometry": { "type": "Point", "coordinates": [ 77.637605715875793, 12.909502668303912 ] } },
{ "type": "Feature", "properties": { "area_sqm": 823.45150129015565, "class": "LARGE FLAT", "waste_kg_day_estimate": 2.5 }, "geometry": { "type": "Point", "coordinates": [ 77.63892095316271, 12.909572526664158 ] } },
{ "type": "Feature", "properties": { "area_sqm": 1497.1845478002831, "class": "LARGE FLAT", "waste_kg_day_estimate": 2.5 }, "geometry": { "type": "Point", "coordinates": [ 77.639504047328373, 12.90953423108828 ] } },
{ "type": "Feature", "properties": { "area_sqm": 1796.6214573603397, "class": "LARGE FLAT", "waste_kg_day_estimate": 2.5 }, "geometry": { "type": "Point", "coordinates": [ 77.635119418225671, 12.909264580528912 ] } },
{ "type": "Feature", "properties": { "area_sqm": 573.92074332344191, "class": "LARGE FLAT", "waste_kg_day_estimate": 2.5 }, "geometry": { "type": "Point", "coordinates": [ 77.651781586007502, 12.909605060958713 ] } },
{ "type": "Feature", "properties": { "area_sqm": 2395.495276480453, "class": "LARGE FLAT", "waste_kg_day_estimate": 2.5 }, "geometry": { "type": "Point", "coordinates": [ 77.64057679830637, 12.909496486223114 ] } },
{ "type": "Feature", "properties": { "area_sqm": 698.68612230679878, "class": "LARGE FLAT", "waste_kg_day_estimate": 2.5 }, "geometry": { "type": "Point", "coordinates": [ 77.642163261020329, 12.909493224321187 ] } },
{ "type": "Feature", "properties": { "area_sqm": 548.96766752677047, "class": "LARGE FLAT", "waste_kg_day_estimate": 2.5 }, "geometry": { "type": "Point", "coordinates": [ 77.632954064207297, 12.909466790206862 ] } },
{ "type": "Feature", "properties": { "area_sqm": 424.20228854341354, "class": "MEDIUM", "waste_kg_day_estimate": 1.2 }, "geometry": { "type": "Point", "coordinates": [ 77.637291408704186, 12.909505065847513 ] } },
{ "type": "Feature", "properties": { "area_sqm": 449.15536434008493, "class": "MEDIUM", "waste_kg_day_estimate": 1.2 }, "geometry": { "type": "Point", "coordinates": [ 77.635959462177993, 12.90943854863173 ] } },
{ "type": "Feature", "properties": { "area_sqm": 598.87381912011324, "class": "LARGE FLAT", "waste_kg_day_estimate": 2.5 }, "geometry": { "type": "Point", "coordinates": [ 77.638540934677124, 12.909478312769517 ] } },
{ "type": "Feature", "properties": { "area_sqm": 1771.6683815636684, "class": "LARGE FLAT", "waste_kg_day_estimate": 2.5 }, "geometry": { "type": "Point", "coordinates": [ 77.641517315411363, 12.909427382469797 ] } },
{ "type": "Feature", "properties": { "area_sqm": 1172.7945624435552, "class": "LARGE FLAT", "waste_kg_day_estimate": 2.5 }, "geometry": { "type": "Point", "coordinates": [ 77.651095722426788, 12.909253846326823 ] } },
{ "type": "Feature", "properties": { "area_sqm": 499.0615159334277, "class": "MEDIUM", "waste_kg_day_estimate": 1.2 }, "geometry": { "type": "Point", "coordinates": [ 77.629792338582774, 12.909359020356156 ] } },
{ "type": "Feature", "properties": { "area_sqm": 773.54534969681299, "class": "LARGE FLAT", "waste_kg_day_estimate": 2.5 }, "geometry": { "type": "Point", "coordinates": [ 77.63164233069331, 12.909361184936238 ] } },
{ "type": "Feature", "properties": { "area_sqm": 474.10844013675631, "class": "MEDIUM", "waste_kg_day_estimate": 1.2 }, "geometry": { "type": "Point", "coordinates": [ 77.634329738169043, 12.909341361939704 ] } },
{ "type": "Feature", "properties": { "area_sqm": 723.63919810347011, "class": "LARGE FLAT", "waste_kg_day_estimate": 2.5 }, "geometry": { "type": "Point", "coordinates": [ 77.635612214027219, 12.909402983724011 ] } },
{ "type": "Feature", "properties": { "area_sqm": 1272.6068656302407, "class": "LARGE FLAT", "waste_kg_day_estimate": 2.5 }, "geometry": { "type": "Point", "coordinates": [ 77.645067047259076, 12.909324372927275 ] } },
{ "type": "Feature", "properties": { "area_sqm": 548.96766752677047, "class": "LARGE FLAT", "waste_kg_day_estimate": 2.5 }, "geometry": { "type": "Point", "coordinates": [ 77.649770674633658, 12.909371220716613 ] } },
{ "type": "Feature", "properties": { "area_sqm": 723.63919810347011, "class": "LARGE FLAT", "waste_kg_day_estimate": 2.5 }, "geometry": { "type": "Point", "coordinates": [ 77.650184345965869, 12.909410696595565 ] } },
{ "type": "Feature", "properties": { "area_sqm": 698.68612230679878, "class": "LARGE FLAT", "waste_kg_day_estimate": 2.5 }, "geometry": { "type": "Point", "coordinates": [ 77.653320800986535, 12.909381387683661 ] } },
{ "type": "Feature", "properties": { "area_sqm": 548.96766752677047, "class": "LARGE FLAT", "waste_kg_day_estimate": 2.5 }, "geometry": { "type": "Point", "coordinates": [ 77.650708922312631, 12.909354953569336 ] } },
{ "type": "Feature", "properties": { "area_sqm": 1447.2783962069402, "class": "LARGE FLAT", "waste_kg_day_estimate": 2.5 }, "geometry": { "type": "Point", "coordinates": [ 77.628160227743749, 12.909097554010492 ] } },
{ "type": "Feature", "properties": { "area_sqm": 399.24921274674216, "class": "MEDIUM", "waste_kg_day_estimate": 1.2 }, "geometry": { "type": "Point", "coordinates": [ 77.634631921543132, 12.90933665302865 ] } },
{ "type": "Feature", "properties": { "area_sqm": 673.73304651012745, "class": "LARGE FLAT", "waste_kg_day_estimate": 2.5 }, "geometry": { "type": "Point", "coordinates": [ 77.645640522125532, 12.909301859408087 ] } },
{ "type": "Feature", "properties": { "area_sqm": 449.15536434008493, "class": "MEDIUM", "waste_kg_day_estimate": 1.2 }, "geometry": { "type": "Point", "coordinates": [ 77.6481965974465, 12.909135347081104 ] } },
{ "type": "Feature", "properties": { "area_sqm": 573.92074332344191, "class": "LARGE FLAT", "waste_kg_day_estimate": 2.5 }, "geometry": { "type": "Point", "coordinates": [ 77.631821312970118, 12.909081859993591 ] } },
{ "type": "Feature", "properties": { "area_sqm": 1397.3722446135976, "class": "LARGE FLAT", "waste_kg_day_estimate": 2.5 }, "geometry": { "type": "Point", "coordinates": [ 77.638075483729125, 12.90896200029294 ] } },
{ "type": "Feature", "properties": { "area_sqm": 499.0615159334277, "class": "MEDIUM", "waste_kg_day_estimate": 1.2 }, "geometry": { "type": "Point", "coordinates": [ 77.632981535423127, 12.909045877771083 ] } },
{ "type": "Feature", "properties": { "area_sqm": 1447.2783962069402, "class": "LARGE FLAT", "waste_kg_day_estimate": 2.5 }, "geometry": { "type": "Point", "coordinates": [ 77.635752484824209, 12.908998057967452 ] } },
{ "type": "Feature", "properties": { "area_sqm": 748.59227390014155, "class": "LARGE FLAT", "waste_kg_day_estimate": 2.5 }, "geometry": { "type": "Point", "coordinates": [ 77.650320662462292, 12.908992196185071 ] } },
{ "type": "Feature", "properties": { "area_sqm": 1048.0291834601981, "class": "LARGE FLAT", "waste_kg_day_estimate": 2.5 }, "geometry": { "type": "Point", "coordinates": [ 77.639942822015144, 12.908905283141051 ] } },
{ "type": "Feature", "properties": { "area_sqm": 648.77997071345601, "class": "LARGE FLAT", "waste_kg_day_estimate": 2.5 }, "geometry": { "type": "Point", "coordinates": [ 77.640250029006879, 12.908952967333754 ] } },
{ "type": "Feature", "properties": { "area_sqm": 548.96766752677047, "class": "LARGE FLAT", "waste_kg_day_estimate": 2.5 }, "geometry": { "type": "Point", "coordinates": [ 77.6410475070237, 12.908999109722664 ] } },
{ "type": "Feature", "properties": { "area_sqm": 548.96766752677047, "class": "LARGE FLAT", "waste_kg_day_estimate": 2.5 }, "geometry": { "type": "Point", "coordinates": [ 77.630587313305369, 12.909001143116074 ] } },
{ "type": "Feature", "properties": { "area_sqm": 374.29613695007077, "class": "MEDIUM", "waste_kg_day_estimate": 1.2 }, "geometry": { "type": "Point", "coordinates": [ 77.631131243378718, 12.908987722719569 ] } },
{ "type": "Feature", "properties": { "area_sqm": 1422.3253204102689, "class": "LARGE FLAT", "waste_kg_day_estimate": 2.5 }, "geometry": { "type": "Point", "coordinates": [ 77.643747582758948, 12.908941104500139 ] } },
{ "type": "Feature", "properties": { "area_sqm": 698.68612230679878, "class": "LARGE FLAT", "waste_kg_day_estimate": 2.5 }, "geometry": { "type": "Point", "coordinates": [ 77.644248658371154, 12.908942029464809 ] } },
{ "type": "Feature", "properties": { "area_sqm": 474.10844013675631, "class": "MEDIUM", "waste_kg_day_estimate": 1.2 }, "geometry": { "type": "Point", "coordinates": [ 77.630157894826411, 12.908912851033817 ] } },
{ "type": "Feature", "properties": { "area_sqm": 3368.665232550637, "class": "LARGE FLAT", "waste_kg_day_estimate": 2.5 }, "geometry": { "type": "Point", "coordinates": [ 77.638667748383682, 12.908484043640936 ] } },
{ "type": "Feature", "properties": { "area_sqm": 648.77997071345601, "class": "LARGE FLAT", "waste_kg_day_estimate": 2.5 }, "geometry": { "type": "Point", "coordinates": [ 77.653689142850808, 12.908822204496031 ] } },
{ "type": "Feature", "properties": { "area_sqm": 1172.7945624435552, "class": "LARGE FLAT", "waste_kg_day_estimate": 2.5 }, "geometry": { "type": "Point", "coordinates": [ 77.645257796816807, 12.908829343004811 ] } },
{ "type": "Feature", "properties": { "area_sqm": 3268.8529293639513, "class": "LARGE FLAT", "waste_kg_day_estimate": 2.5 }, "geometry": { "type": "Point", "coordinates": [ 77.632771444339795, 12.908204285730832 ] } },
{ "type": "Feature", "properties": { "area_sqm": 998.1230318668554, "class": "LARGE FLAT", "waste_kg_day_estimate": 2.5 }, "geometry": { "type": "Point", "coordinates": [ 77.630826735517147, 12.908644384242367 ] } },
{ "type": "Feature", "properties": { "area_sqm": 923.26380447684119, "class": "LARGE FLAT", "waste_kg_day_estimate": 2.5 }, "geometry": { "type": "Point", "coordinates": [ 77.631446117198038, 12.908642661353626 ] } },
{ "type": "Feature", "properties": { "area_sqm": 449.15536434008493, "class": "MEDIUM", "waste_kg_day_estimate": 1.2 }, "geometry": { "type": "Point", "coordinates": [ 77.631852867607094, 12.908727764668788 ] } },
{ "type": "Feature", "properties": { "area_sqm": 773.54534969681299, "class": "LARGE FLAT", "waste_kg_day_estimate": 2.5 }, "geometry": { "type": "Point", "coordinates": [ 77.641732106082117, 12.908667076256883 ] } },
{ "type": "Feature", "properties": { "area_sqm": 424.20228854341354, "class": "MEDIUM", "waste_kg_day_estimate": 1.2 }, "geometry": { "type": "Point", "coordinates": [ 77.652772495407319, 12.908747208162632 ] } },
{ "type": "Feature", "properties": { "area_sqm": 399.24921274674216, "class": "MEDIUM", "waste_kg_day_estimate": 1.2 }, "geometry": { "type": "Point", "coordinates": [ 77.636424682522076, 12.908637674044115 ] } },
{ "type": "Feature", "properties": { "area_sqm": 698.68612230679878, "class": "LARGE FLAT", "waste_kg_day_estimate": 2.5 }, "geometry": { "type": "Point", "coordinates": [ 77.64076856852455, 12.908691195863502 ] } },
{ "type": "Feature", "properties": { "area_sqm": 1048.0291834601981, "class": "LARGE FLAT", "waste_kg_day_estimate": 2.5 }, "geometry": { "type": "Point", "coordinates": [ 77.628853909774904, 12.908576163893475 ] } },
{ "type": "Feature", "properties": { "area_sqm": 4341.8351886208211, "class": "LARGE FLAT", "waste_kg_day_estimate": 2.5 }, "geometry": { "type": "Point", "coordinates": [ 77.638072430215175, 12.907976102486613 ] } },
{ "type": "Feature", "properties": { "area_sqm": 748.59227390014155, "class": "LARGE FLAT", "waste_kg_day_estimate": 2.5 }, "geometry": { "type": "Point", "coordinates": [ 77.630255686423041, 12.908544849634968 ] } },
{ "type": "Feature", "properties": { "area_sqm": 2195.8706701070819, "class": "LARGE FLAT", "waste_kg_day_estimate": 2.5 }, "geometry": { "type": "Point", "coordinates": [ 77.652254706495455, 12.908239637284193 ] } },
{ "type": "Feature", "properties": { "area_sqm": 424.20228854341354, "class": "MEDIUM", "waste_kg_day_estimate": 1.2 }, "geometry": { "type": "Point", "coordinates": [ 77.639954997902009, 12.908486694583456 ] } },
{ "type": "Feature", "properties": { "area_sqm": 698.68612230679878, "class": "LARGE FLAT", "waste_kg_day_estimate": 2.5 }, "geometry": { "type": "Point", "coordinates": [ 77.647240605844232, 12.908438764595944 ] } },
{ "type": "Feature", "properties": { "area_sqm": 973.16995607018407, "class": "LARGE FLAT", "waste_kg_day_estimate": 2.5 }, "geometry": { "type": "Point", "coordinates": [ 77.64138306765409, 12.908337579066753 ] } },
{ "type": "Feature", "properties": { "area_sqm": 573.92074332344191, "class": "LARGE FLAT", "waste_kg_day_estimate": 2.5 }, "geometry": { "type": "Point", "coordinates": [ 77.648761773560125, 12.90850614443346 ] } },
{ "type": "Feature", "properties": { "area_sqm": 474.10844013675631, "class": "MEDIUM", "waste_kg_day_estimate": 1.2 }, "geometry": { "type": "Point", "coordinates": [ 77.632550893529682, 12.908420769828703 ] } },
{ "type": "Feature", "properties": { "area_sqm": 548.96766752677047, "class": "LARGE FLAT", "waste_kg_day_estimate": 2.5 }, "geometry": { "type": "Point", "coordinates": [ 77.642161147849876, 12.908450093502083 ] } },
{ "type": "Feature", "properties": { "area_sqm": 548.96766752677047, "class": "LARGE FLAT", "waste_kg_day_estimate": 2.5 }, "geometry": { "type": "Point", "coordinates": [ 77.644973777716359, 12.908387058306387 ] } },
{ "type": "Feature", "properties": { "area_sqm": 449.15536434008493, "class": "MEDIUM", "waste_kg_day_estimate": 1.2 }, "geometry": { "type": "Point", "coordinates": [ 77.647561237531761, 12.908409651566492 ] } },
{ "type": "Feature", "properties": { "area_sqm": 798.49842549348432, "class": "LARGE FLAT", "waste_kg_day_estimate": 2.5 }, "geometry": { "type": "Point", "coordinates": [ 77.649248589459802, 12.908349694702485 ] } },
{ "type": "Feature", "properties": { "area_sqm": 1247.6537898335691, "class": "LARGE FLAT", "waste_kg_day_estimate": 2.5 }, "geometry": { "type": "Point", "coordinates": [ 77.631713295046964, 12.908274652318706 ] } },
{ "type": "Feature", "properties": { "area_sqm": 474.10844013675631, "class": "MEDIUM", "waste_kg_day_estimate": 1.2 }, "geometry": { "type": "Point", "coordinates": [ 77.635024637587989, 12.908406643095542 ] } },
{ "type": "Feature", "properties": { "area_sqm": 474.10844013675631, "class": "MEDIUM", "waste_kg_day_estimate": 1.2 }, "geometry": { "type": "Point", "coordinates": [ 77.643422154509935, 12.908350136162897 ] } },
{ "type": "Feature", "properties": { "area_sqm": 1172.7945624435552, "class": "LARGE FLAT", "waste_kg_day_estimate": 2.5 }, "geometry": { "type": "Point", "coordinates": [ 77.643930366086778, 12.908162130384337 ] } },
{ "type": "Feature", "properties": { "area_sqm": 449.15536434008493, "class": "MEDIUM", "waste_kg_day_estimate": 1.2 }, "geometry": { "type": "Point", "coordinates": [ 77.645905685883989, 12.908419592600939 ] } },
{ "type": "Feature", "properties": { "area_sqm": 573.92074332344191, "class": "LARGE FLAT", "waste_kg_day_estimate": 2.5 }, "geometry": { "type": "Point", "coordinates": [ 77.64029053261838, 12.908255241368401 ] } },
{ "type": "Feature", "properties": { "area_sqm": 873.35765288349853, "class": "LARGE FLAT", "waste_kg_day_estimate": 2.5 }, "geometry": { "type": "Point", "coordinates": [ 77.629335410755587, 12.908170995732382 ] } },
{ "type": "Feature", "properties": { "area_sqm": 6787.2366166946167, "class": "LARGE FLAT", "waste_kg_day_estimate": 2.5 }, "geometry": { "type": "Point", "coordinates": [ 77.643984565338343, 12.907348427865344 ] } },
{ "type": "Feature", "properties": { "area_sqm": 1671.8560783769829, "class": "LARGE FLAT", "waste_kg_day_estimate": 2.5 }, "geometry": { "type": "Point", "coordinates": [ 77.629939579253232, 12.90815018314875 ] } },
{ "type": "Feature", "properties": { "area_sqm": 1172.7945624435552, "class": "LARGE FLAT", "waste_kg_day_estimate": 2.5 }, "geometry": { "type": "Point", "coordinates": [ 77.630648145637636, 12.908173551998383 ] } },
{ "type": "Feature", "properties": { "area_sqm": 2245.7768217004245, "class": "LARGE FLAT", "waste_kg_day_estimate": 2.5 }, "geometry": { "type": "Point", "coordinates": [ 77.639302591745647, 12.908010519033457 ] } },
{ "type": "Feature", "properties": { "area_sqm": 3643.1490663140221, "class": "LARGE FLAT", "waste_kg_day_estimate": 2.5 }, "geometry": { "type": "Point", "coordinates": [ 77.642802335869419, 12.907967037221143 ] } },
{ "type": "Feature", "properties": { "area_sqm": 499.0615159334277, "class": "MEDIUM", "waste_kg_day_estimate": 1.2 }, "geometry": { "type": "Point", "coordinates": [ 77.635959203901606, 12.908142237739876 ] } },
{ "type": "Feature", "properties": { "area_sqm": 973.16995607018407, "class": "LARGE FLAT", "waste_kg_day_estimate": 2.5 }, "geometry": { "type": "Point", "coordinates": [ 77.653565766206953, 12.908027877608991 ] } },
{ "type": "Feature", "properties": { "area_sqm": 623.82689491678457, "class": "LARGE FLAT", "waste_kg_day_estimate": 2.5 }, "geometry": { "type": "Point", "coordinates": [ 77.629041064225049, 12.908023243557547 ] } },
{ "type": "Feature", "properties": { "area_sqm": 474.10844013675631, "class": "MEDIUM", "waste_kg_day_estimate": 1.2 }, "geometry": { "type": "Point", "coordinates": [ 77.643449069628275, 12.908072310410729 ] } },
{ "type": "Feature", "properties": { "area_sqm": 449.15536434008493, "class": "MEDIUM", "waste_kg_day_estimate": 1.2 }, "geometry": { "type": "Point", "coordinates": [ 77.633836430267749, 12.9080070396714 ] } },
{ "type": "Feature", "properties": { "area_sqm": 449.15536434008493, "class": "MEDIUM", "waste_kg_day_estimate": 1.2 }, "geometry": { "type": "Point", "coordinates": [ 77.634125699822434, 12.908026921740294 ] } },
{ "type": "Feature", "properties": { "area_sqm": 598.87381912011324, "class": "LARGE FLAT", "waste_kg_day_estimate": 2.5 }, "geometry": { "type": "Point", "coordinates": [ 77.64635314972638, 12.908065443248775 ] } },
{ "type": "Feature", "properties": { "area_sqm": 1547.090699393626, "class": "LARGE FLAT", "waste_kg_day_estimate": 2.5 }, "geometry": { "type": "Point", "coordinates": [ 77.645381551446064, 12.907825054605318 ] } },
{ "type": "Feature", "properties": { "area_sqm": 1072.9822592568696, "class": "LARGE FLAT", "waste_kg_day_estimate": 2.5 }, "geometry": { "type": "Point", "coordinates": [ 77.651480131239211, 12.907919708839719 ] } },
{ "type": "Feature", "properties": { "area_sqm": 598.87381912011324, "class": "LARGE FLAT", "waste_kg_day_estimate": 2.5 }, "geometry": { "type": "Point", "coordinates": [ 77.641338067960319, 12.907944286891455 ] } },
{ "type": "Feature", "properties": { "area_sqm": 1023.0761076635267, "class": "LARGE FLAT", "waste_kg_day_estimate": 2.5 }, "geometry": { "type": "Point", "coordinates": [ 77.649166771752164, 12.907917146048934 ] } },
{ "type": "Feature", "properties": { "area_sqm": 623.82689491678457, "class": "LARGE FLAT", "waste_kg_day_estimate": 2.5 }, "geometry": { "type": "Point", "coordinates": [ 77.63485600213744, 12.907828200461703 ] } },
{ "type": "Feature", "properties": { "area_sqm": 449.15536434008493, "class": "MEDIUM", "waste_kg_day_estimate": 1.2 }, "geometry": { "type": "Point", "coordinates": [ 77.630163740028877, 12.907803248465243 ] } },
{ "type": "Feature", "properties": { "area_sqm": 399.24921274674216, "class": "MEDIUM", "waste_kg_day_estimate": 1.2 }, "geometry": { "type": "Point", "coordinates": [ 77.648520734313578, 12.907849225749558 ] } },
{ "type": "Feature", "properties": { "area_sqm": 449.15536434008493, "class": "MEDIUM", "waste_kg_day_estimate": 1.2 }, "geometry": { "type": "Point", "coordinates": [ 77.639828442471838, 12.907738631741339 ] } },
{ "type": "Feature", "properties": { "area_sqm": 449.15536434008493, "class": "MEDIUM", "waste_kg_day_estimate": 1.2 }, "geometry": { "type": "Point", "coordinates": [ 77.643428815322039, 12.907738631741339 ] } },
{ "type": "Feature", "properties": { "area_sqm": 474.10844013675631, "class": "MEDIUM", "waste_kg_day_estimate": 1.2 }, "geometry": { "type": "Point", "coordinates": [ 77.653586281926522, 12.907653217326947 ] } },
{ "type": "Feature", "properties": { "area_sqm": 1147.8414866468838, "class": "LARGE FLAT", "waste_kg_day_estimate": 2.5 }, "geometry": { "type": "Point", "coordinates": [ 77.641750917152009, 12.907528789470735 ] } },
{ "type": "Feature", "properties": { "area_sqm": 449.15536434008493, "class": "MEDIUM", "waste_kg_day_estimate": 1.2 }, "geometry": { "type": "Point", "coordinates": [ 77.648033883321986, 12.907594486741861 ] } },
{ "type": "Feature", "properties": { "area_sqm": 524.01459173009903, "class": "LARGE FLAT", "waste_kg_day_estimate": 2.5 }, "geometry": { "type": "Point", "coordinates": [ 77.631808222688576, 12.90762182458659 ] } },
{ "type": "Feature", "properties": { "area_sqm": 399.24921274674216, "class": "MEDIUM", "waste_kg_day_estimate": 1.2 }, "geometry": { "type": "Point", "coordinates": [ 77.637613076752842, 12.907575225987621 ] } },
{ "type": "Feature", "properties": { "area_sqm": 399.24921274674216, "class": "MEDIUM", "waste_kg_day_estimate": 1.2 }, "geometry": { "type": "Point", "coordinates": [ 77.643868853718288, 12.907580817819497 ] } },
{ "type": "Feature", "properties": { "area_sqm": 923.26380447684119, "class": "LARGE FLAT", "waste_kg_day_estimate": 2.5 }, "geometry": { "type": "Point", "coordinates": [ 77.648480212842415, 12.90755693918608 ] } },
{ "type": "Feature", "properties": { "area_sqm": 898.31072868016986, "class": "LARGE FLAT", "waste_kg_day_estimate": 2.5 }, "geometry": { "type": "Point", "coordinates": [ 77.651669123484595, 12.907493833768088 ] } },
{ "type": "Feature", "properties": { "area_sqm": 474.10844013675631, "class": "MEDIUM", "waste_kg_day_estimate": 1.2 }, "geometry": { "type": "Point", "coordinates": [ 77.646414626303496, 12.907481342073487 ] } },
{ "type": "Feature", "properties": { "area_sqm": 2595.119882853824, "class": "LARGE FLAT", "waste_kg_day_estimate": 2.5 }, "geometry": { "type": "Point", "coordinates": [ 77.630056257316596, 12.907408331313158 ] } },
{ "type": "Feature", "properties": { "area_sqm": 1347.4660930202549, "class": "LARGE FLAT", "waste_kg_day_estimate": 2.5 }, "geometry": { "type": "Point", "coordinates": [ 77.63368318627748, 12.907403950248298 ] } },
{ "type": "Feature", "properties": { "area_sqm": 948.21688027351263, "class": "LARGE FLAT", "waste_kg_day_estimate": 2.5 }, "geometry": { "type": "Point", "coordinates": [ 77.646845268196941, 12.907477810390196 ] } },
{ "type": "Feature", "properties": { "area_sqm": 823.45150129015565, "class": "LARGE FLAT", "waste_kg_day_estimate": 2.5 }, "geometry": { "type": "Point", "coordinates": [ 77.649020499124561, 12.907365617016985 ] } },
{ "type": "Feature", "properties": { "area_sqm": 424.20228854341354, "class": "MEDIUM", "waste_kg_day_estimate": 1.2 }, "geometry": { "type": "Point", "coordinates": [ 77.631067251605387, 12.907420957214093 ] } },
{ "type": "Feature", "properties": { "area_sqm": 399.24921274674216, "class": "MEDIUM", "waste_kg_day_estimate": 1.2 }, "geometry": { "type": "Point", "coordinates": [ 77.640219408354326, 12.907371124124136 ] } },
{ "type": "Feature", "properties": { "area_sqm": 2420.4483522771243, "class": "LARGE FLAT", "waste_kg_day_estimate": 2.5 }, "geometry": { "type": "Point", "coordinates": [ 77.632420303494413, 12.90714788320722 ] } },
{ "type": "Feature", "properties": { "area_sqm": 399.24921274674216, "class": "MEDIUM", "waste_kg_day_estimate": 1.2 }, "geometry": { "type": "Point", "coordinates": [ 77.634608676668194, 12.907362736376321 ] } },
{ "type": "Feature", "properties": { "area_sqm": 399.24921274674216, "class": "MEDIUM", "waste_kg_day_estimate": 1.2 }, "geometry": { "type": "Point", "coordinates": [ 77.652123689927663, 12.907393491451641 ] } },
{ "type": "Feature", "properties": { "area_sqm": 524.01459173009903, "class": "LARGE FLAT", "waste_kg_day_estimate": 2.5 }, "geometry": { "type": "Point", "coordinates": [ 77.631724098379308, 12.907315072666519 ] } },
{ "type": "Feature", "properties": { "area_sqm": 1397.3722446135976, "class": "LARGE FLAT", "waste_kg_day_estimate": 2.5 }, "geometry": { "type": "Point", "coordinates": [ 77.633164173726144, 12.907196579086284 ] } },
{ "type": "Feature", "properties": { "area_sqm": 524.01459173009903, "class": "LARGE FLAT", "waste_kg_day_estimate": 2.5 }, "geometry": { "type": "Point", "coordinates": [ 77.635598244200921, 12.907266077568174 ] } },
{ "type": "Feature", "properties": { "area_sqm": 374.29613695007077, "class": "MEDIUM", "waste_kg_day_estimate": 1.2 }, "geometry": { "type": "Point", "coordinates": [ 77.639908508152146, 12.907278858898177 ] } },
{ "type": "Feature", "properties": { "area_sqm": 798.49842549348432, "class": "LARGE FLAT", "waste_kg_day_estimate": 2.5 }, "geometry": { "type": "Point", "coordinates": [ 77.638622776007608, 12.907179603882373 ] } },
{ "type": "Feature", "properties": { "area_sqm": 474.10844013675631, "class": "MEDIUM", "waste_kg_day_estimate": 1.2 }, "geometry": { "type": "Point", "coordinates": [ 77.642555977065186, 12.907314175731081 ] } },
{ "type": "Feature", "properties": { "area_sqm": 449.15536434008493, "class": "MEDIUM", "waste_kg_day_estimate": 1.2 }, "geometry": { "type": "Point", "coordinates": [ 77.643914374931683, 12.907291285191235 ] } },
{ "type": "Feature", "properties": { "area_sqm": 573.92074332344191, "class": "LARGE FLAT", "waste_kg_day_estimate": 2.5 }, "geometry": { "type": "Point", "coordinates": [ 77.649804760991756, 12.907278858898177 ] } },
{ "type": "Feature", "properties": { "area_sqm": 573.92074332344191, "class": "LARGE FLAT", "waste_kg_day_estimate": 2.5 }, "geometry": { "type": "Point", "coordinates": [ 77.650200934512284, 12.907232179258166 ] } },
{ "type": "Feature", "properties": { "area_sqm": 573.92074332344191, "class": "LARGE FLAT", "waste_kg_day_estimate": 2.5 }, "geometry": { "type": "Point", "coordinates": [ 77.651015515781566, 12.907208839438161 ] } },
{ "type": "Feature", "properties": { "area_sqm": 1397.3722446135976, "class": "LARGE FLAT", "waste_kg_day_estimate": 2.5 }, "geometry": { "type": "Point", "coordinates": [ 77.63142910984746, 12.907075156451254 ] } },
{ "type": "Feature", "properties": { "area_sqm": 399.24921274674216, "class": "MEDIUM", "waste_kg_day_estimate": 1.2 }, "geometry": { "type": "Point", "coordinates": [ 77.653076729799778, 12.907242511990981 ] } },
{ "type": "Feature", "properties": { "area_sqm": 748.59227390014155, "class": "LARGE FLAT", "waste_kg_day_estimate": 2.5 }, "geometry": { "type": "Point", "coordinates": [ 77.651419370217297, 12.907064132554128 ] } },
{ "type": "Feature", "properties": { "area_sqm": 673.73304651012745, "class": "LARGE FLAT", "waste_kg_day_estimate": 2.5 }, "geometry": { "type": "Point", "coordinates": [ 77.629811623219751, 12.907046901427753 ] } },
{ "type": "Feature", "properties": { "area_sqm": 548.96766752677047, "class": "LARGE FLAT", "waste_kg_day_estimate": 2.5 }, "geometry": { "type": "Point", "coordinates": [ 77.637782658681317, 12.907122287605642 ] } },
{ "type": "Feature", "properties": { "area_sqm": 598.87381912011324, "class": "LARGE FLAT", "waste_kg_day_estimate": 2.5 }, "geometry": { "type": "Point", "coordinates": [ 77.639561772101118, 12.907094328446259 ] } },
{ "type": "Feature", "properties": { "area_sqm": 623.82689491678457, "class": "LARGE FLAT", "waste_kg_day_estimate": 2.5 }, "geometry": { "type": "Point", "coordinates": [ 77.640708131849735, 12.907184021429556 ] } },
{ "type": "Feature", "properties": { "area_sqm": 873.35765288349853, "class": "LARGE FLAT", "waste_kg_day_estimate": 2.5 }, "geometry": { "type": "Point", "coordinates": [ 77.630198791824398, 12.907030901096121 ] } },
{ "type": "Feature", "properties": { "area_sqm": 424.20228854341354, "class": "MEDIUM", "waste_kg_day_estimate": 1.2 }, "geometry": { "type": "Point", "coordinates": [ 77.633993371155356, 12.907084131576367 ] } },
{ "type": "Feature", "properties": { "area_sqm": 598.87381912011324, "class": "LARGE FLAT", "waste_kg_day_estimate": 2.5 }, "geometry": { "type": "Point", "coordinates": [ 77.641748727417408, 12.907040274071456 ] } },
{ "type": "Feature", "properties": { "area_sqm": 1372.4191688169262, "class": "LARGE FLAT", "waste_kg_day_estimate": 2.5 }, "geometry": { "type": "Point", "coordinates": [ 77.648179457286204, 12.907022651328573 ] } },
{ "type": "Feature", "properties": { "area_sqm": 1621.94992678364, "class": "LARGE FLAT", "waste_kg_day_estimate": 2.5 }, "geometry": { "type": "Point", "coordinates": [ 77.630796517179732, 12.906898270217859 ] } },
{ "type": "Feature", "properties": { "area_sqm": 723.63919810347011, "class": "LARGE FLAT", "waste_kg_day_estimate": 2.5 }, "geometry": { "type": "Point", "coordinates": [ 77.6425568207993, 12.906987312353454 ] } },
{ "type": "Feature", "properties": { "area_sqm": 723.63919810347011, "class": "LARGE FLAT", "waste_kg_day_estimate": 2.5 }, "geometry": { "type": "Point", "coordinates": [ 77.645641175238239, 12.906904013340677 ] } },
{ "type": "Feature", "properties": { "area_sqm": 798.49842549348432, "class": "LARGE FLAT", "waste_kg_day_estimate": 2.5 }, "geometry": { "type": "Point", "coordinates": [ 77.649512999912133, 12.906902808204498 ] } },
{ "type": "Feature", "properties": { "area_sqm": 399.24921274674216, "class": "MEDIUM", "waste_kg_day_estimate": 1.2 }, "geometry": { "type": "Point", "coordinates": [ 77.639187917029332, 12.90685387967558 ] } },
{ "type": "Feature", "properties": { "area_sqm": 1122.8884108502123, "class": "LARGE FLAT", "waste_kg_day_estimate": 2.5 }, "geometry": { "type": "Point", "coordinates": [ 77.648981241113574, 12.906703273003712 ] } },
{ "type": "Feature", "properties": { "area_sqm": 598.87381912011324, "class": "LARGE FLAT", "waste_kg_day_estimate": 2.5 }, "geometry": { "type": "Point", "coordinates": [ 77.650002595090342, 12.906784913749105 ] } },
{ "type": "Feature", "properties": { "area_sqm": 648.77997071345601, "class": "LARGE FLAT", "waste_kg_day_estimate": 2.5 }, "geometry": { "type": "Point", "coordinates": [ 77.643169942911499, 12.906674941055538 ] } },
{ "type": "Feature", "properties": { "area_sqm": 1372.4191688169262, "class": "LARGE FLAT", "waste_kg_day_estimate": 2.5 }, "geometry": { "type": "Point", "coordinates": [ 77.64535203522658, 12.906672094304765 ] } },
{ "type": "Feature", "properties": { "area_sqm": 823.45150129015565, "class": "LARGE FLAT", "waste_kg_day_estimate": 2.5 }, "geometry": { "type": "Point", "coordinates": [ 77.651419651973356, 12.906742043038054 ] } },
{ "type": "Feature", "properties": { "area_sqm": 4092.3044306541069, "class": "LARGE FLAT", "waste_kg_day_estimate": 2.5 }, "geometry": { "type": "Point", "coordinates": [ 77.642485004106234, 12.906332339063509 ] } },
{ "type": "Feature", "properties": { "area_sqm": 374.29613695007077, "class": "MEDIUM", "waste_kg_day_estimate": 1.2 }, "geometry": { "type": "Point", "coordinates": [ 77.646922261747576, 12.906673449900371 ] } },
{ "type": "Feature", "properties": { "area_sqm": 1572.0437751902973, "class": "LARGE FLAT", "waste_kg_day_estimate": 2.5 }, "geometry": { "type": "Point", "coordinates": [ 77.641691353162628, 12.90647576532966 ] } },
{ "type": "Feature", "properties": { "area_sqm": 1172.7945624435552, "class": "LARGE FLAT", "waste_kg_day_estimate": 2.5 }, "geometry": { "type": "Point", "coordinates": [ 77.640477265730212, 12.906633537704625 ] } },
{ "type": "Feature", "properties": { "area_sqm": 798.49842549348432, "class": "LARGE FLAT", "waste_kg_day_estimate": 2.5 }, "geometry": { "type": "Point", "coordinates": [ 77.644230602084377, 12.906465247360178 ] } },
{ "type": "Feature", "properties": { "area_sqm": 1272.6068656302407, "class": "LARGE FLAT", "waste_kg_day_estimate": 2.5 }, "geometry": { "type": "Point", "coordinates": [ 77.631641536750706, 12.90644995205534 ] } },
{ "type": "Feature", "properties": { "area_sqm": 499.0615159334277, "class": "MEDIUM", "waste_kg_day_estimate": 1.2 }, "geometry": { "type": "Point", "coordinates": [ 77.646161379508214, 12.906518369763003 ] } },
{ "type": "Feature", "properties": { "area_sqm": 524.01459173009903, "class": "LARGE FLAT", "waste_kg_day_estimate": 2.5 }, "geometry": { "type": "Point", "coordinates": [ 77.649848459431581, 12.906448072447986 ] } },
{ "type": "Feature", "properties": { "area_sqm": 2220.8237459037532, "class": "LARGE FLAT", "waste_kg_day_estimate": 2.5 }, "geometry": { "type": "Point", "coordinates": [ 77.632306650515048, 12.906163005705785 ] } },
{ "type": "Feature", "properties": { "area_sqm": 2071.1052911237248, "class": "LARGE FLAT", "waste_kg_day_estimate": 2.5 }, "geometry": { "type": "Point", "coordinates": [ 77.64734182707241, 12.906294696487951 ] } },
{ "type": "Feature", "properties": { "area_sqm": 1422.3253204102689, "class": "LARGE FLAT", "waste_kg_day_estimate": 2.5 }, "geometry": { "type": "Point", "coordinates": [ 77.640213546159998, 12.90631039285813 ] } },
{ "type": "Feature", "properties": { "area_sqm": 1821.574533157011, "class": "LARGE FLAT", "waste_kg_day_estimate": 2.5 }, "geometry": { "type": "Point", "coordinates": [ 77.64612221348608, 12.906257928278354 ] } },
{ "type": "Feature", "properties": { "area_sqm": 623.82689491678457, "class": "LARGE FLAT", "waste_kg_day_estimate": 2.5 }, "geometry": { "type": "Point", "coordinates": [ 77.646735063021481, 12.906325116053358 ] } },
{ "type": "Feature", "properties": { "area_sqm": 2545.2137312604814, "class": "LARGE FLAT", "waste_kg_day_estimate": 2.5 }, "geometry": { "type": "Point", "coordinates": [ 77.64945668236588, 12.90599076397891 ] } },
{ "type": "Feature", "properties": { "area_sqm": 499.0615159334277, "class": "MEDIUM", "waste_kg_day_estimate": 1.2 }, "geometry": { "type": "Point", "coordinates": [ 77.65053141599499, 12.906419953521979 ] } },
{ "type": "Feature", "properties": { "area_sqm": 673.73304651012745, "class": "LARGE FLAT", "waste_kg_day_estimate": 2.5 }, "geometry": { "type": "Point", "coordinates": [ 77.651179689729133, 12.906413988901312 ] } },
{ "type": "Feature", "properties": { "area_sqm": 449.15536434008493, "class": "MEDIUM", "waste_kg_day_estimate": 1.2 }, "geometry": { "type": "Point", "coordinates": [ 77.639012289085414, 12.906237535539882 ] } },
{ "type": "Feature", "properties": { "area_sqm": 698.68612230679878, "class": "LARGE FLAT", "waste_kg_day_estimate": 2.5 }, "geometry": { "type": "Point", "coordinates": [ 77.640853246283214, 12.906230789837936 ] } },
{ "type": "Feature", "properties": { "area_sqm": 548.96766752677047, "class": "LARGE FLAT", "waste_kg_day_estimate": 2.5 }, "geometry": { "type": "Point", "coordinates": [ 77.649766448292752, 12.906134058408595 ] } },
{ "type": "Feature", "properties": { "area_sqm": 1147.8414866468838, "class": "LARGE FLAT", "waste_kg_day_estimate": 2.5 }, "geometry": { "type": "Point", "coordinates": [ 77.650334339881454, 12.906151740090419 ] } },
{ "type": "Feature", "properties": { "area_sqm": 374.29613695007077, "class": "MEDIUM", "waste_kg_day_estimate": 1.2 }, "geometry": { "type": "Point", "coordinates": [ 77.631809993726662, 12.906139616350583 ] } },
{ "type": "Feature", "properties": { "area_sqm": 449.15536434008493, "class": "MEDIUM", "waste_kg_day_estimate": 1.2 }, "geometry": { "type": "Point", "coordinates": [ 77.643924705987217, 12.906103331574851 ] } },
{ "type": "Feature", "properties": { "area_sqm": 449.15536434008493, "class": "MEDIUM", "waste_kg_day_estimate": 1.2 }, "geometry": { "type": "Point", "coordinates": [ 77.644208810014135, 12.906043685368171 ] } },
{ "type": "Feature", "properties": { "area_sqm": 4566.4128707908631, "class": "LARGE FLAT", "waste_kg_day_estimate": 2.5 }, "geometry": { "type": "Point", "coordinates": [ 77.643187432750139, 12.9056368770528 ] } },
{ "type": "Feature", "properties": { "area_sqm": 1896.4337605470253, "class": "LARGE FLAT", "waste_kg_day_estimate": 2.5 }, "geometry": { "type": "Point", "coordinates": [ 77.640975937277204, 12.90579967221343 ] } },
{ "type": "Feature", "properties": { "area_sqm": 798.49842549348432, "class": "LARGE FLAT", "waste_kg_day_estimate": 2.5 }, "geometry": { "type": "Point", "coordinates": [ 77.646874706607619, 12.905936819247868 ] } },
{ "type": "Feature", "properties": { "area_sqm": 399.24921274674216, "class": "MEDIUM", "waste_kg_day_estimate": 1.2 }, "geometry": { "type": "Point", "coordinates": [ 77.650252477495826, 12.90590326825661 ] } },
{ "type": "Feature", "properties": { "area_sqm": 623.82689491678457, "class": "LARGE FLAT", "waste_kg_day_estimate": 2.5 }, "geometry": { "type": "Point", "coordinates": [ 77.650788969209202, 12.905850928710249 ] } },
{ "type": "Feature", "properties": { "area_sqm": 1122.8884108502123, "class": "LARGE FLAT", "waste_kg_day_estimate": 2.5 }, "geometry": { "type": "Point", "coordinates": [ 77.630602293335883, 12.905711157765928 ] } },
{ "type": "Feature", "properties": { "area_sqm": 1372.4191688169262, "class": "LARGE FLAT", "waste_kg_day_estimate": 2.5 }, "geometry": { "type": "Point", "coordinates": [ 77.6442345906936, 12.905531767280685 ] } },
{ "type": "Feature", "properties": { "area_sqm": 648.77997071345601, "class": "LARGE FLAT", "waste_kg_day_estimate": 2.5 }, "geometry": { "type": "Point", "coordinates": [ 77.647817129830131, 12.905785409646295 ] } },
{ "type": "Feature", "properties": { "area_sqm": 1946.3399121403681, "class": "LARGE FLAT", "waste_kg_day_estimate": 2.5 }, "geometry": { "type": "Point", "coordinates": [ 77.64839586761363, 12.905615073844526 ] } },
{ "type": "Feature", "properties": { "area_sqm": 4242.0228854341358, "class": "LARGE FLAT", "waste_kg_day_estimate": 2.5 }, "geometry": { "type": "Point", "coordinates": [ 77.645890918551686, 12.905373952029827 ] } },
{ "type": "Feature", "properties": { "area_sqm": 1696.8091541736542, "class": "LARGE FLAT", "waste_kg_day_estimate": 2.5 }, "geometry": { "type": "Point", "coordinates": [ 77.651223976533331, 12.905517760788435 ] } },
{ "type": "Feature", "properties": { "area_sqm": 1621.94992678364, "class": "LARGE FLAT", "waste_kg_day_estimate": 2.5 }, "geometry": { "type": "Point", "coordinates": [ 77.631562525212033, 12.905512872363463 ] } },
{ "type": "Feature", "properties": { "area_sqm": 2145.9645185137392, "class": "LARGE FLAT", "waste_kg_day_estimate": 2.5 }, "geometry": { "type": "Point", "coordinates": [ 77.632204183559196, 12.905451500258048 ] } },
{ "type": "Feature", "properties": { "area_sqm": 923.26380447684119, "class": "LARGE FLAT", "waste_kg_day_estimate": 2.5 }, "geometry": { "type": "Point", "coordinates": [ 77.645203313717204, 12.905377031537874 ] } },
{ "type": "Feature", "properties": { "area_sqm": 449.15536434008493, "class": "MEDIUM", "waste_kg_day_estimate": 1.2 }, "geometry": { "type": "Point", "coordinates": [ 77.646962036311351, 12.905551604163058 ] } },
{ "type": "Feature", "properties": { "area_sqm": 1397.3722446135976, "class": "LARGE FLAT", "waste_kg_day_estimate": 2.5 }, "geometry": { "type": "Point", "coordinates": [ 77.650657602458892, 12.905435152045253 ] } },
{ "type": "Feature", "properties": { "area_sqm": 449.15536434008493, "class": "MEDIUM", "waste_kg_day_estimate": 1.2 }, "geometry": { "type": "Point", "coordinates": [ 77.650262808551361, 12.905506869508047 ] } },
{ "type": "Feature", "properties": { "area_sqm": 1596.9968509869686, "class": "LARGE FLAT", "waste_kg_day_estimate": 2.5 }, "geometry": { "type": "Point", "coordinates": [ 77.648843256953228, 12.905305641224833 ] } },
{ "type": "Feature", "properties": { "area_sqm": 4316.8821128241498, "class": "LARGE FLAT", "waste_kg_day_estimate": 2.5 }, "geometry": { "type": "Point", "coordinates": [ 77.647139142253096, 12.904749928690082 ] } },
{ "type": "Feature", "properties": { "area_sqm": 948.21688027351263, "class": "LARGE FLAT", "waste_kg_day_estimate": 2.5 }, "geometry": { "type": "Point", "coordinates": [ 77.64939731078131, 12.905069202386223 ] } },
{ "type": "Feature", "properties": { "area_sqm": 524.01459173009903, "class": "LARGE FLAT", "waste_kg_day_estimate": 2.5 }, "geometry": { "type": "Point", "coordinates": [ 77.649746624741411, 12.905016563487656 ] } },
{ "type": "Feature", "properties": { "area_sqm": 1147.8414866468838, "class": "LARGE FLAT", "waste_kg_day_estimate": 2.5 }, "geometry": { "type": "Point", "coordinates": [ 77.63093800772279, 12.904956546807643 ] } },
{ "type": "Feature", "properties": { "area_sqm": 474.10844013675631, "class": "MEDIUM", "waste_kg_day_estimate": 1.2 }, "geometry": { "type": "Point", "coordinates": [ 77.643855243232309, 12.90499974594818 ] } },
{ "type": "Feature", "properties": { "area_sqm": 6737.3304651012741, "class": "LARGE FLAT", "waste_kg_day_estimate": 2.5 }, "geometry": { "type": "Point", "coordinates": [ 77.648504807269646, 12.904337472489297 ] } },
{ "type": "Feature", "properties": { "area_sqm": 474.10844013675631, "class": "MEDIUM", "waste_kg_day_estimate": 1.2 }, "geometry": { "type": "Point", "coordinates": [ 77.646585904329299, 12.904957365748697 ] } },
{ "type": "Feature", "properties": { "area_sqm": 823.45150129015565, "class": "LARGE FLAT", "waste_kg_day_estimate": 2.5 }, "geometry": { "type": "Point", "coordinates": [ 77.644792749447973, 12.904865898718834 ] } },
{ "type": "Feature", "properties": { "area_sqm": 3618.1959905173508, "class": "LARGE FLAT", "waste_kg_day_estimate": 2.5 }, "geometry": { "type": "Point", "coordinates": [ 77.648792218421804, 12.904747802969181 ] } },
{ "type": "Feature", "properties": { "area_sqm": 898.31072868016986, "class": "LARGE FLAT", "waste_kg_day_estimate": 2.5 }, "geometry": { "type": "Point", "coordinates": [ 77.645134730865493, 12.904743895114262 ] } },
{ "type": "Feature", "properties": { "area_sqm": 648.77997071345601, "class": "LARGE FLAT", "waste_kg_day_estimate": 2.5 }, "geometry": { "type": "Point", "coordinates": [ 77.647625806628781, 12.904768556526639 ] } },
{ "type": "Feature", "properties": { "area_sqm": 499.0615159334277, "class": "MEDIUM", "waste_kg_day_estimate": 1.2 }, "geometry": { "type": "Point", "coordinates": [ 77.649369172248498, 12.904675301976578 ] } },
{ "type": "Feature", "properties": { "area_sqm": 1746.7153057669971, "class": "LARGE FLAT", "waste_kg_day_estimate": 2.5 }, "geometry": { "type": "Point", "coordinates": [ 77.632237035286096, 12.90446377096503 ] } },
{ "type": "Feature", "properties": { "area_sqm": 548.96766752677047, "class": "LARGE FLAT", "waste_kg_day_estimate": 2.5 }, "geometry": { "type": "Point", "coordinates": [ 77.64660725847277, 12.904560211909597 ] } },
{ "type": "Feature", "properties": { "area_sqm": 1222.7007140368978, "class": "LARGE FLAT", "waste_kg_day_estimate": 2.5 }, "geometry": { "type": "Point", "coordinates": [ 77.649342132291949, 12.904119131531022 ] } },
{ "type": "Feature", "properties": { "area_sqm": 2919.5098682105522, "class": "LARGE FLAT", "waste_kg_day_estimate": 2.5 }, "geometry": { "type": "Point", "coordinates": [ 77.650205391723532, 12.903809437876268 ] } },
{ "type": "Feature", "properties": { "area_sqm": 648.77997071345601, "class": "LARGE FLAT", "waste_kg_day_estimate": 2.5 }, "geometry": { "type": "Point", "coordinates": [ 77.631692338898176, 12.903829128771422 ] } },
{ "type": "Feature", "properties": { "area_sqm": 424.20228854341354, "class": "MEDIUM", "waste_kg_day_estimate": 1.2 }, "geometry": { "type": "Point", "coordinates": [ 77.649857314622025, 12.903342209257271 ] } },
{ "type": "Feature", "properties": { "area_sqm": 2046.1522153270535, "class": "LARGE FLAT", "waste_kg_day_estimate": 2.5 }, "geometry": { "type": "Point", "coordinates": [ 77.649145227721746, 12.903178000340709 ] } },
{ "type": "Feature", "properties": { "area_sqm": 773.54534969681299, "class": "LARGE FLAT", "waste_kg_day_estimate": 2.5 }, "geometry": { "type": "Point", "coordinates": [ 77.651159027618093, 12.902564403481447 ] } },
{ "type": "Feature", "properties": { "area_sqm": 598.87381912011324, "class": "LARGE FLAT", "waste_kg_day_estimate": 2.5 }, "geometry": { "type": "Point", "coordinates": [ 77.649307185915362, 12.902315176135994 ] } },
{ "type": "Feature", "properties": { "area_sqm": 873.35765288349853, "class": "LARGE FLAT", "waste_kg_day_estimate": 2.5 }, "geometry": { "type": "Point", "coordinates": [ 77.653504767568123, 12.901744543006904 ] } },
{ "type": "Feature", "properties": { "area_sqm": 1347.4660930202549, "class": "LARGE FLAT", "waste_kg_day_estimate": 2.5 }, "geometry": { "type": "Point", "coordinates": [ 77.652904976001693, 12.901725962740141 ] } },
{ "type": "Feature", "properties": { "area_sqm": 524.01459173009903, "class": "LARGE FLAT", "waste_kg_day_estimate": 2.5 }, "geometry": { "type": "Point", "coordinates": [ 77.651298496867668, 12.901667855026886 ] } },
{ "type": "Feature", "properties": { "area_sqm": 773.54534969681299, "class": "LARGE FLAT", "waste_kg_day_estimate": 2.5 }, "geometry": { "type": "Point", "coordinates": [ 77.652334768388712, 12.901448923212966 ] } },
{ "type": "Feature", "properties": { "area_sqm": 698.68612230679878, "class": "LARGE FLAT", "waste_kg_day_estimate": 2.5 }, "geometry": { "type": "Point", "coordinates": [ 77.650386965700775, 12.901324356783057 ] } },
{ "type": "Feature", "properties": { "area_sqm": 648.77997071345601, "class": "LARGE FLAT", "waste_kg_day_estimate": 2.5 }, "geometry": { "type": "Point", "coordinates": [ 77.652215775393728, 12.90117946074389 ] } },
{ "type": "Feature", "properties": { "area_sqm": 10979.35335053541, "class": "LARGE FLAT", "waste_kg_day_estimate": 2.5 }, "geometry": { "type": "Point", "coordinates": [ 77.650661375977549, 12.900174487334191 ] } },
{ "type": "Feature", "properties": { "area_sqm": 9357.4034237517699, "class": "LARGE FLAT", "waste_kg_day_estimate": 2.5 }, "geometry": { "type": "Point", "coordinates": [ 77.653039321047729, 12.900632482087783 ] } },
{ "type": "Feature", "properties": { "area_sqm": 773.54534969681299, "class": "LARGE FLAT", "waste_kg_day_estimate": 2.5 }, "geometry": { "type": "Point", "coordinates": [ 77.649098481930778, 12.900987146128989 ] } },
{ "type": "Feature", "properties": { "area_sqm": 1771.6683815636684, "class": "LARGE FLAT", "waste_kg_day_estimate": 2.5 }, "geometry": { "type": "Point", "coordinates": [ 77.651566958803471, 12.900869201920436 ] } },
{ "type": "Feature", "properties": { "area_sqm": 424.20228854341354, "class": "MEDIUM", "waste_kg_day_estimate": 1.2 }, "geometry": { "type": "Point", "coordinates": [ 77.650073355224308, 12.900905486284358 ] } },
{ "type": "Feature", "properties": { "area_sqm": 898.31072868016986, "class": "LARGE FLAT", "waste_kg_day_estimate": 2.5 }, "geometry": { "type": "Point", "coordinates": [ 77.650448767550785, 12.90087186219726 ] } },
{ "type": "Feature", "properties": { "area_sqm": 6013.6912669978037, "class": "LARGE FLAT", "waste_kg_day_estimate": 2.5 }, "geometry": { "type": "Point", "coordinates": [ 77.649463598524676, 12.900403272357778 ] } },
{ "type": "Feature", "properties": { "area_sqm": 374.29613695007077, "class": "MEDIUM", "waste_kg_day_estimate": 1.2 }, "geometry": { "type": "Point", "coordinates": [ 77.655271820822293, 12.900887767852375 ] } },
{ "type": "Feature", "properties": { "area_sqm": 673.73304651012745, "class": "LARGE FLAT", "waste_kg_day_estimate": 2.5 }, "geometry": { "type": "Point", "coordinates": [ 77.656271178260013, 12.900762510818346 ] } },
{ "type": "Feature", "properties": { "area_sqm": 923.26380447684119, "class": "LARGE FLAT", "waste_kg_day_estimate": 2.5 }, "geometry": { "type": "Point", "coordinates": [ 77.654419592506855, 12.900575914915015 ] } },
{ "type": "Feature", "properties": { "area_sqm": 2320.636049090439, "class": "LARGE FLAT", "waste_kg_day_estimate": 2.5 }, "geometry": { "type": "Point", "coordinates": [ 77.652499732017247, 12.900452254340049 ] } },
{ "type": "Feature", "properties": { "area_sqm": 449.15536434008493, "class": "MEDIUM", "waste_kg_day_estimate": 1.2 }, "geometry": { "type": "Point", "coordinates": [ 77.648746726153163, 12.900344987371582 ] } },
{ "type": "Feature", "properties": { "area_sqm": 1147.8414866468838, "class": "LARGE FLAT", "waste_kg_day_estimate": 2.5 }, "geometry": { "type": "Point", "coordinates": [ 77.651553179845152, 12.900220508331554 ] } },
{ "type": "Feature", "properties": { "area_sqm": 8958.1542110050268, "class": "LARGE FLAT", "waste_kg_day_estimate": 2.5 }, "geometry": { "type": "Point", "coordinates": [ 77.652169629311402, 12.899698141705404 ] } },
{ "type": "Feature", "properties": { "area_sqm": 848.40457708682709, "class": "LARGE FLAT", "waste_kg_day_estimate": 2.5 }, "geometry": { "type": "Point", "coordinates": [ 77.654112494079726, 12.90015157577492 ] } },
{ "type": "Feature", "properties": { "area_sqm": 698.68612230679878, "class": "LARGE FLAT", "waste_kg_day_estimate": 2.5 }, "geometry": { "type": "Point", "coordinates": [ 77.654879867955032, 12.900038235451513 ] } },
{ "type": "Feature", "properties": { "area_sqm": 548.96766752677047, "class": "LARGE FLAT", "waste_kg_day_estimate": 2.5 }, "geometry": { "type": "Point", "coordinates": [ 77.651530945616955, 12.899863073133517 ] } },
{ "type": "Feature", "properties": { "area_sqm": 723.63919810347011, "class": "LARGE FLAT", "waste_kg_day_estimate": 2.5 }, "geometry": { "type": "Point", "coordinates": [ 77.648957978426481, 12.8997418408161 ] } },
{ "type": "Feature", "properties": { "area_sqm": 2295.6829732937676, "class": "LARGE FLAT", "waste_kg_day_estimate": 2.5 }, "geometry": { "type": "Point", "coordinates": [ 77.653794288982382, 12.899541222320147 ] } },
{ "type": "Feature", "properties": { "area_sqm": 1197.7476382402265, "class": "LARGE FLAT", "waste_kg_day_estimate": 2.5 }, "geometry": { "type": "Point", "coordinates": [ 77.653214261976444, 12.899484777234614 ] } },
{ "type": "Feature", "properties": { "area_sqm": 748.59227390014155, "class": "LARGE FLAT", "waste_kg_day_estimate": 2.5 }, "geometry": { "type": "Point", "coordinates": [ 77.655570904879724, 12.899580024770907 ] } },
{ "type": "Feature", "properties": { "area_sqm": 1447.2783962069402, "class": "LARGE FLAT", "waste_kg_day_estimate": 2.5 }, "geometry": { "type": "Point", "coordinates": [ 77.651349795901993, 12.899413272487919 ] } },
{ "type": "Feature", "properties": { "area_sqm": 648.77997071345601, "class": "LARGE FLAT", "waste_kg_day_estimate": 2.5 }, "geometry": { "type": "Point", "coordinates": [ 77.653932320003918, 12.899080373085715 ] } },
{ "type": "Feature", "properties": { "area_sqm": 848.40457708682709, "class": "LARGE FLAT", "waste_kg_day_estimate": 2.5 }, "geometry": { "type": "Point", "coordinates": [ 77.653054168597635, 12.89902005214819 ] } },
{ "type": "Feature", "properties": { "area_sqm": 3268.8529293639513, "class": "LARGE FLAT", "waste_kg_day_estimate": 2.5 }, "geometry": { "type": "Point", "coordinates": [ 77.655016967089225, 12.898699366741853 ] } },
{ "type": "Feature", "properties": { "area_sqm": 698.68612230679878, "class": "LARGE FLAT", "waste_kg_day_estimate": 2.5 }, "geometry": { "type": "Point", "coordinates": [ 77.652586927078048, 12.899006143053775 ] } },
{ "type": "Feature", "properties": { "area_sqm": 823.45150129015565, "class": "LARGE FLAT", "waste_kg_day_estimate": 2.5 }, "geometry": { "type": "Point", "coordinates": [ 77.654418945229423, 12.898790119211073 ] } },
{ "type": "Feature", "properties": { "area_sqm": 524.01459173009903, "class": "LARGE FLAT", "waste_kg_day_estimate": 2.5 }, "geometry": { "type": "Point", "coordinates": [ 77.655500284735894, 12.898800576662895 ] } },
{ "type": "Feature", "properties": { "area_sqm": 399.24921274674216, "class": "MEDIUM", "waste_kg_day_estimate": 1.2 }, "geometry": { "type": "Point", "coordinates": [ 77.651670414866544, 12.898712172463707 ] } },
{ "type": "Feature", "properties": { "area_sqm": 1871.4806847503539, "class": "LARGE FLAT", "waste_kg_day_estimate": 2.5 }, "geometry": { "type": "Point", "coordinates": [ 77.653552939804172, 12.898304490641047 ] } },
{ "type": "Feature", "properties": { "area_sqm": 798.49842549348432, "class": "LARGE FLAT", "waste_kg_day_estimate": 2.5 }, "geometry": { "type": "Point", "coordinates": [ 77.654327594631923, 12.898359887055502 ] } }
]
}
